-0.0019998550415039062,0.023000001907348633,0.02499985694885254
0.0,0.023000001907348633,0.023000001907348633
0.0,0.023000001907348633,0.023000001907348633
0.0,0.06200003623962402,0.06200003623962402
0.0,0.012000083923339844,0.012000083923339844
0.0,0.06200003623962402,0.06200003623962402
0.0,0.023000001907348633,0.023000001907348633
0.0,0.023000001907348633,0.023000001907348633
0.0009999275207519531,0.023000001907348633,0.02200007438659668
0.0009999275207519531,0.012000083923339844,0.01100015640258789
0.04999995231628418,0.07500004768371582,0.02500009536743164
0.051000118255615234,0.1119999885559082,0.06099987030029297
0.051000118255615234,0.07599997520446777,0.02499985694885254
0.051000118255615234,0.07500004768371582,0.023999929428100586
0.051000118255615234,0.07500004768371582,0.023999929428100586
0.051000118255615234,0.06200003623962402,0.010999917984008789
0.051000118255615234,0.07500004768371582,0.023999929428100586
0.051000118255615234,0.07500004768371582,0.023999929428100586
0.051000118255615234,0.1119999885559082,0.06099987030029297
0.051000118255615234,0.06200003623962402,0.010999917984008789
0.10000014305114746,0.1119999885559082,0.011999845504760742
0.10100007057189941,0.125,0.023999929428100586
0.10100007057189941,0.1119999885559082,0.010999917984008789
0.10100007057189941,0.125,0.023999929428100586
0.10100007057189941,0.125,0.023999929428100586
0.10100007057189941,0.125,0.023999929428100586
0.10199999809265137,0.1640000343322754,0.06200003623962402
0.10199999809265137,0.125,0.023000001907348633
0.10199999809265137,0.1119999885559082,0.009999990463256836
0.10199999809265137,0.125,0.023000001907348633
0.15000009536743164,0.16499996185302734,0.014999866485595703
0.15000009536743164,0.2090001106262207,0.05900001525878906
0.15000009536743164,0.21000003814697266,0.059999942779541016
0.15000009536743164,0.21000003814697266,0.059999942779541016
0.15000009536743164,0.2090001106262207,0.05900001525878906
0.1510000228881836,0.1640000343322754,0.013000011444091797
0.1510000228881836,0.2090001106262207,0.05800008773803711
0.1510000228881836,0.1640000343322754,0.013000011444091797
0.1510000228881836,0.16499996185302734,0.01399993896484375
0.1530001163482666,0.2090001106262207,0.0559999942779541
0.20000004768371582,0.2610001564025879,0.06100010871887207
0.20200014114379883,0.21500015258789062,0.013000011444091797
0.20200014114379883,0.21500015258789062,0.013000011444091797
0.20200014114379883,0.25999999046325684,0.05799984931945801
0.20200014114379883,0.25999999046325684,0.05799984931945801
0.20200014114379883,0.21500015258789062,0.013000011444091797
0.20200014114379883,0.21500015258789062,0.013000011444091797
0.20200014114379883,0.25999999046325684,0.05799984931945801
0.20200014114379883,0.21000003814697266,0.007999897003173828
0.20200014114379883,0.21500015258789062,0.013000011444091797
0.25,0.31100010871887207,0.06100010871887207
0.25,0.2739999294281006,0.023999929428100586
0.25,0.2610001564025879,0.01100015640258789
0.252000093460083,0.2610001564025879,0.009000062942504883
0.252000093460083,0.2739999294281006,0.021999835968017578
0.252000093460083,0.27500009536743164,0.023000001907348633
0.252000093460083,0.31100010871887207,0.05900001525878906
0.252000093460083,0.2739999294281006,0.021999835968017578
0.252000093460083,0.27500009536743164,0.023000001907348633
0.252000093460083,0.309999942779541,0.05799984931945801
0.2999999523162842,0.3210000991821289,0.021000146865844727
0.2999999523162842,0.3710000514984131,0.0710000991821289
0.2999999523162842,0.31100010871887207,0.01100015640258789
0.2999999523162842,0.32200002670288086,0.02200007438659668
0.2999999523162842,0.3710000514984131,0.0710000991821289
0.2999999523162842,0.3210000991821289,0.021000146865844727
0.2999999523162842,0.3710000514984131,0.0710000991821289
0.3020000457763672,0.3210000991821289,0.01900005340576172
0.3020000457763672,0.3210000991821289,0.01900005340576172
0.3020000457763672,0.32200002670288086,0.019999980926513672
0.35000014305114746,0.3730001449584961,0.023000001907348633
0.35199999809265137,0.3710000514984131,0.01900005340576172
0.35199999809265137,0.37199997901916504,0.019999980926513672
0.35199999809265137,0.3730001449584961,0.021000146865844727
0.35199999809265137,0.3710000514984131,0.01900005340576172
0.35199999809265137,0.3730001449584961,0.021000146865844727
0.35199999809265137,0.3730001449584961,0.021000146865844727
0.3529999256134033,0.3730001449584961,0.020000219345092773
0.3529999256134033,0.3730001449584961,0.020000219345092773
0.3529999256134033,0.3730001449584961,0.020000219345092773
0.39800000190734863,0.4140000343322754,0.016000032424926758
0.4010000228881836,0.4140000343322754,0.013000011444091797
0.4010000228881836,0.4650001525878906,0.06400012969970703
0.40199995040893555,0.4140000343322754,0.012000083923339844
0.40199995040893555,0.4650001525878906,0.06300020217895508
0.40199995040893555,0.4650001525878906,0.06300020217895508
0.40199995040893555,0.4140000343322754,0.012000083923339844
0.40199995040893555,0.4650001525878906,0.06300020217895508
0.40199995040893555,0.4140000343322754,0.012000083923339844
0.4030001163482666,0.4650001525878906,0.06200003623962402
0.4500000476837158,0.5220000743865967,0.07200002670288086
0.4509999752044678,0.4760000705718994,0.02500009536743164
0.45200014114379883,0.5220000743865967,0.06999993324279785
0.45200014114379883,0.47500014305114746,0.023000001907348633
0.45200014114379883,0.4760000705718994,0.023999929428100586
0.45200014114379883,0.47500014305114746,0.023000001907348633
0.45200014114379883,0.5220000743865967,0.06999993324279785
0.45200014114379883,0.5220000743865967,0.06999993324279785
0.45200014114379883,0.5220000743865967,0.06999993324279785
0.45200014114379883,0.4760000705718994,0.023999929428100586
0.5,0.5220000743865967,0.02200007438659668
0.5,0.5690000057220459,0.0690000057220459
0.5,0.5690000057220459,0.0690000057220459
0.5,0.5690000057220459,0.0690000057220459
0.5,0.5220000743865967,0.02200007438659668
0.5,0.5699999332427979,0.06999993324279785
0.5,0.5699999332427979,0.06999993324279785
0.500999927520752,0.5220000743865967,0.021000146865844727
0.502000093460083,0.5699999332427979,0.06799983978271484
0.502000093460083,0.5220000743865967,0.019999980926513672
0.5490000247955322,0.5729999542236328,0.023999929428100586
0.5490000247955322,0.6159999370574951,0.06699991226196289
0.5499999523162842,0.5729999542236328,0.023000001907348633
0.5499999523162842,0.5729999542236328,0.023000001907348633
0.5499999523162842,0.5690000057220459,0.01900005340576172
0.5499999523162842,0.5729999542236328,0.023000001907348633
0.5510001182556152,0.5729999542236328,0.021999835968017578
0.5510001182556152,0.5729999542236328,0.021999835968017578
0.5520000457763672,0.5720000267028809,0.019999980926513672
0.5520000457763672,0.6159999370574951,0.06399989128112793
0.6000001430511475,0.6159999370574951,0.015999794006347656
0.6010000705718994,0.627000093460083,0.026000022888183594
0.6010000705718994,0.6679999828338623,0.06699991226196289
0.6010000705718994,0.6159999370574951,0.014999866485595703
0.6010000705718994,0.627000093460083,0.026000022888183594
0.6010000705718994,0.6670000553131104,0.06599998474121094
0.6019999980926514,0.6679999828338623,0.06599998474121094
0.6029999256134033,0.627000093460083,0.024000167846679688
0.6029999256134033,0.6679999828338623,0.06500005722045898
0.6029999256134033,0.627000093460083,0.024000167846679688
0.6500000953674316,0.6809999942779541,0.03099989891052246
0.6500000953674316,0.6809999942779541,0.03099989891052246
0.6500000953674316,0.7220001220703125,0.07200002670288086
0.6500000953674316,0.6809999942779541,0.03099989891052246
0.6500000953674316,0.7209999561309814,0.0709998607635498
0.6500000953674316,0.7209999561309814,0.0709998607635498
0.6510000228881836,0.6820001602172852,0.031000137329101562
0.6519999504089355,0.6820001602172852,0.03000020980834961
0.6530001163482666,0.7209999561309814,0.06799983978271484
0.6530001163482666,0.6809999942779541,0.0279998779296875
0.6979999542236328,0.7750000953674316,0.07700014114379883
0.7009999752044678,0.7209999561309814,0.019999980926513672
0.7009999752044678,0.7750000953674316,0.07400012016296387
0.7009999752044678,0.7209999561309814,0.019999980926513672
0.7020001411437988,0.7209999561309814,0.018999814987182617
0.7020001411437988,0.7750000953674316,0.07299995422363281
0.7020001411437988,0.7209999561309814,0.018999814987182617
0.7020001411437988,0.7739999294281006,0.07199978828430176
0.7020001411437988,0.7209999561309814,0.018999814987182617
0.7030000686645508,0.7209999561309814,0.017999887466430664
0.749000072479248,0.7780001163482666,0.029000043869018555
0.75,0.815000057220459,0.06500005722045898
0.75,0.815000057220459,0.06500005722045898
0.752000093460083,0.815000057220459,0.06299996376037598
0.752000093460083,0.7780001163482666,0.026000022888183594
0.752000093460083,0.815000057220459,0.06299996376037598
0.752000093460083,0.7780001163482666,0.026000022888183594
0.752000093460083,0.7780001163482666,0.026000022888183594
0.752000093460083,0.7750000953674316,0.023000001907348633
0.752000093460083,0.7760000228881836,0.023999929428100586
0.7980000972747803,0.815000057220459,0.01699995994567871
0.8010001182556152,0.8640000820159912,0.06299996376037598
0.8010001182556152,0.8640000820159912,0.06299996376037598
0.8010001182556152,0.8270001411437988,0.026000022888183594
0.8010001182556152,0.815000057220459,0.01399993896484375
0.8010001182556152,0.8640000820159912,0.06299996376037598
0.8010001182556152,0.8270001411437988,0.026000022888183594
0.8020000457763672,0.8270001411437988,0.02500009536743164
0.8020000457763672,0.8640000820159912,0.06200003623962402
0.8029999732971191,0.8640000820159912,0.06100010871887207
0.8500001430511475,0.9240000247955322,0.07399988174438477
0.8510000705718994,0.871999979019165,0.020999908447265625
0.8510000705718994,0.9230000972747803,0.07200002670288086
0.8510000705718994,0.871999979019165,0.020999908447265625
0.8519999980926514,0.9230000972747803,0.0710000991821289
0.8519999980926514,0.9230000972747803,0.0710000991821289
0.8519999980926514,0.871999979019165,0.019999980926513672
0.8519999980926514,0.8640000820159912,0.012000083923339844
0.8519999980926514,0.871999979019165,0.019999980926513672
0.8519999980926514,0.871999979019165,0.019999980926513672
0.9000000953674316,0.9279999732971191,0.0279998779296875
0.9010000228881836,0.9240000247955322,0.023000001907348633
0.9019999504089355,0.9279999732971191,0.026000022888183594
0.9019999504089355,0.9230000972747803,0.021000146865844727
0.9019999504089355,0.9279999732971191,0.026000022888183594
0.9019999504089355,0.9279999732971191,0.026000022888183594
0.9019999504089355,0.9279999732971191,0.026000022888183594
0.9019999504089355,0.9279999732971191,0.026000022888183594
0.9019999504089355,0.9230000972747803,0.021000146865844727
0.9019999504089355,0.9279999732971191,0.026000022888183594
0.9500000476837158,0.9739999771118164,0.023999929428100586
0.9500000476837158,0.9739999771118164,0.023999929428100586
0.9500000476837158,1.0099999904632568,0.059999942779541016
0.9500000476837158,0.9739999771118164,0.023999929428100586
0.9509999752044678,1.0099999904632568,0.05900001525878906
0.9509999752044678,0.9739999771118164,0.023000001907348633
0.9509999752044678,0.9739999771118164,0.023000001907348633
0.9509999752044678,1.0099999904632568,0.05900001525878906
0.9509999752044678,1.0099999904632568,0.05900001525878906
0.9509999752044678,1.0099999904632568,0.05900001525878906
0.9980001449584961,1.0230000019073486,0.02499985694885254
1.0,1.065000057220459,0.06500005722045898
1.0,1.0230000019073486,0.023000001907348633
1.0,1.064000129699707,0.06400012969970703
1.0,1.0220000743865967,0.02200007438659668
1.0,1.0230000019073486,0.023000001907348633
1.000999927520752,1.064000129699707,0.06300020217895508
1.000999927520752,1.0220000743865967,0.021000146865844727
1.000999927520752,1.0230000019073486,0.02200007438659668
1.000999927520752,1.064000129699707,0.06300020217895508
1.0499999523162842,1.11899995803833,0.0690000057220459
1.0499999523162842,1.11899995803833,0.0690000057220459
1.0499999523162842,1.0699999332427979,0.019999980926513672
1.0499999523162842,1.069000005722046,0.01900005340576172
1.0520000457763672,1.069000005722046,0.01699995994567871
1.0520000457763672,1.069000005722046,0.01699995994567871
1.0520000457763672,1.11899995803833,0.06699991226196289
1.0520000457763672,1.065000057220459,0.013000011444091797
1.0520000457763672,1.069000005722046,0.01699995994567871
1.0520000457763672,1.069000005722046,0.01699995994567871
1.1000001430511475,1.127000093460083,0.026999950408935547
1.1010000705718994,1.127000093460083,0.026000022888183594
1.1010000705718994,1.1200001239776611,0.01900005340576172
1.1019999980926514,1.11899995803833,0.01699995994567871
1.1019999980926514,1.1200001239776611,0.018000125885009766
1.1019999980926514,1.127000093460083,0.02500009536743164
1.1019999980926514,1.127000093460083,0.02500009536743164
1.1019999980926514,1.127000093460083,0.02500009536743164
1.1019999980926514,1.1619999408721924,0.059999942779541016
1.1029999256134033,1.1630001068115234,0.06000018119812012
1.1500000953674316,1.1630001068115234,0.013000011444091797
1.1510000228881836,1.1740000247955322,0.023000001907348633
1.1510000228881836,1.1630001068115234,0.012000083923339844
1.1519999504089355,1.2260000705718994,0.07400012016296387
1.1519999504089355,1.2260000705718994,0.07400012016296387
1.1519999504089355,1.1749999523162842,0.023000001907348633
1.1519999504089355,1.1749999523162842,0.023000001907348633
1.1519999504089355,1.1740000247955322,0.02200007438659668
1.1519999504089355,1.1749999523162842,0.023000001907348633
1.1530001163482666,1.1749999523162842,0.021999835968017578
1.2000000476837158,1.2730000019073486,0.07299995422363281
1.2000000476837158,1.2730000019073486,0.07299995422363281
1.2000000476837158,1.2260000705718994,0.026000022888183594
1.2009999752044678,1.2260000705718994,0.02500009536743164
1.2009999752044678,1.2260000705718994,0.02500009536743164
1.2020001411437988,1.2260000705718994,0.023999929428100586
1.2020001411437988,1.2730000019073486,0.0709998607635498
1.2020001411437988,1.2730000019073486,0.0709998607635498
1.2020001411437988,1.2730000019073486,0.0709998607635498
1.2030000686645508,1.2730000019073486,0.06999993324279785
1.25,1.2750000953674316,0.02500009536743164
1.250999927520752,1.317000150680542,0.06600022315979004
1.250999927520752,1.2730000019073486,0.02200007438659668
1.252000093460083,1.2750000953674316,0.023000001907348633
1.252000093460083,1.2750000953674316,0.023000001907348633
1.252000093460083,1.2750000953674316,0.023000001907348633
1.252000093460083,1.317000150680542,0.06500005722045898
1.252000093460083,1.2750000953674316,0.023000001907348633
1.252000093460083,1.317000150680542,0.06500005722045898
1.253000020980835,1.2730000019073486,0.019999980926513672
1.2980000972747803,1.3289999961853027,0.03099989891052246
1.3020000457763672,1.3880000114440918,0.08599996566772461
1.3020000457763672,1.3289999961853027,0.026999950408935547
1.3020000457763672,1.317000150680542,0.015000104904174805
1.3020000457763672,1.3289999961853027,0.026999950408935547
1.3020000457763672,1.3280000686645508,0.026000022888183594
1.3020000457763672,1.3289999961853027,0.026999950408935547
1.3020000457763672,1.3289999961853027,0.026999950408935547
1.3020000457763672,1.3880000114440918,0.08599996566772461
1.3020000457763672,1.3289999961853027,0.026999950408935547
1.3500001430511475,1.3919999599456787,0.04199981689453125
1.3519999980926514,1.3919999599456787,0.039999961853027344
1.3519999980926514,1.3919999599456787,0.039999961853027344
1.3519999980926514,1.3910000324249268,0.03900003433227539
1.3519999980926514,1.3910000324249268,0.03900003433227539
1.3519999980926514,1.3919999599456787,0.039999961853027344
1.3519999980926514,1.3919999599456787,0.039999961853027344
1.3519999980926514,1.3910000324249268,0.03900003433227539
1.3519999980926514,1.3910000324249268,0.03900003433227539
1.3519999980926514,1.3919999599456787,0.039999961853027344
1.3989999294281006,1.439000129699707,0.040000200271606445
1.4010000228881836,1.440000057220459,0.03900003433227539
1.4019999504089355,1.440000057220459,0.03800010681152344
1.4019999504089355,1.437999963760376,0.03600001335144043
1.4019999504089355,1.440000057220459,0.03800010681152344
1.4019999504089355,1.437999963760376,0.03600001335144043
1.4019999504089355,1.440000057220459,0.03800010681152344
1.4019999504089355,1.440000057220459,0.03800010681152344
1.4019999504089355,1.440999984741211,0.03900003433227539
1.4019999504089355,1.437999963760376,0.03600001335144043
1.4490001201629639,1.4779999256134033,0.028999805450439453
1.4500000476837158,1.4779999256134033,0.0279998779296875
1.4509999752044678,1.4779999256134033,0.026999950408935547
1.4509999752044678,1.5269999504089355,0.07599997520446777
1.4509999752044678,1.4779999256134033,0.026999950408935547
1.4509999752044678,1.5269999504089355,0.07599997520446777
1.4509999752044678,1.5269999504089355,0.07599997520446777
1.4509999752044678,1.4769999980926514,0.026000022888183594
1.4509999752044678,1.4769999980926514,0.026000022888183594
1.4520001411437988,1.4779999256134033,0.025999784469604492
1.498000144958496,1.5260000228881836,0.0279998779296875
1.502000093460083,1.5699999332427979,0.06799983978271484
1.502000093460083,1.5699999332427979,0.06799983978271484
1.502000093460083,1.5269999504089355,0.02499985694885254
1.502000093460083,1.5269999504089355,0.02499985694885254
1.502000093460083,1.569000005722046,0.06699991226196289
1.502000093460083,1.5269999504089355,0.02499985694885254
1.502000093460083,1.5260000228881836,0.023999929428100586
1.502000093460083,1.5699999332427979,0.06799983978271484
1.502000093460083,1.5699999332427979,0.06799983978271484
1.5480000972747803,1.5699999332427979,0.021999835968017578
1.5510001182556152,1.571000099182129,0.019999980926513672
1.5510001182556152,1.571000099182129,0.019999980926513672
1.5510001182556152,1.571000099182129,0.019999980926513672
1.5510001182556152,1.571000099182129,0.019999980926513672
1.5510001182556152,1.569000005722046,0.017999887466430664
1.5510001182556152,1.571000099182129,0.019999980926513672
1.5510001182556152,1.5699999332427979,0.018999814987182617
1.5520000457763672,1.571000099182129,0.01900005340576172
1.5529999732971191,1.571000099182129,0.018000125885009766
1.5980000495910645,1.628999948501587,0.03099989891052246
1.6000001430511475,1.683000087738037,0.08299994468688965
1.6000001430511475,1.6200001239776611,0.019999980926513672
1.6000001430511475,1.628999948501587,0.028999805450439453
1.6000001430511475,1.628999948501587,0.028999805450439453
1.6010000705718994,1.628999948501587,0.0279998779296875
1.6010000705718994,1.683000087738037,0.0820000171661377
1.6010000705718994,1.628999948501587,0.0279998779296875
1.6010000705718994,1.683000087738037,0.0820000171661377
1.6019999980926514,1.683000087738037,0.08100008964538574
1.6500000953674316,1.7179999351501465,0.06799983978271484
1.6500000953674316,1.683000087738037,0.03299999237060547
1.6500000953674316,1.683000087738037,0.03299999237060547
1.6500000953674316,1.684999942779541,0.034999847412109375
1.6500000953674316,1.684999942779541,0.034999847412109375
1.6500000953674316,1.684999942779541,0.034999847412109375
1.6530001163482666,1.683000087738037,0.029999971389770508
1.6530001163482666,1.684999942779541,0.031999826431274414
1.6530001163482666,1.684000015258789,0.03099989891052246
1.6530001163482666,1.684999942779541,0.031999826431274414
1.6990001201629639,1.7179999351501465,0.018999814987182617
1.7009999752044678,1.7179999351501465,0.01699995994567871
1.7009999752044678,1.7179999351501465,0.01699995994567871
1.7009999752044678,1.7699999809265137,0.0690000057220459
1.7009999752044678,1.7179999351501465,0.01699995994567871
1.7009999752044678,1.7710001468658447,0.07000017166137695
1.7009999752044678,1.7179999351501465,0.01699995994567871
1.7009999752044678,1.7179999351501465,0.01699995994567871
1.7009999752044678,1.7179999351501465,0.01699995994567871
1.7020001411437988,1.7710001468658447,0.0690000057220459
1.75,1.7710001468658447,0.021000146865844727
1.752000093460083,1.815000057220459,0.06299996376037598
1.752000093460083,1.815000057220459,0.06299996376037598
1.752000093460083,1.815000057220459,0.06299996376037598
1.752000093460083,1.815000057220459,0.06299996376037598
1.752000093460083,1.7710001468658447,0.01900005340576172
1.752000093460083,1.7810001373291016,0.029000043869018555
1.752000093460083,1.7810001373291016,0.029000043869018555
1.752000093460083,1.7699999809265137,0.017999887466430664
1.752000093460083,1.815000057220459,0.06299996376037598
1.7999999523162842,1.8250000476837158,0.02500009536743164
1.7999999523162842,1.871999979019165,0.07200002670288086
1.7999999523162842,1.8250000476837158,0.02500009536743164
1.7999999523162842,1.8250000476837158,0.02500009536743164
1.8020000457763672,1.871999979019165,0.06999993324279785
1.8020000457763672,1.8259999752044678,0.023999929428100586
1.8020000457763672,1.8259999752044678,0.023999929428100586
1.8020000457763672,1.871999979019165,0.06999993324279785
1.8020000457763672,1.8250000476837158,0.023000001907348633
1.8029999732971191,1.8250000476837158,0.02200007438659668
1.8500001430511475,1.9240000247955322,0.07399988174438477
1.8500001430511475,1.9240000247955322,0.07399988174438477
1.8500001430511475,1.9240000247955322,0.07399988174438477
1.8500001430511475,1.871000051498413,0.020999908447265625
1.8500001430511475,1.871999979019165,0.021999835968017578
1.8500001430511475,1.871999979019165,0.021999835968017578
1.8510000705718994,1.9240000247955322,0.07299995422363281
1.8510000705718994,1.871000051498413,0.019999980926513672
1.8510000705718994,1.9240000247955322,0.07299995422363281
1.8529999256134033,1.9240000247955322,0.0710000991821289
1.8989999294281006,1.9650001525878906,0.06600022315979004
1.9010000228881836,1.9650001525878906,0.06400012969970703
1.9010000228881836,1.9270000457763672,0.026000022888183594
1.9010000228881836,1.9270000457763672,0.026000022888183594
1.9010000228881836,1.9650001525878906,0.06400012969970703
1.9010000228881836,1.9240000247955322,0.023000001907348633
1.9010000228881836,1.9270000457763672,0.026000022888183594
1.9010000228881836,1.9270000457763672,0.026000022888183594
1.9019999504089355,1.9650001525878906,0.06300020217895508
1.9030001163482666,1.9270000457763672,0.023999929428100586
1.9490001201629639,1.9650001525878906,0.016000032424926758
1.9500000476837158,1.9779999256134033,0.0279998779296875
1.9509999752044678,2.01200008392334,0.06100010871887207
1.9509999752044678,1.9779999256134033,0.026999950408935547
1.9520001411437988,2.01200008392334,0.059999942779541016
1.9520001411437988,2.01200008392334,0.059999942779541016
1.9520001411437988,2.01200008392334,0.059999942779541016
1.9520001411437988,1.9779999256134033,0.025999784469604492
1.9520001411437988,2.01200008392334,0.059999942779541016
1.9520001411437988,1.9779999256134033,0.025999784469604492
2.0,2.067000150680542,0.06700015068054199
2.0,2.0210001468658447,0.021000146865844727
2.002000093460083,2.0210001468658447,0.01900005340576172
2.002000093460083,2.067000150680542,0.06500005722045898
2.002000093460083,2.0210001468658447,0.01900005340576172
2.002000093460083,2.0210001468658447,0.01900005340576172
2.002000093460083,2.01200008392334,0.009999990463256836
2.002000093460083,2.0210001468658447,0.01900005340576172
2.002000093460083,2.0210001468658447,0.01900005340576172
2.002000093460083,2.0210001468658447,0.01900005340576172
2.049999952316284,2.067000150680542,0.017000198364257812
2.052000045776367,2.067000150680542,0.015000104904174805
2.052000045776367,2.11899995803833,0.06699991226196289
2.052000045776367,2.067000150680542,0.015000104904174805
2.052000045776367,2.120000123977661,0.06800007820129395
2.052000045776367,2.120000123977661,0.06800007820129395
2.052000045776367,2.067000150680542,0.015000104904174805
2.052000045776367,2.067000150680542,0.015000104904174805
2.052000045776367,2.11899995803833,0.06699991226196289
2.052000045776367,2.11899995803833,0.06699991226196289
2.0989999771118164,2.11899995803833,0.019999980926513672
2.1019999980926514,2.130000114440918,0.0280001163482666
2.1019999980926514,2.1730000972747803,0.0710000991821289
2.1019999980926514,2.123000144958496,0.021000146865844727
2.1019999980926514,2.130000114440918,0.0280001163482666
2.1019999980926514,2.130000114440918,0.0280001163482666
2.1019999980926514,2.130000114440918,0.0280001163482666
2.1019999980926514,2.130000114440918,0.0280001163482666
2.1029999256134033,2.130000114440918,0.02700018882751465
2.1029999256134033,2.130000114440918,0.02700018882751465
2.1500000953674316,2.1730000972747803,0.023000001907348633
2.1500000953674316,2.171999931335449,0.021999835968017578
2.1500000953674316,2.2150001525878906,0.06500005722045898
2.1500000953674316,2.171999931335449,0.021999835968017578
2.1500000953674316,2.1730000972747803,0.023000001907348633
2.1500000953674316,2.2150001525878906,0.06500005722045898
2.1510000228881836,2.1730000972747803,0.02200007438659668
2.1510000228881836,2.2150001525878906,0.06400012969970703
2.1510000228881836,2.1730000972747803,0.02200007438659668
2.1519999504089355,2.2150001525878906,0.06300020217895508
2.200000047683716,2.2150001525878906,0.015000104904174805
2.200000047683716,2.2190001010894775,0.01900005340576172
2.200000047683716,2.2179999351501465,0.017999887466430664
2.200000047683716,2.2190001010894775,0.01900005340576172
2.2009999752044678,2.2179999351501465,0.01699995994567871
2.2009999752044678,2.2150001525878906,0.014000177383422852
2.2009999752044678,2.2150001525878906,0.014000177383422852
2.2009999752044678,2.2190001010894775,0.018000125885009766
2.2009999752044678,2.2190001010894775,0.018000125885009766
2.202000141143799,2.2190001010894775,0.01699995994567871
2.25,2.2639999389648438,0.01399993896484375
2.25,2.2639999389648438,0.01399993896484375
2.25,2.318000078201294,0.06800007820129395
2.25,2.2639999389648438,0.01399993896484375
2.250999927520752,2.318000078201294,0.06700015068054199
2.250999927520752,2.2639999389648438,0.013000011444091797
2.250999927520752,2.2639999389648438,0.013000011444091797
2.252000093460083,2.319000005722046,0.06699991226196289
2.252000093460083,2.2639999389648438,0.011999845504760742
2.252000093460083,2.2639999389648438,0.011999845504760742
2.2990000247955322,2.330000162124634,0.031000137329101562
2.3010001182556152,2.330000162124634,0.029000043869018555
2.3010001182556152,2.328000068664551,0.026999950408935547
2.302000045776367,2.328000068664551,0.026000022888183594
2.302000045776367,2.330000162124634,0.0280001163482666
2.302000045776367,2.330000162124634,0.0280001163482666
2.302000045776367,2.330000162124634,0.0280001163482666
2.302000045776367,2.328000068664551,0.026000022888183594
2.302000045776367,2.330000162124634,0.0280001163482666
2.302999973297119,2.330000162124634,0.02700018882751465
2.3489999771118164,2.370000123977661,0.021000146865844727
2.3519999980926514,2.370000123977661,0.018000125885009766
2.3519999980926514,2.4190001487731934,0.06700015068054199
2.3519999980926514,2.4190001487731934,0.06700015068054199
2.3519999980926514,2.370000123977661,0.018000125885009766
2.3519999980926514,2.370000123977661,0.018000125885009766
2.3519999980926514,2.4179999828338623,0.06599998474121094
2.3519999980926514,2.370000123977661,0.018000125885009766
2.3519999980926514,2.370000123977661,0.018000125885009766
2.3519999980926514,2.370000123977661,0.018000125885009766
2.3989999294281006,2.4660000801086426,0.06700015068054199
2.4010000228881836,2.4179999828338623,0.01699995994567871
2.4010000228881836,2.4660000801086426,0.06500005722045898
2.4010000228881836,2.4190001487731934,0.018000125885009766
2.4019999504089355,2.4660000801086426,0.06400012969970703
2.4019999504089355,2.4660000801086426,0.06400012969970703
2.4019999504089355,2.4179999828338623,0.016000032424926758
2.4019999504089355,2.4190001487731934,0.017000198364257812
2.4030001163482666,2.4660000801086426,0.06299996376037598
2.4030001163482666,2.4660000801086426,0.06299996376037598
2.449000120162964,2.4660000801086426,0.01699995994567871
2.450000047683716,2.5139999389648438,0.06399989128112793
2.450000047683716,2.5139999389648438,0.06399989128112793
2.4509999752044678,2.5139999389648438,0.06299996376037598
2.4509999752044678,2.4679999351501465,0.01699995994567871
2.4509999752044678,2.4679999351501465,0.01699995994567871
2.4509999752044678,2.4679999351501465,0.01699995994567871
2.4509999752044678,2.5139999389648438,0.06299996376037598
2.453000068664551,2.4679999351501465,0.014999866485595703
2.453000068664551,2.5139999389648438,0.06099987030029297
2.499000072479248,2.571000099182129,0.07200002670288086
2.500999927520752,2.5260000228881836,0.02500009536743164
2.500999927520752,2.571000099182129,0.07000017166137695
2.500999927520752,2.5260000228881836,0.02500009536743164
2.502000093460083,2.571000099182129,0.0690000057220459
2.502000093460083,2.5260000228881836,0.023999929428100586
2.502000093460083,2.5260000228881836,0.023999929428100586
2.502000093460083,2.5260000228881836,0.023999929428100586
2.502000093460083,2.571000099182129,0.0690000057220459
2.502000093460083,2.5260000228881836,0.023999929428100586
2.549999952316284,2.571000099182129,0.021000146865844727
2.549999952316284,2.572999954223633,0.023000001907348633
2.549999952316284,2.572999954223633,0.023000001907348633
2.549999952316284,2.572999954223633,0.023000001907348633
2.549999952316284,2.571000099182129,0.021000146865844727
2.5510001182556152,2.571000099182129,0.019999980926513672
2.5510001182556152,2.572999954223633,0.021999835968017578
2.552999973297119,2.572999954223633,0.019999980926513672
2.552999973297119,2.572999954223633,0.019999980926513672
2.552999973297119,2.572999954223633,0.019999980926513672
2.5970001220703125,2.6679999828338623,0.0709998607635498
2.6000001430511475,2.6679999828338623,0.06799983978271484
2.6000001430511475,2.6679999828338623,0.06799983978271484
2.6000001430511475,2.615000009536743,0.014999866485595703
2.6000001430511475,2.615000009536743,0.014999866485595703
2.6000001430511475,2.615000009536743,0.014999866485595703
2.6000001430511475,2.615000009536743,0.014999866485595703
2.6000001430511475,2.615000009536743,0.014999866485595703
2.6010000705718994,2.615000009536743,0.01399993896484375
2.6010000705718994,2.615000009536743,0.01399993896484375
2.6500000953674316,2.7250001430511475,0.07500004768371582
2.6500000953674316,2.67900013923645,0.029000043869018555
2.6510000228881836,2.7260000705718994,0.07500004768371582
2.6510000228881836,2.680000066757202,0.029000043869018555
2.6510000228881836,2.7250001430511475,0.07400012016296387
2.6510000228881836,2.7250001430511475,0.07400012016296387
2.6510000228881836,2.7250001430511475,0.07400012016296387
2.6510000228881836,2.67900013923645,0.0280001163482666
2.6519999504089355,2.7250001430511475,0.07300019264221191
2.6530001163482666,2.67900013923645,0.026000022888183594
2.700000047683716,2.7279999256134033,0.0279998779296875
2.700000047683716,2.7269999980926514,0.026999950408935547
2.7009999752044678,2.7269999980926514,0.026000022888183594
2.702000141143799,2.7250001430511475,0.023000001907348633
2.702000141143799,2.7269999980926514,0.02499985694885254
2.702000141143799,2.7260000705718994,0.023999929428100586
2.702000141143799,2.7269999980926514,0.02499985694885254
2.702000141143799,2.7279999256134033,0.025999784469604492
2.702000141143799,2.7269999980926514,0.02499985694885254
2.703000068664551,2.7269999980926514,0.023999929428100586
2.75,2.7680001258850098,0.018000125885009766
2.75,2.7669999599456787,0.01699995994567871
2.75,2.7680001258850098,0.018000125885009766
2.752000093460083,2.7680001258850098,0.016000032424926758
2.752000093460083,2.7669999599456787,0.014999866485595703
2.752000093460083,2.818000078201294,0.06599998474121094
2.752000093460083,2.817000150680542,0.06500005722045898
2.752000093460083,2.817000150680542,0.06500005722045898
2.752000093460083,2.7680001258850098,0.016000032424926758
2.753000020980835,2.7680001258850098,0.015000104904174805
2.799999952316284,2.818000078201294,0.018000125885009766
2.799999952316284,2.818000078201294,0.018000125885009766
2.799999952316284,2.818000078201294,0.018000125885009766
2.802000045776367,2.830000162124634,0.0280001163482666
2.802000045776367,2.8589999675750732,0.056999921798706055
2.802000045776367,2.8589999675750732,0.056999921798706055
2.802000045776367,2.8589999675750732,0.056999921798706055
2.802000045776367,2.8589999675750732,0.056999921798706055
2.802000045776367,2.8589999675750732,0.056999921798706055
2.802000045776367,2.830000162124634,0.0280001163482666
2.8500001430511475,2.880000114440918,0.029999971389770508
2.8500001430511475,2.880000114440918,0.029999971389770508
2.8500001430511475,2.880000114440918,0.029999971389770508
2.8510000705718994,2.9230000972747803,0.07200002670288086
2.8510000705718994,2.880000114440918,0.029000043869018555
2.8519999980926514,2.880000114440918,0.0280001163482666
2.8519999980926514,2.9240000247955322,0.07200002670288086
2.8519999980926514,2.9230000972747803,0.0710000991821289
2.8519999980926514,2.880000114440918,0.0280001163482666
2.8529999256134033,2.880000114440918,0.02700018882751465
2.9000000953674316,2.9660000801086426,0.06599998474121094
2.9000000953674316,2.9660000801086426,0.06599998474121094
2.9000000953674316,2.9660000801086426,0.06599998474121094
2.9000000953674316,2.9240000247955322,0.023999929428100586
2.9000000953674316,2.9240000247955322,0.023999929428100586
2.9000000953674316,2.9230000972747803,0.023000001907348633
2.9000000953674316,2.9650001525878906,0.06500005722045898
2.9010000228881836,2.9230000972747803,0.02200007438659668
2.9030001163482666,2.9230000972747803,0.019999980926513672
2.9030001163482666,2.9240000247955322,0.020999908447265625
2.950000047683716,2.9679999351501465,0.017999887466430664
2.950000047683716,2.9679999351501465,0.017999887466430664
2.9509999752044678,2.9679999351501465,0.01699995994567871
2.952000141143799,2.9679999351501465,0.015999794006347656
2.952000141143799,2.9679999351501465,0.015999794006347656
2.952000141143799,2.9650001525878906,0.013000011444091797
2.952000141143799,2.9650001525878906,0.013000011444091797
2.952000141143799,2.9679999351501465,0.015999794006347656
2.953000068664551,2.9660000801086426,0.013000011444091797
2.953000068664551,2.9670000076293945,0.01399993896484375
2.998000144958496,3.015000104904175,0.01699995994567871
3.0,3.0299999713897705,0.029999971389770508
3.0,3.0299999713897705,0.029999971389770508
3.000999927520752,3.0299999713897705,0.029000043869018555
3.003000020980835,3.0850000381469727,0.0820000171661377
3.003000020980835,3.0850000381469727,0.0820000171661377
3.003000020980835,3.0299999713897705,0.026999950408935547
3.003000020980835,3.0850000381469727,0.0820000171661377
3.003000020980835,3.0850000381469727,0.0820000171661377
3.006999969482422,3.0299999713897705,0.023000001907348633
3.0490000247955322,3.0870001316070557,0.03800010681152344
3.0510001182556152,3.118000030517578,0.06699991226196289
3.0510001182556152,3.0850000381469727,0.03399991989135742
3.0510001182556152,3.117000102996826,0.06599998474121094
3.0510001182556152,3.0870001316070557,0.03600001335144043
3.0510001182556152,3.0850000381469727,0.03399991989135742
3.0510001182556152,3.0870001316070557,0.03600001335144043
3.0510001182556152,3.117000102996826,0.06599998474121094
3.0510001182556152,3.117000102996826,0.06599998474121094
3.0510001182556152,3.0870001316070557,0.03600001335144043
3.1000001430511475,3.117000102996826,0.01699995994567871
3.1000001430511475,3.117000102996826,0.01699995994567871
3.1019999980926514,3.118000030517578,0.016000032424926758
3.1019999980926514,3.1710000038146973,0.0690000057220459
3.1019999980926514,3.117000102996826,0.015000104904174805
3.1019999980926514,3.171999931335449,0.06999993324279785
3.1019999980926514,3.171999931335449,0.06999993324279785
3.1019999980926514,3.171999931335449,0.06999993324279785
3.1019999980926514,3.171999931335449,0.06999993324279785
3.1019999980926514,3.118000030517578,0.016000032424926758
3.1500000953674316,3.171999931335449,0.021999835968017578
3.1519999504089355,3.171999931335449,0.019999980926513672
3.1519999504089355,3.1730000972747803,0.021000146865844727
3.1519999504089355,3.1730000972747803,0.021000146865844727
3.1519999504089355,3.1730000972747803,0.021000146865844727
3.1519999504089355,3.2139999866485596,0.06200003623962402
3.1519999504089355,3.1730000972747803,0.021000146865844727
3.1519999504089355,3.1730000972747803,0.021000146865844727
3.1519999504089355,3.2139999866485596,0.06200003623962402
3.1530001163482666,3.1730000972747803,0.019999980926513672
3.199000120162964,3.2260000705718994,0.026999950408935547
3.2009999752044678,3.2669999599456787,0.06599998474121094
3.2009999752044678,3.2680001258850098,0.06700015068054199
3.2009999752044678,3.2260000705718994,0.02500009536743164
3.202000141143799,3.2669999599456787,0.06499981880187988
3.202000141143799,3.2669999599456787,0.06499981880187988
3.202000141143799,3.2260000705718994,0.023999929428100586
3.202000141143799,3.2669999599456787,0.06499981880187988
3.202000141143799,3.2260000705718994,0.023999929428100586
3.202000141143799,3.2669999599456787,0.06499981880187988
3.25,3.2699999809265137,0.019999980926513672
3.25,3.2710001468658447,0.021000146865844727
3.25,3.2710001468658447,0.021000146865844727
3.250999927520752,3.2710001468658447,0.020000219345092773
3.250999927520752,3.312999963760376,0.06200003623962402
3.250999927520752,3.2699999809265137,0.01900005340576172
3.250999927520752,3.2710001468658447,0.020000219345092773
3.250999927520752,3.2680001258850098,0.017000198364257812
3.253000020980835,3.312999963760376,0.059999942779541016
3.253000020980835,3.2699999809265137,0.01699995994567871
3.299999952316284,3.314000129699707,0.014000177383422852
3.3010001182556152,3.3610000610351562,0.059999942779541016
3.3010001182556152,3.3610000610351562,0.059999942779541016
3.3010001182556152,3.3610000610351562,0.059999942779541016
3.3010001182556152,3.312999963760376,0.011999845504760742
3.3010001182556152,3.314000129699707,0.013000011444091797
3.3010001182556152,3.312999963760376,0.011999845504760742
3.3010001182556152,3.314000129699707,0.013000011444091797
3.302000045776367,3.361999988555908,0.059999942779541016
3.302000045776367,3.312999963760376,0.010999917984008789
3.3500001430511475,3.3610000610351562,0.010999917984008789
3.3500001430511475,3.380000114440918,0.029999971389770508
3.3500001430511475,3.380000114440918,0.029999971389770508
3.3500001430511475,3.4260001182556152,0.07599997520446777
3.3500001430511475,3.380000114440918,0.029999971389770508
3.3500001430511475,3.361999988555908,0.011999845504760742
3.3500001430511475,3.361999988555908,0.011999845504760742
3.3500001430511475,3.380000114440918,0.029999971389770508
3.3510000705718994,3.4260001182556152,0.07500004768371582
3.3529999256134033,3.427000045776367,0.07400012016296387
3.3989999294281006,3.427999973297119,0.029000043869018555
3.3989999294281006,3.4260001182556152,0.02700018882751465
3.4000000953674316,3.4260001182556152,0.026000022888183594
3.4000000953674316,3.427999973297119,0.0279998779296875
3.4000000953674316,3.427999973297119,0.0279998779296875
3.4019999504089355,3.427999973297119,0.026000022888183594
3.4019999504089355,3.427999973297119,0.026000022888183594
3.4019999504089355,3.427999973297119,0.026000022888183594
3.4019999504089355,3.427999973297119,0.026000022888183594
3.4030001163482666,3.427999973297119,0.02499985694885254
3.450000047683716,3.5220000743865967,0.07200002670288086
3.4509999752044678,3.5220000743865967,0.0710000991821289
3.4509999752044678,3.4720001220703125,0.021000146865844727
3.4509999752044678,3.5220000743865967,0.0710000991821289
3.4509999752044678,3.4720001220703125,0.021000146865844727
3.4509999752044678,3.4720001220703125,0.021000146865844727
3.452000141143799,3.4720001220703125,0.019999980926513672
3.452000141143799,3.4720001220703125,0.019999980926513672
3.452000141143799,3.4720001220703125,0.019999980926513672
3.453000068664551,3.4720001220703125,0.01900005340576172
3.5,3.569000005722046,0.0690000057220459
3.5,3.568000078201294,0.06800007820129395
3.5,3.5220000743865967,0.02200007438659668
3.5,3.568000078201294,0.06800007820129395
3.5,3.569000005722046,0.0690000057220459
3.500999927520752,3.5220000743865967,0.021000146865844727
3.500999927520752,3.5220000743865967,0.021000146865844727
3.500999927520752,3.5220000743865967,0.021000146865844727
3.502000093460083,3.569000005722046,0.06699991226196289
3.503000020980835,3.5220000743865967,0.01900005340576172
3.549999952316284,3.578000068664551,0.0280001163482666
3.549999952316284,3.569000005722046,0.01900005340576172
3.5510001182556152,3.6080000400543213,0.056999921798706055
3.552000045776367,3.6080000400543213,0.0559999942779541
3.552000045776367,3.6080000400543213,0.0559999942779541
3.552000045776367,3.5789999961853027,0.026999950408935547
3.552000045776367,3.6080000400543213,0.0559999942779541
3.552000045776367,3.6080000400543213,0.0559999942779541
3.552000045776367,3.6080000400543213,0.0559999942779541
3.552000045776367,3.569000005722046,0.01699995994567871
3.6000001430511475,3.6670000553131104,0.06699991226196289
3.6000001430511475,3.6679999828338623,0.06799983978271484
3.6000001430511475,3.623000144958496,0.023000001907348633
3.6019999980926514,3.623000144958496,0.021000146865844727
3.6019999980926514,3.623000144958496,0.021000146865844727
3.6019999980926514,3.623000144958496,0.021000146865844727
3.6019999980926514,3.6670000553131104,0.06500005722045898
3.6019999980926514,3.623000144958496,0.021000146865844727
3.6019999980926514,3.623000144958496,0.021000146865844727
3.6019999980926514,3.6670000553131104,0.06500005722045898
3.6500000953674316,3.6710000038146973,0.020999908447265625
3.6500000953674316,3.6670000553131104,0.01699995994567871
3.6510000228881836,3.6700000762939453,0.01900005340576172
3.6510000228881836,3.6710000038146973,0.019999980926513672
3.6510000228881836,3.6700000762939453,0.01900005340576172
3.6510000228881836,3.6710000038146973,0.019999980926513672
3.6519999504089355,3.6710000038146973,0.01900005340576172
3.6519999504089355,3.6670000553131104,0.015000104904174805
3.6530001163482666,3.6670000553131104,0.01399993896484375
3.6530001163482666,3.6700000762939453,0.01699995994567871
3.700000047683716,3.7170000076293945,0.01699995994567871
3.700000047683716,3.7690000534057617,0.0690000057220459
3.700000047683716,3.7170000076293945,0.01699995994567871
3.700000047683716,3.7690000534057617,0.0690000057220459
3.700000047683716,3.7690000534057617,0.0690000057220459
3.7009999752044678,3.7170000076293945,0.016000032424926758
3.7009999752044678,3.7170000076293945,0.016000032424926758
3.7009999752044678,3.7690000534057617,0.06800007820129395
3.7009999752044678,3.7699999809265137,0.0690000057220459
3.702000141143799,3.7170000076293945,0.014999866485595703
3.75,3.7760000228881836,0.026000022888183594
3.75,3.819999933242798,0.06999993324279785
3.75,3.7750000953674316,0.02500009536743164
3.75,3.819000005722046,0.0690000057220459
3.75,3.7690000534057617,0.01900005340576172
3.750999927520752,3.7760000228881836,0.02500009536743164
3.750999927520752,3.7760000228881836,0.02500009536743164
3.750999927520752,3.7750000953674316,0.024000167846679688
3.752000093460083,3.819000005722046,0.06699991226196289
3.753000020980835,3.819999933242798,0.06699991226196289
3.7980000972747803,3.821000099182129,0.023000001907348633
3.802000045776367,3.822000026702881,0.019999980926513672
3.802000045776367,3.821000099182129,0.01900005340576172
3.802000045776367,3.821000099182129,0.01900005340576172
3.802000045776367,3.821000099182129,0.01900005340576172
3.802000045776367,3.819999933242798,0.017999887466430664
3.802000045776367,3.821000099182129,0.01900005340576172
3.802000045776367,3.821000099182129,0.01900005340576172
3.802000045776367,3.819000005722046,0.01699995994567871
3.802000045776367,3.864000082015991,0.06200003623962402
3.8500001430511475,3.864000082015991,0.01399993896484375
3.8510000705718994,3.9179999828338623,0.06699991226196289
3.8510000705718994,3.864000082015991,0.013000011444091797
3.8510000705718994,3.864000082015991,0.013000011444091797
3.8519999980926514,3.864000082015991,0.012000083923339844
3.8519999980926514,3.9179999828338623,0.06599998474121094
3.8519999980926514,3.864000082015991,0.012000083923339844
3.8519999980926514,3.9179999828338623,0.06599998474121094
3.8529999256134033,3.9179999828338623,0.06500005722045898
3.8529999256134033,3.8630001544952393,0.010000228881835938
3.8989999294281006,3.927999973297119,0.029000043869018555
3.9000000953674316,3.927999973297119,0.0279998779296875
3.9010000228881836,3.9600000381469727,0.05900001525878906
3.9010000228881836,3.9600000381469727,0.05900001525878906
3.9010000228881836,3.9600000381469727,0.05900001525878906
3.9010000228881836,3.9600000381469727,0.05900001525878906
3.9010000228881836,3.927999973297119,0.026999950408935547
3.9010000228881836,3.927999973297119,0.026999950408935547
3.9019999504089355,3.9590001106262207,0.057000160217285156
3.9019999504089355,3.9590001106262207,0.057000160217285156
3.949000120162964,3.9730000495910645,0.023999929428100586
3.952000141143799,4.023000001907349,0.0709998607635498
3.952000141143799,3.9730000495910645,0.020999908447265625
3.952000141143799,3.9730000495910645,0.020999908447265625
3.952000141143799,3.9730000495910645,0.020999908447265625
3.952000141143799,4.023000001907349,0.0709998607635498
3.952000141143799,3.9730000495910645,0.020999908447265625
3.952000141143799,3.9730000495910645,0.020999908447265625
3.952000141143799,3.9730000495910645,0.020999908447265625
3.952000141143799,3.9600000381469727,0.007999897003173828
4.0,4.071000099182129,0.0710000991821289
4.002000093460083,4.071000099182129,0.0690000057220459
4.002000093460083,4.069000005722046,0.06699991226196289
4.002000093460083,4.023000001907349,0.020999908447265625
4.002000093460083,4.071000099182129,0.0690000057220459
4.002000093460083,4.023000001907349,0.020999908447265625
4.002000093460083,4.023000001907349,0.020999908447265625
4.003000020980835,4.069999933242798,0.06699991226196289
4.003000020980835,4.023000001907349,0.019999980926513672
4.003000020980835,4.069999933242798,0.06699991226196289
4.049999952316284,4.071000099182129,0.021000146865844727
4.049999952316284,4.110000133514404,0.06000018119812012
4.049999952316284,4.075999975204468,0.026000022888183594
4.051000118255615,4.075999975204468,0.02499985694885254
4.051000118255615,4.110000133514404,0.05900001525878906
4.051000118255615,4.110000133514404,0.05900001525878906
4.052000045776367,4.077000141143799,0.02500009536743164
4.052000045776367,4.077000141143799,0.02500009536743164
4.052000045776367,4.075999975204468,0.023999929428100586
4.052000045776367,4.110000133514404,0.05800008773803711
4.098999977111816,4.121999979019165,0.023000001907348633
4.1000001430511475,4.110000133514404,0.009999990463256836
4.101000070571899,4.16700005531311,0.06599998474121094
4.101000070571899,4.16700005531311,0.06599998474121094
4.101000070571899,4.110000133514404,0.009000062942504883
4.101000070571899,4.110000133514404,0.009000062942504883
4.101000070571899,4.121999979019165,0.020999908447265625
4.101000070571899,4.121999979019165,0.020999908447265625
4.101999998092651,4.121999979019165,0.019999980926513672
4.101999998092651,4.121999979019165,0.019999980926513672
4.150000095367432,4.174999952316284,0.02499985694885254
4.150000095367432,4.174999952316284,0.02499985694885254
4.150000095367432,4.174999952316284,0.02499985694885254
4.150000095367432,4.174999952316284,0.02499985694885254
4.150000095367432,4.16700005531311,0.01699995994567871
4.150000095367432,4.2190001010894775,0.0690000057220459
4.1519999504089355,4.174999952316284,0.023000001907348633
4.1519999504089355,4.2190001010894775,0.06700015068054199
4.1519999504089355,4.174999952316284,0.023000001907348633
4.153000116348267,4.174999952316284,0.021999835968017578
4.197000026702881,4.2190001010894775,0.02200007438659668
4.200000047683716,4.2190001010894775,0.01900005340576172
4.200000047683716,4.2190001010894775,0.01900005340576172
4.200999975204468,4.273000001907349,0.07200002670288086
4.200999975204468,4.273000001907349,0.07200002670288086
4.200999975204468,4.272000074386597,0.0710000991821289
4.200999975204468,4.2179999351501465,0.01699995994567871
4.200999975204468,4.2190001010894775,0.018000125885009766
4.200999975204468,4.273000001907349,0.07200002670288086
4.202000141143799,4.273000001907349,0.0709998607635498
4.25,4.2820000648498535,0.032000064849853516
4.25,4.2820000648498535,0.032000064849853516
4.252000093460083,4.2799999713897705,0.0279998779296875
4.252000093460083,4.281000137329102,0.029000043869018555
4.252000093460083,4.322000026702881,0.06999993324279785
4.252000093460083,4.2799999713897705,0.0279998779296875
4.252000093460083,4.2820000648498535,0.029999971389770508
4.252000093460083,4.2820000648498535,0.029999971389770508
4.253000020980835,4.2820000648498535,0.029000043869018555
4.253000020980835,4.2820000648498535,0.029000043869018555
4.29800009727478,4.322000026702881,0.023999929428100586
4.301000118255615,4.360000133514404,0.05900001525878906
4.301000118255615,4.360000133514404,0.05900001525878906
4.302000045776367,4.360000133514404,0.05800008773803711
4.302000045776367,4.360000133514404,0.05800008773803711
4.302000045776367,4.322000026702881,0.019999980926513672
4.302000045776367,4.360000133514404,0.05800008773803711
4.302000045776367,4.322000026702881,0.019999980926513672
4.302000045776367,4.360000133514404,0.05800008773803711
4.302000045776367,4.322000026702881,0.019999980926513672
4.348999977111816,4.371000051498413,0.02200007438659668
4.351999998092651,4.371000051498413,0.01900005340576172
4.351999998092651,4.417999982833862,0.06599998474121094
4.351999998092651,4.371000051498413,0.01900005340576172
4.351999998092651,4.417999982833862,0.06599998474121094
4.351999998092651,4.371000051498413,0.01900005340576172
4.351999998092651,4.371000051498413,0.01900005340576172
4.351999998092651,4.370000123977661,0.018000125885009766
4.351999998092651,4.417999982833862,0.06599998474121094
4.352999925613403,4.417999982833862,0.06500005722045898
4.400000095367432,4.460000038146973,0.059999942779541016
4.400000095367432,4.417999982833862,0.017999887466430664
4.400000095367432,4.460000038146973,0.059999942779541016
4.400000095367432,4.417999982833862,0.017999887466430664
4.400000095367432,4.417999982833862,0.017999887466430664
4.400000095367432,4.460000038146973,0.059999942779541016
4.401000022888184,4.460000038146973,0.05900001525878906
4.403000116348267,4.460000038146973,0.056999921798706055
4.403000116348267,4.460000038146973,0.056999921798706055
4.403000116348267,4.417999982833862,0.014999866485595703
4.449000120162964,4.46399998664856,0.014999866485595703
4.449000120162964,4.523999929428101,0.07499980926513672
4.450000047683716,4.523999929428101,0.07399988174438477
4.450000047683716,4.523000001907349,0.07299995422363281
4.450000047683716,4.523999929428101,0.07399988174438477
4.450999975204468,4.46399998664856,0.013000011444091797
4.450999975204468,4.46399998664856,0.013000011444091797
4.450999975204468,4.46399998664856,0.013000011444091797
4.452000141143799,4.46399998664856,0.011999845504760742
4.452000141143799,4.523000001907349,0.0709998607635498
4.5,4.5269999504089355,0.026999950408935547
4.5,4.5269999504089355,0.026999950408935547
4.502000093460083,4.569000005722046,0.06699991226196289
4.502000093460083,4.569000005722046,0.06699991226196289
4.502000093460083,4.569000005722046,0.06699991226196289
4.502000093460083,4.569000005722046,0.06699991226196289
4.502000093460083,4.5269999504089355,0.02499985694885254
4.502000093460083,4.569000005722046,0.06699991226196289
4.503000020980835,4.526000022888184,0.023000001907348633
4.503000020980835,4.569000005722046,0.06599998474121094
4.549000024795532,4.578000068664551,0.029000043869018555
4.551000118255615,4.578000068664551,0.026999950408935547
4.551000118255615,4.578000068664551,0.026999950408935547
4.551000118255615,4.617000102996826,0.06599998474121094
4.551000118255615,4.578000068664551,0.026999950408935547
4.552000045776367,4.578000068664551,0.026000022888183594
4.552000045776367,4.615999937057495,0.06399989128112793
4.552000045776367,4.578000068664551,0.026000022888183594
4.552000045776367,4.615999937057495,0.06399989128112793
4.552000045776367,4.578000068664551,0.026000022888183594
4.6000001430511475,4.615999937057495,0.015999794006347656
4.6000001430511475,4.666000127792358,0.06599998474121094
4.6000001430511475,4.617000102996826,0.01699995994567871
4.6000001430511475,4.666000127792358,0.06599998474121094
4.6000001430511475,4.615999937057495,0.015999794006347656
4.6000001430511475,4.615999937057495,0.015999794006347656
4.6000001430511475,4.666000127792358,0.06599998474121094
4.601999998092651,4.617000102996826,0.015000104904174805
4.601999998092651,4.617000102996826,0.015000104904174805
4.602999925613403,4.615999937057495,0.013000011444091797
4.648999929428101,4.666000127792358,0.017000198364257812
4.651000022888184,4.682000160217285,0.031000137329101562
4.651000022888184,4.682000160217285,0.031000137329101562
4.651000022888184,4.682000160217285,0.031000137329101562
4.6519999504089355,4.712000131607056,0.06000018119812012
4.6519999504089355,4.712000131607056,0.06000018119812012
4.6519999504089355,4.682000160217285,0.03000020980834961
4.6519999504089355,4.712000131607056,0.06000018119812012
4.6519999504089355,4.710999965667725,0.05900001525878906
4.6519999504089355,4.712000131607056,0.06000018119812012
4.700000047683716,4.726999998092651,0.026999950408935547
4.700999975204468,4.727999925613403,0.026999950408935547
4.702000141143799,4.727999925613403,0.025999784469604492
4.702000141143799,4.712000131607056,0.009999990463256836
4.702000141143799,4.7769999504089355,0.07499980926513672
4.702000141143799,4.727999925613403,0.025999784469604492
4.702000141143799,4.7769999504089355,0.07499980926513672
4.702000141143799,4.726999998092651,0.02499985694885254
4.702000141143799,4.727999925613403,0.025999784469604492
4.702000141143799,4.7769999504089355,0.07499980926513672
4.75,4.7769999504089355,0.026999950408935547
4.75,4.7790000438690186,0.029000043869018555
4.75,4.7790000438690186,0.029000043869018555
4.75,4.7790000438690186,0.029000043869018555
4.752000093460083,4.7769999504089355,0.02499985694885254
4.752000093460083,4.778000116348267,0.026000022888183594
4.752000093460083,4.778000116348267,0.026000022888183594
4.752000093460083,4.7790000438690186,0.026999950408935547
4.752000093460083,4.778000116348267,0.026000022888183594
4.753000020980835,4.778000116348267,0.02500009536743164
4.799000024795532,4.86899995803833,0.06999993324279785
4.801000118255615,4.817000150680542,0.016000032424926758
4.801000118255615,4.868000030517578,0.06699991226196289
4.802000045776367,4.817000150680542,0.015000104904174805
4.802000045776367,4.817000150680542,0.015000104904174805
4.802000045776367,4.868000030517578,0.06599998474121094
4.802000045776367,4.817000150680542,0.015000104904174805
4.802000045776367,4.817000150680542,0.015000104904174805
4.802000045776367,4.817000150680542,0.015000104904174805
4.802000045776367,4.817000150680542,0.015000104904174805
4.8500001430511475,4.878000020980835,0.0279998779296875
4.8500001430511475,4.878000020980835,0.0279998779296875
4.8500001430511475,4.868000030517578,0.017999887466430664
4.851999998092651,4.921000003814697,0.0690000057220459
4.851999998092651,4.920000076293945,0.06800007820129395
4.851999998092651,4.878000020980835,0.026000022888183594
4.851999998092651,4.921999931335449,0.06999993324279785
4.851999998092651,4.878000020980835,0.026000022888183594
4.851999998092651,4.921999931335449,0.06999993324279785
4.851999998092651,4.920000076293945,0.06800007820129395
4.900000095367432,4.927999973297119,0.0279998779296875
4.900000095367432,4.9700000286102295,0.06999993324279785
4.900000095367432,4.927999973297119,0.0279998779296875
4.900000095367432,4.9700000286102295,0.06999993324279785
4.901000022888184,4.927999973297119,0.026999950408935547
4.901000022888184,4.927999973297119,0.026999950408935547
4.901000022888184,4.9700000286102295,0.0690000057220459
4.901000022888184,4.927999973297119,0.026999950408935547
4.901000022888184,4.927999973297119,0.026999950408935547
4.903000116348267,4.927999973297119,0.02499985694885254
4.947999954223633,4.9700000286102295,0.02200007438659668
4.950000047683716,5.009999990463257,0.059999942779541016
4.950000047683716,5.009999990463257,0.059999942779541016
4.952000141143799,5.009999990463257,0.05799984931945801
4.952000141143799,5.009999990463257,0.05799984931945801
4.952000141143799,5.009999990463257,0.05799984931945801
4.952000141143799,5.009999990463257,0.05799984931945801
4.952000141143799,4.9700000286102295,0.017999887466430664
4.952000141143799,4.9690001010894775,0.01699995994567871
4.953000068664551,4.9700000286102295,0.01699995994567871
5.0,5.01800012588501,0.018000125885009766
5.002000093460083,5.031000137329102,0.029000043869018555
5.002000093460083,5.031000137329102,0.029000043869018555
5.002000093460083,5.031000137329102,0.029000043869018555
5.002000093460083,5.078000068664551,0.07599997520446777
5.002000093460083,5.031000137329102,0.029000043869018555
5.002000093460083,5.031000137329102,0.029000043869018555
5.002000093460083,5.031000137329102,0.029000043869018555
5.002000093460083,5.009999990463257,0.007999897003173828
5.002000093460083,5.019000053405762,0.01699995994567871
5.049999952316284,5.080000162124634,0.03000020980834961
5.051000118255615,5.078000068664551,0.026999950408935547
5.051000118255615,5.080000162124634,0.029000043869018555
5.051000118255615,5.078000068664551,0.026999950408935547
5.051000118255615,5.078000068664551,0.026999950408935547
5.051000118255615,5.080000162124634,0.029000043869018555
5.052000045776367,5.080000162124634,0.0280001163482666
5.052000045776367,5.080000162124634,0.0280001163482666
5.052000045776367,5.080000162124634,0.0280001163482666
5.052000045776367,5.080000162124634,0.0280001163482666
5.0980000495910645,5.164000034332275,0.06599998474121094
5.101000070571899,5.120000123977661,0.01900005340576172
5.101000070571899,5.120000123977661,0.01900005340576172
5.101000070571899,5.164000034332275,0.06299996376037598
5.101000070571899,5.164000034332275,0.06299996376037598
5.101000070571899,5.120000123977661,0.01900005340576172
5.101000070571899,5.120000123977661,0.01900005340576172
5.101000070571899,5.120000123977661,0.01900005340576172
5.101000070571899,5.120000123977661,0.01900005340576172
5.101000070571899,5.164999961853027,0.06399989128112793
5.150000095367432,5.167999982833862,0.017999887466430664
5.150000095367432,5.167999982833862,0.017999887466430664
5.150000095367432,5.167999982833862,0.017999887466430664
5.1519999504089355,5.167999982833862,0.016000032424926758
5.1519999504089355,5.164000034332275,0.012000083923339844
5.1519999504089355,5.167999982833862,0.016000032424926758
5.1519999504089355,5.164000034332275,0.012000083923339844
5.153000116348267,5.164000034332275,0.010999917984008789
5.153000116348267,5.167999982833862,0.014999866485595703
5.153000116348267,5.167999982833862,0.014999866485595703
5.200000047683716,5.216000080108643,0.016000032424926758
5.200999975204468,5.216000080108643,0.015000104904174805
5.200999975204468,5.229000091552734,0.0280001163482666
5.200999975204468,5.227999925613403,0.026999950408935547
5.200999975204468,5.229000091552734,0.0280001163482666
5.200999975204468,5.216000080108643,0.015000104904174805
5.200999975204468,5.227999925613403,0.026999950408935547
5.202000141143799,5.229000091552734,0.026999950408935547
5.203000068664551,5.229000091552734,0.026000022888183594
5.203000068664551,5.273000001907349,0.06999993324279785
5.25,5.275000095367432,0.02500009536743164
5.25,5.275000095367432,0.02500009536743164
5.25,5.273000001907349,0.023000001907348633
5.25,5.275000095367432,0.02500009536743164
5.25,5.275000095367432,0.02500009536743164
5.250999927520752,5.273000001907349,0.02200007438659668
5.250999927520752,5.273000001907349,0.02200007438659668
5.250999927520752,5.275000095367432,0.024000167846679688
5.250999927520752,5.275000095367432,0.024000167846679688
5.252000093460083,5.275000095367432,0.023000001907348633
5.299999952316284,5.318000078201294,0.018000125885009766
5.299999952316284,5.361999988555908,0.06200003623962402
5.299999952316284,5.361999988555908,0.06200003623962402
5.299999952316284,5.318000078201294,0.018000125885009766
5.299999952316284,5.318000078201294,0.018000125885009766
5.301000118255615,5.318000078201294,0.01699995994567871
5.301000118255615,5.361999988555908,0.06099987030029297
5.301000118255615,5.361999988555908,0.06099987030029297
5.302000045776367,5.318000078201294,0.016000032424926758
5.302999973297119,5.318000078201294,0.015000104904174805
5.348999977111816,5.414000034332275,0.06500005722045898
5.348999977111816,5.414000034332275,0.06500005722045898
5.3500001430511475,5.414000034332275,0.06399989128112793
5.3500001430511475,5.361000061035156,0.010999917984008789
5.3500001430511475,5.414000034332275,0.06399989128112793
5.351000070571899,5.361999988555908,0.010999917984008789
5.351000070571899,5.361999988555908,0.010999917984008789
5.351000070571899,5.414000034332275,0.06299996376037598
5.351000070571899,5.361999988555908,0.010999917984008789
5.351999998092651,5.414000034332275,0.06200003623962402
5.400000095367432,5.426000118255615,0.026000022888183594
5.400000095367432,5.426000118255615,0.026000022888183594
5.400000095367432,5.417999982833862,0.017999887466430664
5.4019999504089355,5.4720001220703125,0.07000017166137695
5.4019999504089355,5.426000118255615,0.024000167846679688
5.4019999504089355,5.426000118255615,0.024000167846679688
5.4019999504089355,5.4730000495910645,0.0710000991821289
5.4019999504089355,5.426000118255615,0.024000167846679688
5.4019999504089355,5.426000118255615,0.024000167846679688
5.4019999504089355,5.427000045776367,0.02500009536743164
5.450000047683716,5.519999980926514,0.06999993324279785
5.452000141143799,5.519999980926514,0.06799983978271484
5.452000141143799,5.4720001220703125,0.019999980926513672
5.452000141143799,5.519999980926514,0.06799983978271484
5.452000141143799,5.4730000495910645,0.020999908447265625
5.452000141143799,5.519999980926514,0.06799983978271484
5.452000141143799,5.4730000495910645,0.020999908447265625
5.452000141143799,5.4730000495910645,0.020999908447265625
5.452000141143799,5.4730000495910645,0.020999908447265625
5.452000141143799,5.4730000495910645,0.020999908447265625
5.5,5.571000099182129,0.0710000991821289
5.5,5.571000099182129,0.0710000991821289
5.5,5.571000099182129,0.0710000991821289
5.5,5.571000099182129,0.0710000991821289
5.5,5.519999980926514,0.019999980926513672
5.5,5.519999980926514,0.019999980926513672
5.5,5.571000099182129,0.0710000991821289
5.500999927520752,5.519999980926514,0.01900005340576172
5.500999927520752,5.572000026702881,0.0710000991821289
5.500999927520752,5.519999980926514,0.01900005340576172
5.549999952316284,5.572000026702881,0.02200007438659668
5.549999952316284,5.572000026702881,0.02200007438659668
5.549999952316284,5.572000026702881,0.02200007438659668
5.551000118255615,5.572999954223633,0.021999835968017578
5.551000118255615,5.611999988555908,0.06099987030029297
5.551000118255615,5.572000026702881,0.020999908447265625
5.552999973297119,5.611999988555908,0.05900001525878906
5.552999973297119,5.611999988555908,0.05900001525878906
5.552999973297119,5.611000061035156,0.05800008773803711
5.552999973297119,5.571000099182129,0.018000125885009766
5.598999977111816,5.677000045776367,0.07800006866455078
5.601000070571899,5.677000045776367,0.07599997520446777
5.601999998092651,5.627000093460083,0.02500009536743164
5.601999998092651,5.627000093460083,0.02500009536743164
5.601999998092651,5.611999988555908,0.009999990463256836
5.601999998092651,5.627000093460083,0.02500009536743164
5.601999998092651,5.627000093460083,0.02500009536743164
5.601999998092651,5.627000093460083,0.02500009536743164
5.601999998092651,5.627000093460083,0.02500009536743164
5.601999998092651,5.677000045776367,0.07500004768371582
5.648999929428101,5.7179999351501465,0.0690000057220459
5.650000095367432,5.7190001010894775,0.0690000057220459
5.650000095367432,5.7190001010894775,0.0690000057220459
5.650000095367432,5.7190001010894775,0.0690000057220459
5.650000095367432,5.677000045776367,0.026999950408935547
5.6519999504089355,5.677000045776367,0.02500009536743164
5.6519999504089355,5.677000045776367,0.02500009536743164
5.6519999504089355,5.677000045776367,0.02500009536743164
5.6519999504089355,5.677000045776367,0.02500009536743164
5.653000116348267,5.7179999351501465,0.06499981880187988
5.699000120162964,5.7200000286102295,0.020999908447265625
5.700999975204468,5.7209999561309814,0.019999980926513672
5.700999975204468,5.7179999351501465,0.01699995994567871
5.700999975204468,5.76800012588501,0.06700015068054199
5.700999975204468,5.7200000286102295,0.01900005340576172
5.700999975204468,5.7200000286102295,0.01900005340576172
5.700999975204468,5.7190001010894775,0.018000125885009766
5.700999975204468,5.7209999561309814,0.019999980926513672
5.702000141143799,5.7209999561309814,0.018999814987182617
5.702000141143799,5.7200000286102295,0.017999887466430664
5.75,5.822000026702881,0.07200002670288086
5.75,5.76800012588501,0.018000125885009766
5.75,5.7790000438690186,0.029000043869018555
5.75,5.7790000438690186,0.029000043869018555
5.75,5.822000026702881,0.07200002670288086
5.75,5.7790000438690186,0.029000043869018555
5.75,5.7790000438690186,0.029000043869018555
5.750999927520752,5.7790000438690186,0.0280001163482666
5.752000093460083,5.7790000438690186,0.026999950408935547
5.752000093460083,5.7790000438690186,0.026999950408935547
5.79800009727478,5.871000051498413,0.07299995422363281
5.799999952316284,5.870000123977661,0.07000017166137695
5.799999952316284,5.822000026702881,0.02200007438659668
5.799999952316284,5.871000051498413,0.0710000991821289
5.799999952316284,5.870000123977661,0.07000017166137695
5.799999952316284,5.822000026702881,0.02200007438659668
5.799999952316284,5.870000123977661,0.07000017166137695
5.801000118255615,5.822000026702881,0.020999908447265625
5.801000118255615,5.822000026702881,0.020999908447265625
5.801000118255615,5.870000123977661,0.0690000057220459
5.8500001430511475,5.875,0.02499985694885254
5.851999998092651,5.914000034332275,0.06200003623962402
5.851999998092651,5.875,0.023000001907348633
5.851999998092651,5.914000034332275,0.06200003623962402
5.851999998092651,5.874000072479248,0.02200007438659668
5.851999998092651,5.875,0.023000001907348633
5.851999998092651,5.914000034332275,0.06200003623962402
5.851999998092651,5.874000072479248,0.02200007438659668
5.851999998092651,5.874000072479248,0.02200007438659668
5.851999998092651,5.874000072479248,0.02200007438659668
5.900000095367432,5.914000034332275,0.01399993896484375
5.901000022888184,5.914000034332275,0.013000011444091797
5.9019999504089355,5.960000038146973,0.05800008773803711
5.9019999504089355,5.960999965667725,0.05900001525878906
5.9019999504089355,5.960999965667725,0.05900001525878906
5.9019999504089355,5.960000038146973,0.05800008773803711
5.9019999504089355,5.914000034332275,0.012000083923339844
5.9019999504089355,5.960000038146973,0.05800008773803711
5.9019999504089355,5.960000038146973,0.05800008773803711
5.9019999504089355,5.914000034332275,0.012000083923339844
5.950000047683716,6.013999938964844,0.06399989128112793
5.950000047683716,5.980000019073486,0.029999971389770508
5.950000047683716,6.013999938964844,0.06399989128112793
5.950999975204468,6.013999938964844,0.06299996376037598
5.950999975204468,6.013999938964844,0.06299996376037598
5.950999975204468,6.013999938964844,0.06299996376037598
5.952000141143799,5.980000019073486,0.0279998779296875
5.952000141143799,5.980000019073486,0.0279998779296875
5.952000141143799,5.980000019073486,0.0279998779296875
5.953000068664551,6.013999938964844,0.06099987030029297
6.0,6.064000129699707,0.06400012969970703
6.0,6.019000053405762,0.01900005340576172
6.0,6.013999938964844,0.01399993896484375
6.0,6.019999980926514,0.019999980926513672
6.0,6.019000053405762,0.01900005340576172
6.0,6.019000053405762,0.01900005340576172
6.0,6.019000053405762,0.01900005340576172
6.0,6.019999980926514,0.019999980926513672
6.003000020980835,6.019000053405762,0.016000032424926758
6.003000020980835,6.019000053405762,0.016000032424926758
6.049999952316284,6.064000129699707,0.014000177383422852
6.052000045776367,6.104000091552734,0.05200004577636719
6.052000045776367,6.065000057220459,0.013000011444091797
6.052000045776367,6.104000091552734,0.05200004577636719
6.052000045776367,6.104000091552734,0.05200004577636719
6.052000045776367,6.104000091552734,0.05200004577636719
6.052000045776367,6.104000091552734,0.05200004577636719
6.052000045776367,6.064000129699707,0.012000083923339844
6.052000045776367,6.064000129699707,0.012000083923339844
6.052000045776367,6.102999925613403,0.05099987983703613
6.0980000495910645,6.13100004196167,0.03299999237060547
6.1000001430511475,6.128999948501587,0.028999805450439453
6.1000001430511475,6.13100004196167,0.03099989891052246
6.1000001430511475,6.128999948501587,0.028999805450439453
6.101000070571899,6.13100004196167,0.029999971389770508
6.101000070571899,6.13100004196167,0.029999971389770508
6.101999998092651,6.13100004196167,0.029000043869018555
6.101999998092651,6.177999973297119,0.07599997520446777
6.101999998092651,6.13100004196167,0.029000043869018555
6.101999998092651,6.13100004196167,0.029000043869018555
6.148999929428101,6.17900013923645,0.03000020980834961
6.1519999504089355,6.2170000076293945,0.06500005722045898
6.1519999504089355,6.2170000076293945,0.06500005722045898
6.1519999504089355,6.177999973297119,0.026000022888183594
6.1519999504089355,6.2179999351501465,0.06599998474121094
6.1519999504089355,6.17900013923645,0.02700018882751465
6.1519999504089355,6.2170000076293945,0.06500005722045898
6.1519999504089355,6.177999973297119,0.026000022888183594
6.1519999504089355,6.2170000076293945,0.06500005722045898
6.1519999504089355,6.2170000076293945,0.06500005722045898
6.200000047683716,6.2209999561309814,0.020999908447265625
6.200000047683716,6.2170000076293945,0.01699995994567871
6.200000047683716,6.2170000076293945,0.01699995994567871
6.200000047683716,6.2200000286102295,0.019999980926513672
6.200000047683716,6.2209999561309814,0.020999908447265625
6.200000047683716,6.2209999561309814,0.020999908447265625
6.200000047683716,6.2209999561309814,0.020999908447265625
6.200999975204468,6.263999938964844,0.06299996376037598
6.203000068664551,6.2209999561309814,0.017999887466430664
6.203000068664551,6.2209999561309814,0.017999887466430664
6.248000144958496,6.265000104904175,0.01699995994567871
6.25,6.265000104904175,0.015000104904174805
6.25,6.311000108718872,0.06100010871887207
6.250999927520752,6.265000104904175,0.014000177383422852
6.250999927520752,6.263999938964844,0.013000011444091797
6.250999927520752,6.309999942779541,0.05900001525878906
6.250999927520752,6.311000108718872,0.06000018119812012
6.250999927520752,6.311000108718872,0.06000018119812012
6.250999927520752,6.265000104904175,0.014000177383422852
6.250999927520752,6.265000104904175,0.014000177383422852
6.299000024795532,6.325000047683716,0.026000022888183594
6.301000118255615,6.371000051498413,0.06999993324279785
6.302000045776367,6.371000051498413,0.0690000057220459
6.302000045776367,6.325999975204468,0.023999929428100586
6.302000045776367,6.371000051498413,0.0690000057220459
6.302000045776367,6.371000051498413,0.0690000057220459
6.302000045776367,6.325000047683716,0.023000001907348633
6.302999973297119,6.325000047683716,0.02200007438659668
6.302999973297119,6.325000047683716,0.02200007438659668
6.30400013923645,6.371000051498413,0.06699991226196289
6.3500001430511475,6.417999982833862,0.06799983978271484
6.3500001430511475,6.371000051498413,0.020999908447265625
6.3500001430511475,6.371000051498413,0.020999908447265625
6.3500001430511475,6.417999982833862,0.06799983978271484
6.3500001430511475,6.371000051498413,0.020999908447265625
6.3500001430511475,6.417999982833862,0.06799983978271484
6.3500001430511475,6.371000051498413,0.020999908447265625
6.3500001430511475,6.417999982833862,0.06799983978271484
6.352999925613403,6.371000051498413,0.018000125885009766
6.352999925613403,6.417999982833862,0.06500005722045898
6.400000095367432,6.4679999351501465,0.06799983978271484
6.4019999504089355,6.4679999351501465,0.06599998474121094
6.4019999504089355,6.4679999351501465,0.06599998474121094
6.4019999504089355,6.417999982833862,0.016000032424926758
6.4019999504089355,6.4679999351501465,0.06599998474121094
6.4019999504089355,6.417999982833862,0.016000032424926758
6.4019999504089355,6.417999982833862,0.016000032424926758
6.4019999504089355,6.417999982833862,0.016000032424926758
6.4019999504089355,6.4679999351501465,0.06599998474121094
6.4019999504089355,6.4679999351501465,0.06599998474121094
6.450000047683716,6.523000001907349,0.07299995422363281
6.450000047683716,6.479000091552734,0.029000043869018555
6.450999975204468,6.4700000286102295,0.01900005340576172
6.450999975204468,6.523000001907349,0.07200002670288086
6.450999975204468,6.479000091552734,0.0280001163482666
6.452000141143799,6.4679999351501465,0.015999794006347656
6.452000141143799,6.477999925613403,0.025999784469604492
6.452000141143799,6.479000091552734,0.026999950408935547
6.452000141143799,6.479000091552734,0.026999950408935547
6.453000068664551,6.479000091552734,0.026000022888183594
6.499000072479248,6.523000001907349,0.023999929428100586
6.5,6.568000078201294,0.06800007820129395
6.5,6.568000078201294,0.06800007820129395
6.502000093460083,6.567000150680542,0.06500005722045898
6.502000093460083,6.568000078201294,0.06599998474121094
6.502000093460083,6.568000078201294,0.06599998474121094
6.502000093460083,6.523000001907349,0.020999908447265625
6.502000093460083,6.568000078201294,0.06599998474121094
6.502000093460083,6.523000001907349,0.020999908447265625
6.502000093460083,6.523000001907349,0.020999908447265625
6.549999952316284,6.569999933242798,0.019999980926513672
6.549999952316284,6.569000005722046,0.01900005340576172
6.549999952316284,6.569999933242798,0.019999980926513672
6.549999952316284,6.568000078201294,0.018000125885009766
6.549999952316284,6.569000005722046,0.01900005340576172
6.552000045776367,6.610000133514404,0.05800008773803711
6.552000045776367,6.569999933242798,0.017999887466430664
6.552000045776367,6.610000133514404,0.05800008773803711
6.552000045776367,6.569999933242798,0.017999887466430664
6.552000045776367,6.569999933242798,0.017999887466430664
6.6000001430511475,6.610000133514404,0.009999990463256836
6.601000070571899,6.610000133514404,0.009000062942504883
6.601000070571899,6.610000133514404,0.009000062942504883
6.601000070571899,6.664999961853027,0.06399989128112793
6.601999998092651,6.664999961853027,0.06299996376037598
6.601999998092651,6.664999961853027,0.06299996376037598
6.601999998092651,6.664999961853027,0.06299996376037598
6.601999998092651,6.610000133514404,0.00800013542175293
6.601999998092651,6.610000133514404,0.00800013542175293
6.602999925613403,6.664999961853027,0.06200003623962402
6.648999929428101,6.680999994277954,0.032000064849853516
6.6519999504089355,6.680999994277954,0.029000043869018555
6.6519999504089355,6.680999994277954,0.029000043869018555
6.6519999504089355,6.677999973297119,0.026000022888183594
6.6519999504089355,6.7209999561309814,0.0690000057220459
6.6519999504089355,6.680999994277954,0.029000043869018555
6.6519999504089355,6.680999994277954,0.029000043869018555
6.6519999504089355,6.680999994277954,0.029000043869018555
6.6519999504089355,6.67900013923645,0.02700018882751465
6.6519999504089355,6.680999994277954,0.029000043869018555
6.699000120162964,6.7209999561309814,0.021999835968017578
6.700999975204468,6.775000095367432,0.07400012016296387
6.700999975204468,6.7220001220703125,0.021000146865844727
6.700999975204468,6.7209999561309814,0.019999980926513672
6.700999975204468,6.775000095367432,0.07400012016296387
6.700999975204468,6.7209999561309814,0.019999980926513672
6.702000141143799,6.775000095367432,0.07299995422363281
6.702000141143799,6.7209999561309814,0.018999814987182617
6.702000141143799,6.775000095367432,0.07299995422363281
6.702000141143799,6.7209999561309814,0.018999814987182617
6.75,6.817000150680542,0.06700015068054199
6.75,6.817000150680542,0.06700015068054199
6.752000093460083,6.817000150680542,0.06500005722045898
6.752000093460083,6.775000095367432,0.023000001907348633
6.752000093460083,6.775000095367432,0.023000001907348633
6.752000093460083,6.817000150680542,0.06500005722045898
6.752000093460083,6.775000095367432,0.023000001907348633
6.752000093460083,6.817000150680542,0.06500005722045898
6.752000093460083,6.817000150680542,0.06500005722045898
6.752000093460083,6.775000095367432,0.023000001907348633
6.799999952316284,6.817000150680542,0.017000198364257812
6.802000045776367,6.828999996185303,0.026999950408935547
6.802000045776367,6.864000082015991,0.06200003623962402
6.802000045776367,6.864000082015991,0.06200003623962402
6.802000045776367,6.864000082015991,0.06200003623962402
6.802000045776367,6.828999996185303,0.026999950408935547
6.802000045776367,6.864000082015991,0.06200003623962402
6.802999973297119,6.864000082015991,0.06100010871887207
6.802999973297119,6.828999996185303,0.026000022888183594
6.802999973297119,6.864000082015991,0.06100010871887207
6.848999977111816,6.874000072479248,0.02500009536743164
6.8500001430511475,6.921000003814697,0.0709998607635498
6.8500001430511475,6.921000003814697,0.0709998607635498
6.8500001430511475,6.874000072479248,0.023999929428100586
6.851999998092651,6.921000003814697,0.0690000057220459
6.851999998092651,6.874000072479248,0.02200007438659668
6.851999998092651,6.874000072479248,0.02200007438659668
6.851999998092651,6.874000072479248,0.02200007438659668
6.851999998092651,6.874000072479248,0.02200007438659668
6.852999925613403,6.921000003814697,0.06800007820129395
6.900000095367432,6.9690001010894775,0.0690000057220459
6.9019999504089355,6.9679999351501465,0.06599998474121094
6.9019999504089355,6.920000076293945,0.018000125885009766
6.9019999504089355,6.9690001010894775,0.06700015068054199
6.9019999504089355,6.921000003814697,0.01900005340576172
6.9019999504089355,6.9679999351501465,0.06599998474121094
6.9019999504089355,6.921000003814697,0.01900005340576172
6.9019999504089355,6.9679999351501465,0.06599998474121094
6.9019999504089355,6.9679999351501465,0.06599998474121094
6.9019999504089355,6.920000076293945,0.018000125885009766
6.950000047683716,7.019000053405762,0.0690000057220459
6.950000047683716,6.9690001010894775,0.01900005340576172
6.950000047683716,6.9709999561309814,0.020999908447265625
6.950999975204468,6.9709999561309814,0.019999980926513672
6.950999975204468,6.9709999561309814,0.019999980926513672
6.950999975204468,7.019000053405762,0.06800007820129395
6.950999975204468,6.9709999561309814,0.019999980926513672
6.950999975204468,7.01800012588501,0.06700015068054199
6.950999975204468,6.9709999561309814,0.019999980926513672
6.950999975204468,7.01800012588501,0.06700015068054199
6.998000144958496,7.019000053405762,0.020999908447265625
7.0,7.0269999504089355,0.026999950408935547
7.0,7.0269999504089355,0.026999950408935547
7.002000093460083,7.019000053405762,0.01699995994567871
7.002000093460083,7.0269999504089355,0.02499985694885254
7.002000093460083,7.0269999504089355,0.02499985694885254
7.002000093460083,7.068000078201294,0.06599998474121094
7.002000093460083,7.0269999504089355,0.02499985694885254
7.002000093460083,7.068000078201294,0.06599998474121094
7.002000093460083,7.068000078201294,0.06599998474121094
7.049999952316284,7.072999954223633,0.023000001907348633
7.049999952316284,7.072999954223633,0.023000001907348633
7.049999952316284,7.068000078201294,0.018000125885009766
7.049999952316284,7.068000078201294,0.018000125885009766
7.051000118255615,7.072999954223633,0.021999835968017578
7.051000118255615,7.072999954223633,0.021999835968017578
7.051000118255615,7.072999954223633,0.021999835968017578
7.052000045776367,7.072999954223633,0.020999908447265625
7.052000045776367,7.115999937057495,0.06399989128112793
7.052000045776367,7.072999954223633,0.020999908447265625
7.1000001430511475,7.16100001335144,0.06099987030029297
7.1000001430511475,7.115999937057495,0.015999794006347656
7.1000001430511475,7.16100001335144,0.06099987030029297
7.1000001430511475,7.161999940872192,0.06199979782104492
7.1000001430511475,7.115999937057495,0.015999794006347656
7.1000001430511475,7.117000102996826,0.01699995994567871
7.1000001430511475,7.115999937057495,0.015999794006347656
7.1000001430511475,7.117000102996826,0.01699995994567871
7.101000070571899,7.117000102996826,0.016000032424926758
7.102999925613403,7.115999937057495,0.013000011444091797
7.150000095367432,7.216000080108643,0.06599998474121094
7.151000022888184,7.216000080108643,0.06500005722045898
7.151000022888184,7.16100001335144,0.009999990463256836
7.151000022888184,7.216000080108643,0.06500005722045898
7.151000022888184,7.16100001335144,0.009999990463256836
7.151000022888184,7.215000152587891,0.06400012969970703
7.151000022888184,7.215000152587891,0.06400012969970703
7.151000022888184,7.1600000858306885,0.009000062942504883
7.151000022888184,7.16100001335144,0.009999990463256836
7.151000022888184,7.16100001335144,0.009999990463256836
7.200000047683716,7.2170000076293945,0.01699995994567871
7.200000047683716,7.269999980926514,0.06999993324279785
7.200000047683716,7.2250001430511475,0.02500009536743164
7.200000047683716,7.2250001430511475,0.02500009536743164
7.200000047683716,7.2250001430511475,0.02500009536743164
7.200000047683716,7.2250001430511475,0.02500009536743164
7.200000047683716,7.269999980926514,0.06999993324279785
7.200000047683716,7.2250001430511475,0.02500009536743164
7.203000068664551,7.2250001430511475,0.02200007438659668
7.203000068664551,7.2250001430511475,0.02200007438659668
7.25,7.312999963760376,0.06299996376037598
7.25,7.269999980926514,0.019999980926513672
7.25,7.312000036239624,0.06200003623962402
7.25,7.269999980926514,0.019999980926513672
7.252000093460083,7.312999963760376,0.06099987030029297
7.252000093460083,7.271000146865845,0.01900005340576172
7.252000093460083,7.312999963760376,0.06099987030029297
7.252000093460083,7.312999963760376,0.06099987030029297
7.252000093460083,7.312000036239624,0.059999942779541016
7.253000020980835,7.269999980926514,0.01699995994567871
7.299999952316284,7.361000061035156,0.06100010871887207
7.299999952316284,7.317000150680542,0.017000198364257812
7.302000045776367,7.317000150680542,0.015000104904174805
7.302000045776367,7.312000036239624,0.009999990463256836
7.302000045776367,7.317000150680542,0.015000104904174805
7.302000045776367,7.315999984741211,0.01399993896484375
7.302000045776367,7.315999984741211,0.01399993896484375
7.302000045776367,7.315999984741211,0.01399993896484375
7.302000045776367,7.312000036239624,0.009999990463256836
7.302999973297119,7.317000150680542,0.014000177383422852
7.348999977111816,7.361000061035156,0.012000083923339844
7.351000070571899,7.361000061035156,0.009999990463256836
7.351000070571899,7.378000020980835,0.026999950408935547
7.351000070571899,7.427999973297119,0.07699990272521973
7.351000070571899,7.378000020980835,0.026999950408935547
7.351000070571899,7.378000020980835,0.026999950408935547
7.351000070571899,7.378000020980835,0.026999950408935547
7.351000070571899,7.378000020980835,0.026999950408935547
7.351000070571899,7.378000020980835,0.026999950408935547
7.352999925613403,7.378000020980835,0.02500009536743164
7.398000001907349,7.427999973297119,0.029999971389770508
7.400000095367432,7.4750001430511475,0.07500004768371582
7.400000095367432,7.427999973297119,0.0279998779296875
7.400000095367432,7.427999973297119,0.0279998779296875
7.400000095367432,7.427999973297119,0.0279998779296875
7.400000095367432,7.4750001430511475,0.07500004768371582
7.401000022888184,7.4750001430511475,0.07400012016296387
7.401000022888184,7.427999973297119,0.026999950408935547
7.401000022888184,7.4750001430511475,0.07400012016296387
7.401000022888184,7.427999973297119,0.026999950408935547
7.450000047683716,7.515000104904175,0.06500005722045898
7.450000047683716,7.515000104904175,0.06500005722045898
7.452000141143799,7.4750001430511475,0.023000001907348633
7.452000141143799,7.4750001430511475,0.023000001907348633
7.452000141143799,7.515000104904175,0.06299996376037598
7.452000141143799,7.4750001430511475,0.023000001907348633
7.452000141143799,7.4750001430511475,0.023000001907348633
7.452000141143799,7.4750001430511475,0.023000001907348633
7.452000141143799,7.515000104904175,0.06299996376037598
7.452000141143799,7.515000104904175,0.06299996376037598
7.5,7.515000104904175,0.015000104904174805
7.500999927520752,7.515000104904175,0.014000177383422852
7.500999927520752,7.565999984741211,0.06500005722045898
7.500999927520752,7.515000104904175,0.014000177383422852
7.502000093460083,7.515000104904175,0.013000011444091797
7.502000093460083,7.565999984741211,0.06399989128112793
7.502000093460083,7.565999984741211,0.06399989128112793
7.502000093460083,7.565999984741211,0.06399989128112793
7.502000093460083,7.515000104904175,0.013000011444091797
7.503000020980835,7.565999984741211,0.06299996376037598
7.549999952316284,7.621999979019165,0.07200002670288086
7.549999952316284,7.621999979019165,0.07200002670288086
7.551000118255615,7.621999979019165,0.0709998607635498
7.551000118255615,7.575999975204468,0.02499985694885254
7.551000118255615,7.575000047683716,0.023999929428100586
7.552000045776367,7.621999979019165,0.06999993324279785
7.552000045776367,7.575000047683716,0.023000001907348633
7.552000045776367,7.621999979019165,0.06999993324279785
7.552000045776367,7.575999975204468,0.023999929428100586
7.552999973297119,7.621000051498413,0.06800007820129395
7.598999977111816,7.623000144958496,0.024000167846679688
7.601000070571899,7.669000148773193,0.06800007820129395
7.601000070571899,7.621999979019165,0.020999908447265625
7.601000070571899,7.623000144958496,0.02200007438659668
7.601999998092651,7.623000144958496,0.021000146865844727
7.601999998092651,7.623000144958496,0.021000146865844727
7.601999998092651,7.623000144958496,0.021000146865844727
7.601999998092651,7.623000144958496,0.021000146865844727
7.601999998092651,7.623000144958496,0.021000146865844727
7.601999998092651,7.621999979019165,0.019999980926513672
7.648000001907349,7.7190001010894775,0.0710000991821289
7.6519999504089355,7.7190001010894775,0.06700015068054199
7.6519999504089355,7.669000148773193,0.017000198364257812
7.6519999504089355,7.669000148773193,0.017000198364257812
7.6519999504089355,7.7190001010894775,0.06700015068054199
7.6519999504089355,7.669000148773193,0.017000198364257812
7.6519999504089355,7.669000148773193,0.017000198364257812
7.6519999504089355,7.7190001010894775,0.06700015068054199
7.6519999504089355,7.669000148773193,0.017000198364257812
7.653000116348267,7.669000148773193,0.016000032424926758
7.700999975204468,7.769999980926514,0.0690000057220459
7.700999975204468,7.730999946594238,0.029999971389770508
7.700999975204468,7.771000146865845,0.07000017166137695
7.700999975204468,7.771000146865845,0.07000017166137695
7.700999975204468,7.730999946594238,0.029999971389770508
7.700999975204468,7.771000146865845,0.07000017166137695
7.700999975204468,7.771000146865845,0.07000017166137695
7.700999975204468,7.772000074386597,0.0710000991821289
7.702000141143799,7.730999946594238,0.028999805450439453
7.702000141143799,7.7190001010894775,0.01699995994567871
7.75,7.822000026702881,0.07200002670288086
7.75,7.822000026702881,0.07200002670288086
7.75,7.7790000438690186,0.029000043869018555
7.75,7.7790000438690186,0.029000043869018555
7.750999927520752,7.7790000438690186,0.0280001163482666
7.752000093460083,7.7790000438690186,0.026999950408935547
7.752000093460083,7.7790000438690186,0.026999950408935547
7.752000093460083,7.7790000438690186,0.026999950408935547
7.753000020980835,7.7790000438690186,0.026000022888183594
7.753000020980835,7.822000026702881,0.0690000057220459
7.799999952316284,7.867000102996826,0.06700015068054199
7.799999952316284,7.867000102996826,0.06700015068054199
7.799999952316284,7.822999954223633,0.023000001907348633
7.799999952316284,7.867000102996826,0.06700015068054199
7.802000045776367,7.822000026702881,0.019999980926513672
7.802000045776367,7.822000026702881,0.019999980926513672
7.802000045776367,7.867000102996826,0.06500005722045898
7.802000045776367,7.867000102996826,0.06500005722045898
7.802000045776367,7.867000102996826,0.06500005722045898
7.802999973297119,7.822000026702881,0.01900005340576172
7.8480000495910645,7.86899995803833,0.020999908447265625
7.851000070571899,7.86899995803833,0.017999887466430664
7.851000070571899,7.867000102996826,0.016000032424926758
7.851000070571899,7.86899995803833,0.017999887466430664
7.851000070571899,7.867000102996826,0.016000032424926758
7.851000070571899,7.914999961853027,0.06399989128112793
7.851000070571899,7.86899995803833,0.017999887466430664
7.851000070571899,7.86899995803833,0.017999887466430664
7.851000070571899,7.86899995803833,0.017999887466430664
7.851000070571899,7.86899995803833,0.017999887466430664
7.900000095367432,7.914999961853027,0.014999866485595703
7.9019999504089355,7.932000160217285,0.03000020980834961
7.903000116348267,7.982000112533569,0.07899999618530273
7.903000116348267,7.932000160217285,0.029000043869018555
7.903000116348267,7.982000112533569,0.07899999618530273
7.903000116348267,7.932000160217285,0.029000043869018555
7.903000116348267,7.982000112533569,0.07899999618530273
7.903000116348267,7.982000112533569,0.07899999618530273
7.903000116348267,7.982000112533569,0.07899999618530273
7.903000116348267,7.932000160217285,0.029000043869018555
7.950000047683716,7.983999967575073,0.03399991989135742
7.950000047683716,7.985000133514404,0.03500008583068848
7.950999975204468,7.982000112533569,0.031000137329101562
7.950999975204468,7.982000112533569,0.031000137329101562
7.950999975204468,7.983999967575073,0.03299999237060547
7.950999975204468,7.985000133514404,0.03400015830993652
7.952000141143799,7.983999967575073,0.031999826431274414
7.952000141143799,8.019000053405762,0.06699991226196289
7.952000141143799,7.983999967575073,0.031999826431274414
7.953000068664551,7.985000133514404,0.032000064849853516
8.0,8.019000053405762,0.01900005340576172
8.000999927520752,8.019000053405762,0.018000125885009766
8.000999927520752,8.062000036239624,0.06100010871887207
8.000999927520752,8.019000053405762,0.018000125885009766
8.000999927520752,8.019000053405762,0.018000125885009766
8.000999927520752,8.019000053405762,0.018000125885009766
8.000999927520752,8.062000036239624,0.06100010871887207
8.000999927520752,8.019000053405762,0.018000125885009766
8.003000020980835,8.019000053405762,0.016000032424926758
8.003000020980835,8.061000108718872,0.05800008773803711
8.049999952316284,8.125,0.07500004768371582
8.049999952316284,8.062000036239624,0.012000083923339844
8.049999952316284,8.061000108718872,0.01100015640258789
8.049999952316284,8.125,0.07500004768371582
8.049999952316284,8.125,0.07500004768371582
8.049999952316284,8.124000072479248,0.07400012016296387
8.049999952316284,8.062000036239624,0.012000083923339844
8.049999952316284,8.125,0.07500004768371582
8.049999952316284,8.062000036239624,0.012000083923339844
8.05299997329712,8.124000072479248,0.0710000991821289
8.098999977111816,8.180000066757202,0.08100008964538574
8.098999977111816,8.128999948501587,0.029999971389770508
8.100000143051147,8.128999948501587,0.028999805450439453
8.1010000705719,8.180000066757202,0.07899999618530273
8.1010000705719,8.17900013923645,0.07800006866455078
8.1010000705719,8.17900013923645,0.07800006866455078
8.101999998092651,8.128999948501587,0.026999950408935547
8.101999998092651,8.17900013923645,0.07700014114379883
8.101999998092651,8.128999948501587,0.026999950408935547
8.102999925613403,8.17900013923645,0.07600021362304688
8.150000095367432,8.182000160217285,0.032000064849853516
8.151000022888184,8.21399998664856,0.06299996376037598
8.151000022888184,8.21399998664856,0.06299996376037598
8.151000022888184,8.21399998664856,0.06299996376037598
8.151000022888184,8.182000160217285,0.031000137329101562
8.151999950408936,8.17900013923645,0.02700018882751465
8.151999950408936,8.183000087738037,0.031000137329101562
8.151999950408936,8.182000160217285,0.03000020980834961
8.151999950408936,8.182000160217285,0.03000020980834961
8.151999950408936,8.182000160217285,0.03000020980834961
8.200000047683716,8.26800012588501,0.06800007820129395
8.200000047683716,8.26800012588501,0.06800007820129395
8.200000047683716,8.266999959945679,0.06699991226196289
8.200000047683716,8.21500015258789,0.015000104904174805
8.200000047683716,8.266999959945679,0.06699991226196289
8.200000047683716,8.21399998664856,0.01399993896484375
8.20300006866455,8.21399998664856,0.010999917984008789
8.20300006866455,8.21399998664856,0.010999917984008789
8.20300006866455,8.26800012588501,0.06500005722045898
8.20300006866455,8.21399998664856,0.010999917984008789
8.25,8.27999997138977,0.029999971389770508
8.25,8.266999959945679,0.01699995994567871
8.25,8.276999950408936,0.026999950408935547
8.25,8.276999950408936,0.026999950408935547
8.250999927520752,8.27999997138977,0.029000043869018555
8.250999927520752,8.27999997138977,0.029000043869018555
8.250999927520752,8.27999997138977,0.029000043869018555
8.250999927520752,8.27999997138977,0.029000043869018555
8.253000020980835,8.27999997138977,0.026999950408935547
8.253000020980835,8.27999997138977,0.026999950408935547
8.299000024795532,8.367000102996826,0.06800007820129395
8.299999952316284,8.367000102996826,0.06700015068054199
8.299999952316284,8.321000099182129,0.021000146865844727
8.299999952316284,8.321000099182129,0.021000146865844727
8.301000118255615,8.368000030517578,0.06699991226196289
8.301000118255615,8.321000099182129,0.019999980926513672
8.301000118255615,8.321000099182129,0.019999980926513672
8.302000045776367,8.321000099182129,0.01900005340576172
8.302000045776367,8.321000099182129,0.01900005340576172
8.302000045776367,8.367000102996826,0.06500005722045898
8.350000143051147,8.367000102996826,0.01699995994567871
8.350000143051147,8.41700005531311,0.06699991226196289
8.350000143051147,8.417999982833862,0.06799983978271484
8.350000143051147,8.41700005531311,0.06699991226196289
8.350000143051147,8.367000102996826,0.01699995994567871
8.350000143051147,8.417999982833862,0.06799983978271484
8.350000143051147,8.368000030517578,0.017999887466430664
8.352999925613403,8.417999982833862,0.06500005722045898
8.352999925613403,8.41700005531311,0.06400012969970703
8.352999925613403,8.367000102996826,0.014000177383422852
8.400000095367432,8.419000148773193,0.01900005340576172
8.400000095367432,8.430999994277954,0.03099989891052246
8.401999950408936,8.475000143051147,0.07300019264221191
8.401999950408936,8.430999994277954,0.029000043869018555
8.401999950408936,8.430999994277954,0.029000043869018555
8.401999950408936,8.430999994277954,0.029000043869018555
8.401999950408936,8.430999994277954,0.029000043869018555
8.401999950408936,8.430999994277954,0.029000043869018555
8.401999950408936,8.430999994277954,0.029000043869018555
8.401999950408936,8.4760000705719,0.07400012016296387
8.450000047683716,8.4760000705719,0.026000022888183594
8.450000047683716,8.519000053405762,0.0690000057220459
8.450999975204468,8.51800012588501,0.06700015068054199
8.450999975204468,8.519000053405762,0.06800007820129395
8.450999975204468,8.51800012588501,0.06700015068054199
8.450999975204468,8.4760000705719,0.02500009536743164
8.450999975204468,8.475000143051147,0.024000167846679688
8.450999975204468,8.51800012588501,0.06700015068054199
8.450999975204468,8.4760000705719,0.02500009536743164
8.452000141143799,8.4760000705719,0.023999929428100586
8.499000072479248,8.567000150680542,0.06800007820129395
8.5,8.522000074386597,0.02200007438659668
8.500999927520752,8.522000074386597,0.021000146865844727
8.502000093460083,8.522000074386597,0.019999980926513672
8.502000093460083,8.565999984741211,0.06399989128112793
8.502000093460083,8.522000074386597,0.019999980926513672
8.502000093460083,8.522000074386597,0.019999980926513672
8.502000093460083,8.522000074386597,0.019999980926513672
8.502000093460083,8.522000074386597,0.019999980926513672
8.502000093460083,8.519000053405762,0.01699995994567871
8.549999952316284,8.582000017166138,0.032000064849853516
8.549999952316284,8.582000017166138,0.032000064849853516
8.549999952316284,8.582000017166138,0.032000064849853516
8.549999952316284,8.582000017166138,0.032000064849853516
8.549999952316284,8.565999984741211,0.016000032424926758
8.551000118255615,8.567000150680542,0.016000032424926758
8.551000118255615,8.567000150680542,0.016000032424926758
8.551000118255615,8.582000017166138,0.03099989891052246
8.551000118255615,8.565999984741211,0.014999866485595703
8.55299997329712,8.567000150680542,0.014000177383422852
8.598000049591064,8.617000102996826,0.01900005340576172
8.6010000705719,8.627000093460083,0.026000022888183594
8.6010000705719,8.617000102996826,0.016000032424926758
8.6010000705719,8.627000093460083,0.026000022888183594
8.6010000705719,8.627000093460083,0.026000022888183594
8.6010000705719,8.67199993133545,0.0709998607635498
8.6010000705719,8.627000093460083,0.026000022888183594
8.6010000705719,8.627000093460083,0.026000022888183594
8.601999998092651,8.627000093460083,0.02500009536743164
8.601999998092651,8.627000093460083,0.02500009536743164
8.650000095367432,8.67199993133545,0.021999835968017578
8.650000095367432,8.723999977111816,0.07399988174438477
8.650000095367432,8.723999977111816,0.07399988174438477
8.651999950408936,8.723999977111816,0.07200002670288086
8.651999950408936,8.723999977111816,0.07200002670288086
8.651999950408936,8.67199993133545,0.019999980926513672
8.651999950408936,8.67199993133545,0.019999980926513672
8.651999950408936,8.67199993133545,0.019999980926513672
8.651999950408936,8.67199993133545,0.019999980926513672
8.651999950408936,8.723999977111816,0.07200002670288086
8.700000047683716,8.772000074386597,0.07200002670288086
8.702000141143799,8.772000074386597,0.06999993324279785
8.702000141143799,8.723999977111816,0.021999835968017578
8.702000141143799,8.772000074386597,0.06999993324279785
8.702000141143799,8.772000074386597,0.06999993324279785
8.702000141143799,8.771000146865845,0.0690000057220459
8.702000141143799,8.723999977111816,0.021999835968017578
8.702000141143799,8.773000001907349,0.0709998607635498
8.702000141143799,8.723999977111816,0.021999835968017578
8.702000141143799,8.723999977111816,0.021999835968017578
8.75,8.772000074386597,0.02200007438659668
8.752000093460083,8.782000064849854,0.029999971389770508
8.752000093460083,8.782000064849854,0.029999971389770508
8.752000093460083,8.782000064849854,0.029999971389770508
8.752000093460083,8.825000047683716,0.07299995422363281
8.753000020980835,8.782000064849854,0.029000043869018555
8.753000020980835,8.776000022888184,0.023000001907348633
8.753000020980835,8.782000064849854,0.029000043869018555
8.753000020980835,8.782000064849854,0.029000043869018555
8.753000020980835,8.782000064849854,0.029000043869018555
8.799000024795532,8.825000047683716,0.026000022888183594
8.799999952316284,8.825999975204468,0.026000022888183594
8.799999952316284,8.825000047683716,0.02500009536743164
8.802000045776367,8.825000047683716,0.023000001907348633
8.802000045776367,8.825000047683716,0.023000001907348633
8.802000045776367,8.871999979019165,0.06999993324279785
8.802000045776367,8.871999979019165,0.06999993324279785
8.802000045776367,8.825000047683716,0.023000001907348633
8.802000045776367,8.871999979019165,0.06999993324279785
8.802000045776367,8.825000047683716,0.023000001907348633
8.850000143051147,8.871999979019165,0.021999835968017578
8.850000143051147,8.920000076293945,0.06999993324279785
8.850000143051147,8.871999979019165,0.021999835968017578
8.850000143051147,8.871999979019165,0.021999835968017578
8.8510000705719,8.919000148773193,0.06800007820129395
8.8510000705719,8.919000148773193,0.06800007820129395
8.8510000705719,8.920000076293945,0.0690000057220459
8.8510000705719,8.871000051498413,0.019999980926513672
8.8510000705719,8.920000076293945,0.0690000057220459
8.852999925613403,8.871999979019165,0.01900005340576172
8.900000095367432,8.969000101089478,0.0690000057220459
8.900000095367432,8.969000101089478,0.0690000057220459
8.901999950408936,8.97000002861023,0.06800007820129395
8.901999950408936,8.919000148773193,0.017000198364257812
8.901999950408936,8.97000002861023,0.06800007820129395
8.901999950408936,8.920000076293945,0.018000125885009766
8.901999950408936,8.920000076293945,0.018000125885009766
8.901999950408936,8.919000148773193,0.017000198364257812
8.901999950408936,8.920000076293945,0.018000125885009766
8.903000116348267,8.919000148773193,0.016000032424926758
8.950000047683716,9.0239999294281,0.07399988174438477
8.950000047683716,8.979000091552734,0.029000043869018555
8.950000047683716,9.0239999294281,0.07399988174438477
8.950000047683716,9.0239999294281,0.07399988174438477
8.950000047683716,8.979000091552734,0.029000043869018555
8.950000047683716,9.0239999294281,0.07399988174438477
8.950999975204468,8.979000091552734,0.0280001163482666
8.95300006866455,8.979000091552734,0.026000022888183594
8.95300006866455,8.979000091552734,0.026000022888183594
8.95300006866455,8.979000091552734,0.026000022888183594
8.998000144958496,9.0239999294281,0.025999784469604492
9.0,9.0239999294281,0.023999929428100586
9.0,9.0239999294281,0.023999929428100586
9.0,9.0239999294281,0.023999929428100586
9.0,9.069999933242798,0.06999993324279785
9.0,9.069999933242798,0.06999993324279785
9.0,9.0239999294281,0.023999929428100586
9.000999927520752,9.071000099182129,0.07000017166137695
9.002000093460083,9.071000099182129,0.0690000057220459
9.002000093460083,9.0239999294281,0.021999835968017578
9.049999952316284,9.124000072479248,0.07400012016296387
9.049999952316284,9.124000072479248,0.07400012016296387
9.051000118255615,9.069999933242798,0.018999814987182617
9.051000118255615,9.069999933242798,0.018999814987182617
9.052000045776367,9.124000072479248,0.07200002670288086
9.052000045776367,9.123000144958496,0.0710000991821289
9.05299997329712,9.123000144958496,0.07000017166137695
9.05299997329712,9.069999933242798,0.01699995994567871
9.05299997329712,9.123000144958496,0.07000017166137695
9.05299997329712,9.069999933242798,0.01699995994567871
9.100000143051147,9.124000072479248,0.023999929428100586
9.100000143051147,9.125,0.02499985694885254
9.100000143051147,9.125999927520752,0.025999784469604492
9.100000143051147,9.125,0.02499985694885254
9.1010000705719,9.125999927520752,0.02499985694885254
9.1010000705719,9.125,0.023999929428100586
9.1010000705719,9.125,0.023999929428100586
9.101999998092651,9.125,0.023000001907348633
9.102999925613403,9.125,0.02200007438659668
9.102999925613403,9.124000072479248,0.021000146865844727
9.1489999294281,9.16700005531311,0.018000125885009766
9.151000022888184,9.16700005531311,0.016000032424926758
9.151000022888184,9.180000066757202,0.029000043869018555
9.151999950408936,9.180000066757202,0.0280001163482666
9.151999950408936,9.180000066757202,0.0280001163482666
9.151999950408936,9.180000066757202,0.0280001163482666
9.151999950408936,9.180000066757202,0.0280001163482666
9.151999950408936,9.225000143051147,0.07300019264221191
9.151999950408936,9.180000066757202,0.0280001163482666
9.151999950408936,9.225000143051147,0.07300019264221191
9.200000047683716,9.225000143051147,0.02500009536743164
9.202000141143799,9.273000001907349,0.0709998607635498
9.202000141143799,9.225000143051147,0.023000001907348633
9.202000141143799,9.273000001907349,0.0709998607635498
9.202000141143799,9.225000143051147,0.023000001907348633
9.202000141143799,9.273000001907349,0.0709998607635498
9.202000141143799,9.225000143051147,0.023000001907348633
9.202000141143799,9.2739999294281,0.07199978828430176
9.202000141143799,9.273000001907349,0.0709998607635498
9.202000141143799,9.225000143051147,0.023000001907348633
9.25,9.275000095367432,0.02500009536743164
9.25,9.275000095367432,0.02500009536743164
9.25,9.275000095367432,0.02500009536743164
9.25,9.275000095367432,0.02500009536743164
9.25,9.275000095367432,0.02500009536743164
9.250999927520752,9.275000095367432,0.024000167846679688
9.252000093460083,9.275000095367432,0.023000001907348633
9.252000093460083,9.275000095367432,0.023000001907348633
9.253000020980835,9.273000001907349,0.019999980926513672
9.253000020980835,9.2739999294281,0.020999908447265625
9.299999952316284,9.311000108718872,0.01100015640258789
9.299999952316284,9.368000030517578,0.06800007820129395
9.299999952316284,9.368000030517578,0.06800007820129395
9.299999952316284,9.311000108718872,0.01100015640258789
9.299999952316284,9.311000108718872,0.01100015640258789
9.299999952316284,9.311000108718872,0.01100015640258789
9.299999952316284,9.311000108718872,0.01100015640258789
9.299999952316284,9.311000108718872,0.01100015640258789
9.30299997329712,9.367000102996826,0.06400012969970703
9.30299997329712,9.311000108718872,0.00800013542175293
9.348000049591064,9.375999927520752,0.0279998779296875
9.351999998092651,9.42199993133545,0.06999993324279785
9.351999998092651,9.421000003814697,0.0690000057220459
9.351999998092651,9.375999927520752,0.023999929428100586
9.351999998092651,9.375999927520752,0.023999929428100586
9.351999998092651,9.375999927520752,0.023999929428100586
9.351999998092651,9.375999927520752,0.023999929428100586
9.351999998092651,9.421000003814697,0.0690000057220459
9.351999998092651,9.375999927520752,0.023999929428100586
9.351999998092651,9.421000003814697,0.0690000057220459
9.3989999294281,9.421000003814697,0.02200007438659668
9.401999950408936,9.475000143051147,0.07300019264221191
9.401999950408936,9.421000003814697,0.01900005340576172
9.401999950408936,9.475000143051147,0.07300019264221191
9.401999950408936,9.421000003814697,0.01900005340576172
9.401999950408936,9.475000143051147,0.07300019264221191
9.401999950408936,9.475000143051147,0.07300019264221191
9.401999950408936,9.421000003814697,0.01900005340576172
9.401999950408936,9.475000143051147,0.07300019264221191
9.401999950408936,9.475000143051147,0.07300019264221191
9.449000120162964,9.519000053405762,0.06999993324279785
9.450999975204468,9.4760000705719,0.02500009536743164
9.450999975204468,9.4760000705719,0.02500009536743164
9.450999975204468,9.475000143051147,0.024000167846679688
9.450999975204468,9.4760000705719,0.02500009536743164
9.450999975204468,9.51800012588501,0.06700015068054199
9.450999975204468,9.4760000705719,0.02500009536743164
9.450999975204468,9.51800012588501,0.06700015068054199
9.450999975204468,9.4760000705719,0.02500009536743164
9.452000141143799,9.4760000705719,0.023999929428100586
9.499000072479248,9.519000053405762,0.019999980926513672
9.502000093460083,9.529000043869019,0.026999950408935547
9.502000093460083,9.529000043869019,0.026999950408935547
9.502000093460083,9.529000043869019,0.026999950408935547
9.502000093460083,9.529000043869019,0.026999950408935547
9.502000093460083,9.529000043869019,0.026999950408935547
9.502000093460083,9.51800012588501,0.016000032424926758
9.502000093460083,9.51800012588501,0.016000032424926758
9.502000093460083,9.529000043869019,0.026999950408935547
9.503000020980835,9.529000043869019,0.026000022888183594
9.551000118255615,9.578999996185303,0.0279998779296875
9.552000045776367,9.615000009536743,0.06299996376037598
9.552000045776367,9.615000009536743,0.06299996376037598
9.552000045776367,9.578999996185303,0.026999950408935547
9.552000045776367,9.578999996185303,0.026999950408935547
9.552000045776367,9.615000009536743,0.06299996376037598
9.55299997329712,9.615000009536743,0.06200003623962402
9.55299997329712,9.578999996185303,0.026000022888183594
9.55299997329712,9.615000009536743,0.06200003623962402
9.55299997329712,9.578999996185303,0.026000022888183594
9.598999977111816,9.624000072479248,0.02500009536743164
9.600000143051147,9.664999961853027,0.06499981880187988
9.600000143051147,9.624000072479248,0.023999929428100586
9.600000143051147,9.624000072479248,0.023999929428100586
9.600000143051147,9.664999961853027,0.06499981880187988
9.600000143051147,9.625,0.02499985694885254
9.601999998092651,9.664999961853027,0.06299996376037598
9.601999998092651,9.624000072479248,0.02200007438659668
9.601999998092651,9.625,0.023000001907348633
9.601999998092651,9.624000072479248,0.02200007438659668
9.650000095367432,9.72000002861023,0.06999993324279785
9.650000095367432,9.719000101089478,0.0690000057220459
9.651000022888184,9.664999961853027,0.01399993896484375
9.651000022888184,9.719000101089478,0.06800007820129395
9.651000022888184,9.664999961853027,0.01399993896484375
9.651000022888184,9.664999961853027,0.01399993896484375
9.651000022888184,9.719000101089478,0.06800007820129395
9.651000022888184,9.719000101089478,0.06800007820129395
9.653000116348267,9.664999961853027,0.011999845504760742
9.653000116348267,9.664999961853027,0.011999845504760742
9.700999975204468,9.729000091552734,0.0280001163482666
9.700999975204468,9.722000122070312,0.021000146865844727
9.700999975204468,9.729000091552734,0.0280001163482666
9.700999975204468,9.729000091552734,0.0280001163482666
9.700999975204468,9.729000091552734,0.0280001163482666
9.700999975204468,9.729000091552734,0.0280001163482666
9.700999975204468,9.730000019073486,0.029000043869018555
9.702000141143799,9.778000116348267,0.07599997520446777
9.70300006866455,9.722000122070312,0.01900005340576172
9.70300006866455,9.730000019073486,0.026999950408935547
9.75,9.827000141143799,0.07700014114379883
9.75,9.778000116348267,0.0280001163482666
9.750999927520752,9.778000116348267,0.02700018882751465
9.752000093460083,9.827000141143799,0.07500004768371582
9.752000093460083,9.778000116348267,0.026000022888183594
9.752000093460083,9.778000116348267,0.026000022888183594
9.752000093460083,9.778000116348267,0.026000022888183594
9.753000020980835,9.778000116348267,0.02500009536743164
9.753000020980835,9.827000141143799,0.07400012016296387
9.753000020980835,9.827000141143799,0.07400012016296387
9.799999952316284,9.82800006866455,0.0280001163482666
9.799999952316284,9.82800006866455,0.0280001163482666
9.799999952316284,9.82800006866455,0.0280001163482666
9.802000045776367,9.82800006866455,0.026000022888183594
9.802000045776367,9.827000141143799,0.02500009536743164
9.802000045776367,9.82800006866455,0.026000022888183594
9.802000045776367,9.82800006866455,0.026000022888183594
9.802000045776367,9.827000141143799,0.02500009536743164
9.802000045776367,9.870000123977661,0.06800007820129395
9.802000045776367,9.827000141143799,0.02500009536743164
9.850000143051147,9.870000123977661,0.019999980926513672
9.850000143051147,9.919000148773193,0.0690000057220459
9.850000143051147,9.919000148773193,0.0690000057220459
9.850000143051147,9.870000123977661,0.019999980926513672
9.850000143051147,9.919000148773193,0.0690000057220459
9.850000143051147,9.870000123977661,0.019999980926513672
9.850000143051147,9.870000123977661,0.019999980926513672
9.850000143051147,9.870000123977661,0.019999980926513672
9.852999925613403,9.870000123977661,0.017000198364257812
9.852999925613403,9.870000123977661,0.017000198364257812
9.898000001907349,9.92900013923645,0.031000137329101562
9.901000022888184,9.95900011062622,0.05800008773803711
9.901000022888184,9.92900013923645,0.0280001163482666
9.901000022888184,9.92900013923645,0.0280001163482666
9.901000022888184,9.95900011062622,0.05800008773803711
9.901000022888184,9.92900013923645,0.0280001163482666
9.901000022888184,9.95900011062622,0.05800008773803711
9.901000022888184,9.95900011062622,0.05800008773803711
9.901000022888184,9.919000148773193,0.018000125885009766
9.901000022888184,9.95900011062622,0.05800008773803711
9.949000120162964,10.025000095367432,0.07599997520446777
9.950000047683716,9.95900011062622,0.009000062942504883
9.952000141143799,9.975000143051147,0.023000001907348633
9.952000141143799,10.025000095367432,0.07299995422363281
9.952000141143799,9.975000143051147,0.023000001907348633
9.952000141143799,10.0239999294281,0.07199978828430176
9.952000141143799,9.973999977111816,0.021999835968017578
9.952000141143799,9.975000143051147,0.023000001907348633
9.952000141143799,9.975000143051147,0.023000001907348633
9.952000141143799,9.975000143051147,0.023000001907348633
10.0,10.025000095367432,0.02500009536743164
10.0,10.062000036239624,0.06200003623962402
10.0,10.025000095367432,0.02500009536743164
10.002000093460083,10.0239999294281,0.021999835968017578
10.002000093460083,10.062000036239624,0.059999942779541016
10.002000093460083,10.062000036239624,0.059999942779541016
10.002000093460083,10.0239999294281,0.021999835968017578
10.002000093460083,10.062000036239624,0.059999942779541016
10.002000093460083,10.062000036239624,0.059999942779541016
10.002000093460083,10.0239999294281,0.021999835968017578
10.04800009727478,10.117000102996826,0.0690000057220459
10.049999952316284,10.062000036239624,0.012000083923339844
10.049999952316284,10.062000036239624,0.012000083923339844
10.049999952316284,10.117000102996826,0.06700015068054199
10.051000118255615,10.117000102996826,0.06599998474121094
10.051000118255615,10.061000108718872,0.009999990463256836
10.051000118255615,10.062000036239624,0.010999917984008789
10.052000045776367,10.117000102996826,0.06500005722045898
10.052000045776367,10.062000036239624,0.009999990463256836
10.052000045776367,10.115999937057495,0.06399989128112793
10.100000143051147,10.169000148773193,0.0690000057220459
10.100000143051147,10.11899995803833,0.018999814987182617
10.100000143051147,10.11899995803833,0.018999814987182617
10.100000143051147,10.127000093460083,0.026999950408935547
10.100000143051147,10.127000093460083,0.026999950408935547
10.100000143051147,10.127000093460083,0.026999950408935547
10.1010000705719,10.127000093460083,0.026000022888183594
10.1010000705719,10.127000093460083,0.026000022888183594
10.101999998092651,10.127000093460083,0.02500009536743164
10.102999925613403,10.127000093460083,0.024000167846679688
10.150000095367432,10.169000148773193,0.01900005340576172
10.150000095367432,10.220999956130981,0.0709998607635498
10.150000095367432,10.220999956130981,0.0709998607635498
10.150000095367432,10.22000002861023,0.06999993324279785
10.150000095367432,10.220999956130981,0.0709998607635498
10.150000095367432,10.170000076293945,0.019999980926513672
10.151000022888184,10.22000002861023,0.0690000057220459
10.151000022888184,10.170000076293945,0.01900005340576172
10.151000022888184,10.170000076293945,0.01900005340576172
10.151999950408936,10.170000076293945,0.018000125885009766
10.200000047683716,10.223000049591064,0.023000001907348633
10.200000047683716,10.265000104904175,0.06500005722045898
10.200000047683716,10.223000049591064,0.023000001907348633
10.200000047683716,10.223000049591064,0.023000001907348633
10.200000047683716,10.223000049591064,0.023000001907348633
10.200999975204468,10.220999956130981,0.019999980926513672
10.202000141143799,10.223000049591064,0.020999908447265625
10.202000141143799,10.223000049591064,0.020999908447265625
10.202000141143799,10.223000049591064,0.020999908447265625
10.20300006866455,10.220999956130981,0.017999887466430664
10.25,10.276999950408936,0.026999950408935547
10.25,10.265000104904175,0.015000104904174805
10.252000093460083,10.276999950408936,0.02499985694885254
10.252000093460083,10.276999950408936,0.02499985694885254
10.252000093460083,10.308000087738037,0.0559999942779541
10.252000093460083,10.308000087738037,0.0559999942779541
10.252000093460083,10.265000104904175,0.013000011444091797
10.252000093460083,10.308000087738037,0.0559999942779541
10.252000093460083,10.276999950408936,0.02499985694885254
10.252000093460083,10.308000087738037,0.0559999942779541
10.299999952316284,10.308000087738037,0.00800013542175293
10.301000118255615,10.32200002670288,0.020999908447265625
10.301000118255615,10.32200002670288,0.020999908447265625
10.301000118255615,10.32200002670288,0.020999908447265625
10.302000045776367,10.365999937057495,0.06399989128112793
10.302000045776367,10.367000102996826,0.06500005722045898
10.302000045776367,10.32200002670288,0.019999980926513672
10.302000045776367,10.32200002670288,0.019999980926513672
10.302000045776367,10.32200002670288,0.019999980926513672
10.30299997329712,10.32200002670288,0.01900005340576172
10.348999977111816,10.410000085830688,0.06100010871887207
10.350000143051147,10.410000085830688,0.059999942779541016
10.350000143051147,10.367000102996826,0.01699995994567871
10.350000143051147,10.410000085830688,0.059999942779541016
10.350000143051147,10.367000102996826,0.01699995994567871
10.350000143051147,10.367000102996826,0.01699995994567871
10.3510000705719,10.410000085830688,0.05900001525878906
10.3510000705719,10.410000085830688,0.05900001525878906
10.351999998092651,10.410000085830688,0.05800008773803711
10.352999925613403,10.365999937057495,0.013000011444091797
10.400000095367432,10.414999961853027,0.014999866485595703
10.400000095367432,10.414999961853027,0.014999866485595703
10.400000095367432,10.45900011062622,0.05900001525878906
10.400000095367432,10.414999961853027,0.014999866485595703
10.400000095367432,10.414000034332275,0.01399993896484375
10.400000095367432,10.414000034332275,0.01399993896484375
10.400000095367432,10.410000085830688,0.009999990463256836
10.403000116348267,10.414999961853027,0.011999845504760742
10.403000116348267,10.410000085830688,0.006999969482421875
10.403000116348267,10.414000034332275,0.010999917984008789
10.449000120162964,10.460000038146973,0.010999917984008789
10.452000141143799,10.519999980926514,0.06799983978271484
10.452000141143799,10.519999980926514,0.06799983978271484
10.452000141143799,10.476999998092651,0.02499985694885254
10.452000141143799,10.476999998092651,0.02499985694885254
10.452000141143799,10.476999998092651,0.02499985694885254
10.452000141143799,10.476999998092651,0.02499985694885254
10.452000141143799,10.476999998092651,0.02499985694885254
10.452000141143799,10.476999998092651,0.02499985694885254
10.452000141143799,10.519999980926514,0.06799983978271484
10.499000072479248,10.519999980926514,0.020999908447265625
10.499000072479248,10.5239999294281,0.02499985694885254
10.500999927520752,10.519999980926514,0.01900005340576172
10.500999927520752,10.519999980926514,0.01900005340576172
10.500999927520752,10.5239999294281,0.023000001907348633
10.500999927520752,10.5239999294281,0.023000001907348633
10.502000093460083,10.5239999294281,0.021999835968017578
10.502000093460083,10.5239999294281,0.021999835968017578
10.502000093460083,10.5239999294281,0.021999835968017578
10.502000093460083,10.5239999294281,0.021999835968017578
10.549999952316284,10.608999967575073,0.05900001525878906
10.549999952316284,10.608999967575073,0.05900001525878906
10.549999952316284,10.565000057220459,0.015000104904174805
10.551000118255615,10.565000057220459,0.01399993896484375
10.552000045776367,10.565000057220459,0.013000011444091797
10.552000045776367,10.608999967575073,0.056999921798706055
10.552000045776367,10.565000057220459,0.013000011444091797
10.552000045776367,10.565000057220459,0.013000011444091797
10.552000045776367,10.565000057220459,0.013000011444091797
10.552000045776367,10.565000057220459,0.013000011444091797
10.598000049591064,10.628999948501587,0.03099989891052246
10.600000143051147,10.608999967575073,0.008999824523925781
10.600000143051147,10.628999948501587,0.028999805450439453
10.600000143051147,10.628999948501587,0.028999805450439453
10.600000143051147,10.608999967575073,0.008999824523925781
10.600000143051147,10.628999948501587,0.028999805450439453
10.600000143051147,10.628999948501587,0.028999805450439453
10.6010000705719,10.608999967575073,0.007999897003173828
10.601999998092651,10.628999948501587,0.026999950408935547
10.601999998092651,10.628999948501587,0.026999950408935547
10.650000095367432,10.722000122070312,0.07200002670288086
10.650000095367432,10.674999952316284,0.02499985694885254
10.651999950408936,10.722000122070312,0.07000017166137695
10.651999950408936,10.674999952316284,0.023000001907348633
10.651999950408936,10.722000122070312,0.07000017166137695
10.651999950408936,10.674999952316284,0.023000001907348633
10.651999950408936,10.674999952316284,0.023000001907348633
10.651999950408936,10.674999952316284,0.023000001907348633
10.651999950408936,10.674999952316284,0.023000001907348633
10.653000116348267,10.674999952316284,0.021999835968017578
10.700000047683716,10.765000104904175,0.06500005722045898
10.702000141143799,10.722000122070312,0.019999980926513672
10.702000141143799,10.765000104904175,0.06299996376037598
10.702000141143799,10.722000122070312,0.019999980926513672
10.702000141143799,10.722000122070312,0.019999980926513672
10.702000141143799,10.722000122070312,0.019999980926513672
10.702000141143799,10.765000104904175,0.06299996376037598
10.702000141143799,10.722000122070312,0.019999980926513672
10.702000141143799,10.765000104904175,0.06299996376037598
10.70300006866455,10.722000122070312,0.01900005340576172
10.75,10.766999959945679,0.01699995994567871
10.752000093460083,10.766999959945679,0.014999866485595703
10.752000093460083,10.766999959945679,0.014999866485595703
10.752000093460083,10.765000104904175,0.013000011444091797
10.752000093460083,10.766999959945679,0.014999866485595703
10.752000093460083,10.766999959945679,0.014999866485595703
10.752000093460083,10.766999959945679,0.014999866485595703
10.752000093460083,10.765000104904175,0.013000011444091797
10.752000093460083,10.765000104904175,0.013000011444091797
10.752000093460083,10.766999959945679,0.014999866485595703
10.799999952316284,10.815999984741211,0.016000032424926758
10.799999952316284,10.815999984741211,0.016000032424926758
10.799999952316284,10.861000061035156,0.06100010871887207
10.799999952316284,10.815999984741211,0.016000032424926758
10.799999952316284,10.815999984741211,0.016000032424926758
10.799999952316284,10.861000061035156,0.06100010871887207
10.799999952316284,10.861000061035156,0.06100010871887207
10.802000045776367,10.815999984741211,0.01399993896484375
10.80299997329712,10.861000061035156,0.05800008773803711
10.80299997329712,10.861000061035156,0.05800008773803711
10.850000143051147,10.92799997329712,0.07799983024597168
10.851999998092651,10.92799997329712,0.07599997520446777
10.851999998092651,10.92799997329712,0.07599997520446777
10.851999998092651,10.875,0.023000001907348633
10.851999998092651,10.875,0.023000001907348633
10.851999998092651,10.92799997329712,0.07599997520446777
10.851999998092651,10.92900013923645,0.07700014114379883
10.851999998092651,10.875,0.023000001907348633
10.851999998092651,10.875,0.023000001907348633
10.851999998092651,10.875,0.023000001907348633
10.900000095367432,10.92799997329712,0.0279998779296875
10.901000022888184,10.92900013923645,0.0280001163482666
10.901000022888184,10.930000066757202,0.029000043869018555
10.901000022888184,10.930000066757202,0.029000043869018555
10.901999950408936,10.92900013923645,0.02700018882751465
10.901999950408936,10.930000066757202,0.0280001163482666
10.901999950408936,10.92799997329712,0.026000022888183594
10.901999950408936,10.930000066757202,0.0280001163482666
10.901999950408936,10.962000131607056,0.06000018119812012
10.903000116348267,10.960999965667725,0.05799984931945801
10.949000120162964,10.960999965667725,0.011999845504760742
10.950999975204468,10.960999965667725,0.009999990463256836
10.950999975204468,10.962000131607056,0.01100015640258789
10.950999975204468,11.013999938964844,0.06299996376037598
10.950999975204468,11.013999938964844,0.06299996376037598
10.950999975204468,10.960999965667725,0.009999990463256836
10.950999975204468,10.962000131607056,0.01100015640258789
10.950999975204468,11.013999938964844,0.06299996376037598
10.952000141143799,11.013999938964844,0.06199979782104492
10.952000141143799,11.013999938964844,0.06199979782104492
11.0,11.026999950408936,0.026999950408935547
11.0,11.069000005722046,0.0690000057220459
11.0,11.026000022888184,0.026000022888183594
11.0,11.069000005722046,0.0690000057220459
11.0,11.013999938964844,0.01399993896484375
11.0,11.026000022888184,0.026000022888183594
11.0,11.069000005722046,0.0690000057220459
11.003000020980835,11.069000005722046,0.06599998474121094
11.003000020980835,11.026999950408936,0.023999929428100586
11.003000020980835,11.026000022888184,0.023000001907348633
11.049000024795532,11.07200002670288,0.023000001907348633
11.051000118255615,11.07200002670288,0.020999908447265625
11.051000118255615,11.07200002670288,0.020999908447265625
11.051000118255615,11.069000005722046,0.017999887466430664
11.051000118255615,11.069000005722046,0.017999887466430664
11.051000118255615,11.07200002670288,0.020999908447265625
11.051000118255615,11.121000051498413,0.06999993324279785
11.051000118255615,11.07200002670288,0.020999908447265625
11.051000118255615,11.07200002670288,0.020999908447265625
11.051000118255615,11.07200002670288,0.020999908447265625
11.098000049591064,11.121000051498413,0.023000001907348633
11.1010000705719,11.170000076293945,0.0690000057220459
11.1010000705719,11.121000051498413,0.019999980926513672
11.101999998092651,11.121000051498413,0.01900005340576172
11.101999998092651,11.170000076293945,0.06800007820129395
11.101999998092651,11.121000051498413,0.01900005340576172
11.101999998092651,11.121000051498413,0.01900005340576172
11.101999998092651,11.121000051498413,0.01900005340576172
11.102999925613403,11.170000076293945,0.06700015068054199
11.102999925613403,11.121000051498413,0.018000125885009766
11.1489999294281,11.222000122070312,0.07300019264221191
11.151000022888184,11.222000122070312,0.0710000991821289
11.151000022888184,11.170000076293945,0.01900005340576172
11.151000022888184,11.177000045776367,0.026000022888183594
11.151999950408936,11.176000118255615,0.024000167846679688
11.151999950408936,11.177000045776367,0.02500009536743164
11.151999950408936,11.176000118255615,0.024000167846679688
11.151999950408936,11.176000118255615,0.024000167846679688
11.151999950408936,11.176000118255615,0.024000167846679688
11.151999950408936,11.170000076293945,0.018000125885009766
11.200000047683716,11.227999925613403,0.0279998779296875
11.200000047683716,11.227999925613403,0.0279998779296875
11.200000047683716,11.227999925613403,0.0279998779296875
11.200000047683716,11.222000122070312,0.02200007438659668
11.200000047683716,11.266000032424927,0.06599998474121094
11.202000141143799,11.222000122070312,0.019999980926513672
11.202000141143799,11.227999925613403,0.025999784469604492
11.202000141143799,11.227999925613403,0.025999784469604492
11.202000141143799,11.266000032424927,0.06399989128112793
11.20300006866455,11.227999925613403,0.02499985694885254
11.25,11.307000160217285,0.057000160217285156
11.25,11.266000032424927,0.016000032424926758
11.25,11.266000032424927,0.016000032424926758
11.25,11.266000032424927,0.016000032424926758
11.25,11.308000087738037,0.05800008773803711
11.25,11.307000160217285,0.057000160217285156
11.25,11.266000032424927,0.016000032424926758
11.25,11.307000160217285,0.057000160217285156
11.253000020980835,11.266000032424927,0.013000011444091797
11.253000020980835,11.308000087738037,0.05500006675720215
11.299000024795532,11.307000160217285,0.00800013542175293
11.302000045776367,11.315999984741211,0.01399993896484375
11.302000045776367,11.361000061035156,0.05900001525878906
11.302000045776367,11.315999984741211,0.01399993896484375
11.302000045776367,11.308000087738037,0.006000041961669922
11.302000045776367,11.315999984741211,0.01399993896484375
11.302000045776367,11.361000061035156,0.05900001525878906
11.302000045776367,11.315999984741211,0.01399993896484375
11.302000045776367,11.361000061035156,0.05900001525878906
11.302000045776367,11.315999984741211,0.01399993896484375
11.348000049591064,11.383000135421753,0.03500008583068848
11.351999998092651,11.41100001335144,0.05900001525878906
11.351999998092651,11.411999940872192,0.059999942779541016
11.351999998092651,11.383000135421753,0.031000137329101562
11.351999998092651,11.383000135421753,0.031000137329101562
11.351999998092651,11.383000135421753,0.031000137329101562
11.351999998092651,11.381999969482422,0.029999971389770508
11.351999998092651,11.41100001335144,0.05900001525878906
11.351999998092651,11.41100001335144,0.05900001525878906
11.351999998092651,11.381999969482422,0.029999971389770508
11.3989999294281,11.427000045776367,0.0280001163482666
11.400000095367432,11.426000118255615,0.026000022888183594
11.400000095367432,11.427000045776367,0.026999950408935547
11.401000022888184,11.427000045776367,0.026000022888183594
11.401000022888184,11.469000101089478,0.06800007820129395
11.401000022888184,11.427000045776367,0.026000022888183594
11.401000022888184,11.427000045776367,0.026000022888183594
11.401999950408936,11.467999935150146,0.06599998474121094
11.403000116348267,11.427000045776367,0.023999929428100586
11.403000116348267,11.467999935150146,0.06499981880187988
11.449000120162964,11.469000101089478,0.019999980926513672
11.450999975204468,11.467999935150146,0.01699995994567871
11.452000141143799,11.51800012588501,0.06599998474121094
11.452000141143799,11.51800012588501,0.06599998474121094
11.452000141143799,11.467999935150146,0.015999794006347656
11.452000141143799,11.467999935150146,0.015999794006347656
11.452000141143799,11.51800012588501,0.06599998474121094
11.452000141143799,11.51800012588501,0.06599998474121094
11.452000141143799,11.51800012588501,0.06599998474121094
11.452000141143799,11.51800012588501,0.06599998474121094
11.498000144958496,11.571000099182129,0.07299995422363281
11.500999927520752,11.571000099182129,0.07000017166137695
11.500999927520752,11.569999933242798,0.0690000057220459
11.500999927520752,11.521000146865845,0.020000219345092773
11.500999927520752,11.521000146865845,0.020000219345092773
11.502000093460083,11.521000146865845,0.01900005340576172
11.502000093460083,11.571000099182129,0.0690000057220459
11.502000093460083,11.571000099182129,0.0690000057220459
11.502000093460083,11.521000146865845,0.01900005340576172
11.502000093460083,11.521000146865845,0.01900005340576172
11.549999952316284,11.574000120162964,0.024000167846679688
11.551000118255615,11.614000082015991,0.06299996376037598
11.552000045776367,11.615000009536743,0.06299996376037598
11.552000045776367,11.615999937057495,0.06399989128112793
11.552000045776367,11.574000120162964,0.02200007438659668
11.552000045776367,11.615000009536743,0.06299996376037598
11.552000045776367,11.574000120162964,0.02200007438659668
11.552000045776367,11.574000120162964,0.02200007438659668
11.552000045776367,11.615000009536743,0.06299996376037598
11.552000045776367,11.571000099182129,0.01900005340576172
11.598999977111816,11.621000051498413,0.02200007438659668
11.600000143051147,11.66100001335144,0.06099987030029297
11.6010000705719,11.621000051498413,0.019999980926513672
11.6010000705719,11.66100001335144,0.059999942779541016
11.601999998092651,11.621000051498413,0.01900005340576172
11.601999998092651,11.621000051498413,0.01900005340576172
11.601999998092651,11.621000051498413,0.01900005340576172
11.601999998092651,11.66100001335144,0.05900001525878906
11.601999998092651,11.621000051498413,0.01900005340576172
11.601999998092651,11.66100001335144,0.05900001525878906
11.650000095367432,11.66100001335144,0.010999917984008789
11.650000095367432,11.66100001335144,0.010999917984008789
11.651999950408936,11.670000076293945,0.018000125885009766
11.651999950408936,11.670000076293945,0.018000125885009766
11.651999950408936,11.66100001335144,0.009000062942504883
11.651999950408936,11.670000076293945,0.018000125885009766
11.651999950408936,11.670000076293945,0.018000125885009766
11.651999950408936,11.670000076293945,0.018000125885009766
11.651999950408936,11.670000076293945,0.018000125885009766
11.653000116348267,11.670000076293945,0.01699995994567871
11.700000047683716,11.726999998092651,0.026999950408935547
11.700000047683716,11.772000074386597,0.07200002670288086
11.700000047683716,11.726999998092651,0.026999950408935547
11.700000047683716,11.7260000705719,0.026000022888183594
11.700000047683716,11.726999998092651,0.026999950408935547
11.700000047683716,11.726999998092651,0.026999950408935547
11.700999975204468,11.726999998092651,0.026000022888183594
11.700999975204468,11.717000007629395,0.016000032424926758
11.700999975204468,11.726999998092651,0.026000022888183594
11.700999975204468,11.717000007629395,0.016000032424926758
11.749000072479248,11.776000022888184,0.026999950408935547
11.75,11.776000022888184,0.026000022888183594
11.75,11.771000146865845,0.021000146865844727
11.75,11.771000146865845,0.021000146865844727
11.75,11.771000146865845,0.021000146865844727
11.75,11.776000022888184,0.026000022888183594
11.75,11.771000146865845,0.021000146865844727
11.750999927520752,11.776000022888184,0.02500009536743164
11.750999927520752,11.776000022888184,0.02500009536743164
11.750999927520752,11.776000022888184,0.02500009536743164
11.799999952316284,11.817000150680542,0.017000198364257812
11.799999952316284,11.818000078201294,0.018000125885009766
11.799999952316284,11.817000150680542,0.017000198364257812
11.799999952316284,11.865999937057495,0.06599998474121094
11.799999952316284,11.865999937057495,0.06599998474121094
11.799999952316284,11.865999937057495,0.06599998474121094
11.799999952316284,11.865999937057495,0.06599998474121094
11.801000118255615,11.865999937057495,0.06499981880187988
11.801000118255615,11.817000150680542,0.016000032424926758
11.802000045776367,11.818000078201294,0.016000032424926758
11.848999977111816,11.865999937057495,0.01699995994567871
11.8510000705719,11.870000123977661,0.01900005340576172
11.8510000705719,11.865000009536743,0.01399993896484375
11.8510000705719,11.865999937057495,0.014999866485595703
11.8510000705719,11.870000123977661,0.01900005340576172
11.8510000705719,11.86899995803833,0.017999887466430664
11.8510000705719,11.86899995803833,0.017999887466430664
11.851999998092651,11.870000123977661,0.018000125885009766
11.851999998092651,11.86899995803833,0.01699995994567871
11.851999998092651,11.86899995803833,0.01699995994567871
11.900000095367432,11.927000045776367,0.026999950408935547
11.900000095367432,11.927000045776367,0.026999950408935547
11.900000095367432,11.926000118255615,0.026000022888183594
11.900000095367432,11.927000045776367,0.026999950408935547
11.900000095367432,11.913000106811523,0.013000011444091797
11.900000095367432,11.926000118255615,0.026000022888183594
11.900000095367432,11.913000106811523,0.013000011444091797
11.901000022888184,11.927000045776367,0.026000022888183594
11.901000022888184,11.973000049591064,0.07200002670288086
11.901000022888184,11.972000122070312,0.0710000991821289
11.947999954223633,11.972000122070312,0.024000167846679688
11.950000047683716,11.976999998092651,0.026999950408935547
11.950000047683716,11.973000049591064,0.023000001907348633
11.950000047683716,11.976999998092651,0.026999950408935547
11.950000047683716,11.976999998092651,0.026999950408935547
11.950000047683716,11.976999998092651,0.026999950408935547
11.950000047683716,11.973000049591064,0.023000001907348633
11.950000047683716,11.976999998092651,0.026999950408935547
11.95300006866455,11.976999998092651,0.023999929428100586
11.95300006866455,11.976999998092651,0.023999929428100586
12.0,12.01800012588501,0.018000125885009766
12.0,12.058000087738037,0.05800008773803711
12.0,12.058000087738037,0.05800008773803711
12.000999927520752,12.01800012588501,0.017000198364257812
12.000999927520752,12.016999959945679,0.016000032424926758
12.000999927520752,12.016999959945679,0.016000032424926758
12.000999927520752,12.058000087738037,0.057000160217285156
12.000999927520752,12.01800012588501,0.017000198364257812
12.003000020980835,12.016999959945679,0.01399993896484375
12.003000020980835,12.016999959945679,0.01399993896484375
12.049000024795532,12.058000087738037,0.009000062942504883
12.049999952316284,12.058000087738037,0.00800013542175293
12.049999952316284,12.110000133514404,0.06000018119812012
12.049999952316284,12.058000087738037,0.00800013542175293
12.049999952316284,12.108999967575073,0.05900001525878906
12.049999952316284,12.058000087738037,0.00800013542175293
12.051000118255615,12.110000133514404,0.05900001525878906
12.052000045776367,12.110000133514404,0.05800008773803711
12.052000045776367,12.110000133514404,0.05800008773803711
12.052000045776367,12.110000133514404,0.05800008773803711
12.100000143051147,12.16100001335144,0.06099987030029297
12.100000143051147,12.16100001335144,0.06099987030029297
12.100000143051147,12.16100001335144,0.06099987030029297
12.100000143051147,12.110000133514404,0.009999990463256836
12.1010000705719,12.124000072479248,0.023000001907348633
12.1010000705719,12.108999967575073,0.007999897003173828
12.1010000705719,12.124000072479248,0.023000001907348633
12.101999998092651,12.125,0.023000001907348633
12.101999998092651,12.16100001335144,0.05900001525878906
12.102999925613403,12.16100001335144,0.05800008773803711
12.150000095367432,12.171000003814697,0.020999908447265625
12.150000095367432,12.216000080108643,0.06599998474121094
12.150000095367432,12.216000080108643,0.06599998474121094
12.151999950408936,12.171000003814697,0.01900005340576172
12.151999950408936,12.171000003814697,0.01900005340576172
12.151999950408936,12.170000076293945,0.018000125885009766
12.153000116348267,12.171000003814697,0.017999887466430664
12.153000116348267,12.171000003814697,0.017999887466430664
12.153000116348267,12.216000080108643,0.06299996376037598
12.153000116348267,12.171000003814697,0.017999887466430664
12.19700002670288,12.216000080108643,0.01900005340576172
12.200000047683716,12.21500015258789,0.015000104904174805
12.200000047683716,12.271000146865845,0.0710000991821289
12.200000047683716,12.269999980926514,0.06999993324279785
12.200000047683716,12.269999980926514,0.06999993324279785
12.200000047683716,12.269999980926514,0.06999993324279785
12.200999975204468,12.216000080108643,0.015000104904174805
12.200999975204468,12.269999980926514,0.0690000057220459
12.200999975204468,12.271000146865845,0.07000017166137695
12.200999975204468,12.216000080108643,0.015000104904174805
12.25,12.279000043869019,0.029000043869018555
12.252000093460083,12.279000043869019,0.026999950408935547
12.252000093460083,12.279000043869019,0.026999950408935547
12.252000093460083,12.279000043869019,0.026999950408935547
12.252000093460083,12.271000146865845,0.01900005340576172
12.252000093460083,12.279000043869019,0.026999950408935547
12.252000093460083,12.279000043869019,0.026999950408935547
12.252000093460083,12.272000074386597,0.019999980926513672
12.253000020980835,12.279000043869019,0.026000022888183594
12.253000020980835,12.269999980926514,0.01699995994567871
12.29800009727478,12.325000047683716,0.026999950408935547
12.299999952316284,12.377000093460083,0.07700014114379883
12.299999952316284,12.375999927520752,0.07599997520446777
12.301000118255615,12.325000047683716,0.023999929428100586
12.302000045776367,12.375999927520752,0.07399988174438477
12.302000045776367,12.325000047683716,0.023000001907348633
12.302000045776367,12.375999927520752,0.07399988174438477
12.302000045776367,12.377000093460083,0.07500004768371582
12.302000045776367,12.377000093460083,0.07500004768371582
12.302000045776367,12.325000047683716,0.023000001907348633
12.350000143051147,12.378000020980835,0.0279998779296875
12.350000143051147,12.378000020980835,0.0279998779296875
12.350000143051147,12.378000020980835,0.0279998779296875
12.3510000705719,12.375999927520752,0.02499985694885254
12.3510000705719,12.377000093460083,0.026000022888183594
12.351999998092651,12.378999948501587,0.026999950408935547
12.351999998092651,12.378000020980835,0.026000022888183594
12.351999998092651,12.377000093460083,0.02500009536743164
12.352999925613403,12.378000020980835,0.02500009536743164
12.352999925613403,12.378000020980835,0.02500009536743164
12.400000095367432,12.41700005531311,0.01699995994567871
12.400000095367432,12.41700005531311,0.01699995994567871
12.400000095367432,12.41700005531311,0.01699995994567871
12.400000095367432,12.41700005531311,0.01699995994567871
12.400000095367432,12.466000080108643,0.06599998474121094
12.400000095367432,12.41700005531311,0.01699995994567871
12.400000095367432,12.41700005531311,0.01699995994567871
12.401000022888184,12.41700005531311,0.016000032424926758
12.401000022888184,12.466000080108643,0.06500005722045898
12.403000116348267,12.466000080108643,0.06299996376037598
12.449000120162964,12.523000001907349,0.07399988174438477
12.450999975204468,12.4760000705719,0.02500009536743164
12.452000141143799,12.476999998092651,0.02499985694885254
12.452000141143799,12.4760000705719,0.023999929428100586
12.452000141143799,12.522000074386597,0.06999993324279785
12.452000141143799,12.4760000705719,0.023999929428100586
12.452000141143799,12.4760000705719,0.023999929428100586
12.452000141143799,12.4760000705719,0.023999929428100586
12.452000141143799,12.4760000705719,0.023999929428100586
12.452000141143799,12.466000080108643,0.01399993896484375
12.499000072479248,12.528000116348267,0.029000043869018555
12.500999927520752,12.528000116348267,0.02700018882751465
12.502000093460083,12.528000116348267,0.026000022888183594
12.502000093460083,12.528000116348267,0.026000022888183594
12.502000093460083,12.528000116348267,0.026000022888183594
12.502000093460083,12.522000074386597,0.019999980926513672
12.502000093460083,12.528000116348267,0.026000022888183594
12.502000093460083,12.565999984741211,0.06399989128112793
12.502000093460083,12.522000074386597,0.019999980926513672
12.503000020980835,12.528000116348267,0.02500009536743164
12.549999952316284,12.565999984741211,0.016000032424926758
12.552000045776367,12.565999984741211,0.01399993896484375
12.552000045776367,12.565999984741211,0.01399993896484375
12.552000045776367,12.565999984741211,0.01399993896484375
12.552000045776367,12.565999984741211,0.01399993896484375
12.552000045776367,12.615999937057495,0.06399989128112793
12.552000045776367,12.615999937057495,0.06399989128112793
12.552000045776367,12.615999937057495,0.06399989128112793
12.552000045776367,12.565999984741211,0.01399993896484375
12.552000045776367,12.615999937057495,0.06399989128112793
12.600000143051147,12.615999937057495,0.015999794006347656
12.602999925613403,12.631999969482422,0.029000043869018555
12.602999925613403,12.631999969482422,0.029000043869018555
12.602999925613403,12.631999969482422,0.029000043869018555
12.602999925613403,12.631999969482422,0.029000043869018555
12.602999925613403,12.633000135421753,0.03000020980834961
12.602999925613403,12.631999969482422,0.029000043869018555
12.604000091552734,12.67799997329712,0.07399988174438477
12.604000091552734,12.631999969482422,0.0279998779296875
12.604000091552734,12.615999937057495,0.011999845504760742
12.648000001907349,12.67799997329712,0.029999971389770508
12.650000095367432,12.67799997329712,0.0279998779296875
12.651000022888184,12.723999977111816,0.07299995422363281
12.651000022888184,12.67799997329712,0.026999950408935547
12.651000022888184,12.67799997329712,0.026999950408935547
12.651000022888184,12.723999977111816,0.07299995422363281
12.651000022888184,12.67799997329712,0.026999950408935547
12.651000022888184,12.723999977111816,0.07299995422363281
12.651000022888184,12.67799997329712,0.026999950408935547
12.651000022888184,12.723999977111816,0.07299995422363281
12.700000047683716,12.7260000705719,0.026000022888183594
12.700000047683716,12.7260000705719,0.026000022888183594
12.700000047683716,12.7260000705719,0.026000022888183594
12.700000047683716,12.7739999294281,0.07399988174438477
12.700999975204468,12.7260000705719,0.02500009536743164
12.700999975204468,12.7739999294281,0.07299995422363281
12.702000141143799,12.7260000705719,0.023999929428100586
12.702000141143799,12.7260000705719,0.023999929428100586
12.702000141143799,12.7260000705719,0.023999929428100586
12.70300006866455,12.723999977111816,0.020999908447265625
12.75,12.814000129699707,0.06400012969970703
12.75,12.814000129699707,0.06400012969970703
12.75,12.814000129699707,0.06400012969970703
12.752000093460083,12.7739999294281,0.021999835968017578
12.752000093460083,12.7739999294281,0.021999835968017578
12.752000093460083,12.7739999294281,0.021999835968017578
12.752000093460083,12.7739999294281,0.021999835968017578
12.752000093460083,12.812999963760376,0.06099987030029297
12.752000093460083,12.7739999294281,0.021999835968017578
12.752000093460083,12.7739999294281,0.021999835968017578
12.799000024795532,12.814000129699707,0.015000104904174805
12.799999952316284,12.812999963760376,0.013000011444091797
12.801000118255615,12.814000129699707,0.013000011444091797
12.801000118255615,12.86300015449524,0.06200003623962402
12.801000118255615,12.86300015449524,0.06200003623962402
12.802000045776367,12.864000082015991,0.06200003623962402
12.802000045776367,12.86300015449524,0.06100010871887207
12.802000045776367,12.814000129699707,0.012000083923339844
12.802000045776367,12.814000129699707,0.012000083923339844
12.802000045776367,12.864000082015991,0.06200003623962402
12.850000143051147,12.875999927520752,0.025999784469604492
12.850000143051147,12.875999927520752,0.025999784469604492
12.850000143051147,12.92799997329712,0.07799983024597168
12.850000143051147,12.92799997329712,0.07799983024597168
12.851999998092651,12.92900013923645,0.07700014114379883
12.851999998092651,12.92799997329712,0.07599997520446777
12.851999998092651,12.875999927520752,0.023999929428100586
12.851999998092651,12.92799997329712,0.07599997520446777
12.851999998092651,12.92799997329712,0.07599997520446777
12.852999925613403,12.875999927520752,0.023000001907348633
12.900000095367432,12.962000131607056,0.06200003623962402
12.901000022888184,12.92799997329712,0.026999950408935547
12.901000022888184,12.92900013923645,0.0280001163482666
12.901999950408936,12.930000066757202,0.0280001163482666
12.901999950408936,12.930000066757202,0.0280001163482666
12.901999950408936,12.92900013923645,0.02700018882751465
12.901999950408936,12.962000131607056,0.06000018119812012
12.901999950408936,12.92900013923645,0.02700018882751465
12.901999950408936,12.92900013923645,0.02700018882751465
12.901999950408936,12.92900013923645,0.02700018882751465
12.950000047683716,12.962000131607056,0.012000083923339844
12.950000047683716,13.021000146865845,0.0710000991821289
12.950999975204468,13.019999980926514,0.0690000057220459
12.950999975204468,12.962000131607056,0.01100015640258789
12.952000141143799,12.962000131607056,0.009999990463256836
12.952000141143799,13.021000146865845,0.0690000057220459
12.952000141143799,13.021000146865845,0.0690000057220459
12.952000141143799,12.962000131607056,0.009999990463256836
12.952000141143799,12.962000131607056,0.009999990463256836
12.95300006866455,13.019999980926514,0.06699991226196289
13.0,13.02999997138977,0.029999971389770508
13.0,13.031000137329102,0.031000137329101562
13.000999927520752,13.031000137329102,0.03000020980834961
13.000999927520752,13.021000146865845,0.020000219345092773
13.000999927520752,13.031000137329102,0.03000020980834961
13.002000093460083,13.02999997138977,0.0279998779296875
13.002000093460083,13.02999997138977,0.0279998779296875
13.002000093460083,13.026999950408936,0.02499985694885254
13.002000093460083,13.031000137329102,0.029000043869018555
13.003000020980835,13.026999950408936,0.023999929428100586
13.049000024795532,13.075000047683716,0.026000022888183594
13.052000045776367,13.075000047683716,0.023000001907348633
13.052000045776367,13.075000047683716,0.023000001907348633
13.052000045776367,13.118000030517578,0.06599998474121094
13.052000045776367,13.118000030517578,0.06599998474121094
13.052000045776367,13.118000030517578,0.06599998474121094
13.052000045776367,13.118000030517578,0.06599998474121094
13.052000045776367,13.118000030517578,0.06599998474121094
13.052000045776367,13.075000047683716,0.023000001907348633
13.052000045776367,13.075000047683716,0.023000001907348633
13.098000049591064,13.118000030517578,0.019999980926513672
13.1010000705719,13.121999979019165,0.020999908447265625
13.1010000705719,13.118000030517578,0.01699995994567871
13.1010000705719,13.121999979019165,0.020999908447265625
13.1010000705719,13.118000030517578,0.01699995994567871
13.1010000705719,13.121999979019165,0.020999908447265625
13.1010000705719,13.121999979019165,0.020999908447265625
13.1010000705719,13.121999979019165,0.020999908447265625
13.1010000705719,13.121999979019165,0.020999908447265625
13.1010000705719,13.121999979019165,0.020999908447265625
13.150000095367432,13.163000106811523,0.013000011444091797
13.151000022888184,13.163000106811523,0.012000083923339844
13.151000022888184,13.216000080108643,0.06500005722045898
13.151000022888184,13.216000080108643,0.06500005722045898
13.151999950408936,13.216000080108643,0.06400012969970703
13.151999950408936,13.163000106811523,0.01100015640258789
13.151999950408936,13.163000106811523,0.01100015640258789
13.151999950408936,13.216000080108643,0.06400012969970703
13.151999950408936,13.163000106811523,0.01100015640258789
13.151999950408936,13.163000106811523,0.01100015640258789
13.199000120162964,13.229000091552734,0.029999971389770508
13.200000047683716,13.229000091552734,0.029000043869018555
13.200999975204468,13.226999998092651,0.026000022888183594
13.200999975204468,13.229000091552734,0.0280001163482666
13.200999975204468,13.226999998092651,0.026000022888183594
13.200999975204468,13.229000091552734,0.0280001163482666
13.202000141143799,13.229000091552734,0.026999950408935547
13.202000141143799,13.229000091552734,0.026999950408935547
13.202000141143799,13.229000091552734,0.026999950408935547
13.20300006866455,13.227999925613403,0.02499985694885254
13.249000072479248,13.317000150680542,0.06800007820129395
13.250999927520752,13.272000074386597,0.021000146865844727
13.250999927520752,13.317000150680542,0.06600022315979004
13.252000093460083,13.272000074386597,0.019999980926513672
13.252000093460083,13.271000146865845,0.01900005340576172
13.252000093460083,13.272000074386597,0.019999980926513672
13.252000093460083,13.317000150680542,0.06500005722045898
13.252000093460083,13.272000074386597,0.019999980926513672
13.252000093460083,13.317000150680542,0.06500005722045898
13.252000093460083,13.271000146865845,0.01900005340576172
13.299000024795532,13.321000099182129,0.02200007438659668
13.302000045776367,13.321000099182129,0.01900005340576172
13.302000045776367,13.317000150680542,0.015000104904174805
13.302000045776367,13.317000150680542,0.015000104904174805
13.302000045776367,13.321000099182129,0.01900005340576172
13.302000045776367,13.321000099182129,0.01900005340576172
13.302000045776367,13.317000150680542,0.015000104904174805
13.302000045776367,13.321000099182129,0.01900005340576172
13.302000045776367,13.321000099182129,0.01900005340576172
13.302000045776367,13.321000099182129,0.01900005340576172
13.348999977111816,13.365000009536743,0.016000032424926758
13.348999977111816,13.364000082015991,0.015000104904174805
13.350000143051147,13.378999948501587,0.028999805450439453
13.350000143051147,13.378999948501587,0.028999805450439453
13.350000143051147,13.378999948501587,0.028999805450439453
13.350000143051147,13.378999948501587,0.028999805450439453
13.350000143051147,13.378999948501587,0.028999805450439453
13.350000143051147,13.364000082015991,0.01399993896484375
13.3510000705719,13.378999948501587,0.0279998779296875
13.3510000705719,13.378999948501587,0.0279998779296875
13.3989999294281,13.47000002861023,0.0710000991821289
13.401999950408936,13.469000101089478,0.06700015068054199
13.401999950408936,13.430000066757202,0.0280001163482666
13.401999950408936,13.430000066757202,0.0280001163482666
13.401999950408936,13.469000101089478,0.06700015068054199
13.401999950408936,13.47000002861023,0.06800007820129395
13.401999950408936,13.430000066757202,0.0280001163482666
13.401999950408936,13.430000066757202,0.0280001163482666
13.401999950408936,13.47000002861023,0.06800007820129395
13.401999950408936,13.469000101089478,0.06700015068054199
13.449000120162964,13.472000122070312,0.023000001907348633
13.452000141143799,13.472000122070312,0.019999980926513672
13.452000141143799,13.472000122070312,0.019999980926513672
13.452000141143799,13.47000002861023,0.017999887466430664
13.452000141143799,13.472000122070312,0.019999980926513672
13.452000141143799,13.519000053405762,0.06699991226196289
13.452000141143799,13.472000122070312,0.019999980926513672
13.452000141143799,13.472000122070312,0.019999980926513672
13.452000141143799,13.472000122070312,0.019999980926513672
13.452000141143799,13.519999980926514,0.06799983978271484
13.5,13.519999980926514,0.019999980926513672
13.5,13.569000005722046,0.0690000057220459
13.5,13.519999980926514,0.019999980926513672
13.5,13.519000053405762,0.01900005340576172
13.5,13.568000078201294,0.06800007820129395
13.5,13.568000078201294,0.06800007820129395
13.503000020980835,13.568000078201294,0.06500005722045898
13.503000020980835,13.519000053405762,0.016000032424926758
13.503000020980835,13.519000053405762,0.016000032424926758
13.503000020980835,13.519000053405762,0.016000032424926758
13.549000024795532,13.578999996185303,0.029999971389770508
13.549999952316284,13.578999996185303,0.029000043869018555
13.549999952316284,13.578999996185303,0.029000043869018555
13.549999952316284,13.574000120162964,0.024000167846679688
13.552000045776367,13.578999996185303,0.026999950408935547
13.552000045776367,13.57800006866455,0.026000022888183594
13.552000045776367,13.578999996185303,0.026999950408935547
13.552000045776367,13.575000047683716,0.023000001907348633
13.55299997329712,13.578999996185303,0.026000022888183594
13.55299997329712,13.57800006866455,0.02500009536743164
13.598999977111816,13.621000051498413,0.02200007438659668
13.6010000705719,13.621000051498413,0.019999980926513672
13.6010000705719,13.621000051498413,0.019999980926513672
13.601999998092651,13.671000003814697,0.0690000057220459
13.601999998092651,13.621000051498413,0.01900005340576172
13.601999998092651,13.671000003814697,0.0690000057220459
13.601999998092651,13.621000051498413,0.01900005340576172
13.601999998092651,13.671000003814697,0.0690000057220459
13.601999998092651,13.621000051498413,0.01900005340576172
13.602999925613403,13.621000051498413,0.018000125885009766
13.6489999294281,13.671000003814697,0.02200007438659668
13.651000022888184,13.671000003814697,0.019999980926513672
13.651000022888184,13.71500015258789,0.06400012969970703
13.651000022888184,13.71500015258789,0.06400012969970703
13.651999950408936,13.71500015258789,0.06300020217895508
13.651999950408936,13.716000080108643,0.06400012969970703
13.651999950408936,13.71500015258789,0.06300020217895508
13.653000116348267,13.716000080108643,0.06299996376037598
13.653000116348267,13.671000003814697,0.017999887466430664
13.653000116348267,13.671000003814697,0.017999887466430664
13.699000120162964,13.761000156402588,0.06200003623962402
13.700000047683716,13.719000101089478,0.01900005340576172
13.700999975204468,13.719000101089478,0.018000125885009766
13.700999975204468,13.761000156402588,0.06000018119812012
13.702000141143799,13.76200008392334,0.059999942779541016
13.702000141143799,13.716000080108643,0.01399993896484375
13.702000141143799,13.72000002861023,0.017999887466430664
13.702000141143799,13.71500015258789,0.013000011444091797
13.70300006866455,13.719000101089478,0.016000032424926758
13.70300006866455,13.72000002861023,0.01699995994567871
13.75,13.808000087738037,0.05800008773803711
13.75,13.773000001907349,0.023000001907348633
13.75,13.7739999294281,0.023999929428100586
13.75,13.809000015258789,0.05900001525878906
13.75,13.773000001907349,0.023000001907348633
13.75,13.808000087738037,0.05800008773803711
13.75,13.773000001907349,0.023000001907348633
13.75,13.7739999294281,0.023999929428100586
13.753000020980835,13.808000087738037,0.05500006675720215
13.753000020980835,13.808000087738037,0.05500006675720215
13.799000024795532,13.819000005722046,0.019999980926513672
13.799999952316284,13.864000082015991,0.06400012969970703
13.799999952316284,13.819000005722046,0.01900005340576172
13.799999952316284,13.819000005722046,0.01900005340576172
13.799999952316284,13.808000087738037,0.00800013542175293
13.801000118255615,13.819000005722046,0.017999887466430664
13.801000118255615,13.808000087738037,0.006999969482421875
13.801000118255615,13.819000005722046,0.017999887466430664
13.802000045776367,13.819000005722046,0.01699995994567871
13.802000045776367,13.819000005722046,0.01699995994567871
13.850000143051147,13.864000082015991,0.01399993896484375
13.850000143051147,13.91700005531311,0.06699991226196289
13.850000143051147,13.91700005531311,0.06699991226196289
13.850000143051147,13.864000082015991,0.01399993896484375
13.850000143051147,13.91700005531311,0.06699991226196289
13.851999998092651,13.91700005531311,0.06500005722045898
13.851999998092651,13.864000082015991,0.012000083923339844
13.851999998092651,13.91700005531311,0.06500005722045898
13.851999998092651,13.91700005531311,0.06500005722045898
13.852999925613403,13.864000082015991,0.01100015640258789
13.900000095367432,13.92799997329712,0.0279998779296875
13.901000022888184,13.97000002861023,0.0690000057220459
13.901000022888184,13.92799997329712,0.026999950408935547
13.901000022888184,13.92799997329712,0.026999950408935547
13.901000022888184,13.92300009727478,0.02200007438659668
13.901000022888184,13.92799997329712,0.026999950408935547
13.901000022888184,13.92799997329712,0.026999950408935547
13.901000022888184,13.92799997329712,0.026999950408935547
13.903000116348267,13.92799997329712,0.02499985694885254
13.903000116348267,13.97000002861023,0.06699991226196289
13.949000120162964,13.97000002861023,0.020999908447265625
13.952000141143799,14.015000104904175,0.06299996376037598
13.952000141143799,14.015000104904175,0.06299996376037598
13.952000141143799,13.97000002861023,0.017999887466430664
13.952000141143799,13.97000002861023,0.017999887466430664
13.952000141143799,13.97000002861023,0.017999887466430664
13.952000141143799,14.016000032424927,0.06399989128112793
13.952000141143799,14.016000032424927,0.06399989128112793
13.952000141143799,14.015000104904175,0.06299996376037598
13.952000141143799,13.97000002861023,0.017999887466430664
14.0,14.067000150680542,0.06700015068054199
14.0,14.067000150680542,0.06700015068054199
14.0,14.067000150680542,0.06700015068054199
14.0,14.016000032424927,0.016000032424926758
14.0,14.016000032424927,0.016000032424926758
14.0,14.015000104904175,0.015000104904174805
14.000999927520752,14.016000032424927,0.015000104904174805
14.002000093460083,14.015000104904175,0.013000011444091797
14.002000093460083,14.067000150680542,0.06500005722045898
14.002000093460083,14.016000032424927,0.01399993896484375
14.049999952316284,14.067000150680542,0.017000198364257812
14.052000045776367,14.067000150680542,0.015000104904174805
14.052000045776367,14.128000020980835,0.07599997520446777
14.052000045776367,14.081000089645386,0.029000043869018555
14.052000045776367,14.081000089645386,0.029000043869018555
14.052000045776367,14.080000162124634,0.0280001163482666
14.052000045776367,14.128999948501587,0.07699990272521973
14.052000045776367,14.128000020980835,0.07599997520446777
14.052000045776367,14.128999948501587,0.07699990272521973
14.052000045776367,14.081000089645386,0.029000043869018555
14.098999977111816,14.13100004196167,0.032000064849853516
14.100000143051147,14.13100004196167,0.03099989891052246
14.1010000705719,14.13100004196167,0.029999971389770508
14.1010000705719,14.169000148773193,0.06800007820129395
14.1010000705719,14.13100004196167,0.029999971389770508
14.1010000705719,14.128000020980835,0.026999950408935547
14.1010000705719,14.169000148773193,0.06800007820129395
14.1010000705719,14.13100004196167,0.029999971389770508
14.1010000705719,14.13100004196167,0.029999971389770508
14.1010000705719,14.13100004196167,0.029999971389770508
14.1489999294281,14.169000148773193,0.020000219345092773
14.151000022888184,14.167999982833862,0.01699995994567871
14.151000022888184,14.217999935150146,0.06699991226196289
14.151999950408936,14.169000148773193,0.017000198364257812
14.151999950408936,14.169000148773193,0.017000198364257812
14.151999950408936,14.217999935150146,0.06599998474121094
14.151999950408936,14.169000148773193,0.017000198364257812
14.151999950408936,14.217999935150146,0.06599998474121094
14.151999950408936,14.217999935150146,0.06599998474121094
14.151999950408936,14.169000148773193,0.017000198364257812
14.200000047683716,14.226999998092651,0.026999950408935547
14.200999975204468,14.2260000705719,0.02500009536743164
14.200999975204468,14.226999998092651,0.026000022888183594
14.202000141143799,14.265000104904175,0.06299996376037598
14.202000141143799,14.217999935150146,0.015999794006347656
14.202000141143799,14.226999998092651,0.02499985694885254
14.202000141143799,14.217999935150146,0.015999794006347656
14.202000141143799,14.265000104904175,0.06299996376037598
14.202000141143799,14.265000104904175,0.06299996376037598
14.20300006866455,14.266000032424927,0.06299996376037598
14.248000144958496,14.276000022888184,0.0279998779296875
14.25,14.321000099182129,0.0710000991821289
14.25,14.321000099182129,0.0710000991821289
14.25,14.276000022888184,0.026000022888183594
14.25,14.321000099182129,0.0710000991821289
14.250999927520752,14.276000022888184,0.02500009536743164
14.250999927520752,14.276000022888184,0.02500009536743164
14.250999927520752,14.321000099182129,0.07000017166137695
14.250999927520752,14.276000022888184,0.02500009536743164
14.250999927520752,14.321000099182129,0.07000017166137695
14.299999952316284,14.32200002670288,0.02200007438659668
14.302000045776367,14.322999954223633,0.020999908447265625
14.302000045776367,14.321000099182129,0.01900005340576172
14.302000045776367,14.368000030517578,0.06599998474121094
14.302000045776367,14.322999954223633,0.020999908447265625
14.302000045776367,14.322999954223633,0.020999908447265625
14.302000045776367,14.322999954223633,0.020999908447265625
14.302000045776367,14.321000099182129,0.01900005340576172
14.302000045776367,14.32200002670288,0.019999980926513672
14.302000045776367,14.322999954223633,0.020999908447265625
14.350000143051147,14.41700005531311,0.06699991226196289
14.350000143051147,14.368000030517578,0.017999887466430664
14.350000143051147,14.368000030517578,0.017999887466430664
14.350000143051147,14.368000030517578,0.017999887466430664
14.350000143051147,14.41700005531311,0.06699991226196289
14.350000143051147,14.368000030517578,0.017999887466430664
14.350000143051147,14.41700005531311,0.06699991226196289
14.350000143051147,14.368000030517578,0.017999887466430664
14.352999925613403,14.368000030517578,0.015000104904174805
14.352999925613403,14.368000030517578,0.015000104904174805
14.400000095367432,14.460999965667725,0.06099987030029297
14.401000022888184,14.460999965667725,0.059999942779541016
14.401000022888184,14.460999965667725,0.059999942779541016
14.401999950408936,14.42799997329712,0.026000022888183594
14.401999950408936,14.42799997329712,0.026000022888183594
14.401999950408936,14.42799997329712,0.026000022888183594
14.401999950408936,14.460999965667725,0.05900001525878906
14.403000116348267,14.42799997329712,0.02499985694885254
14.403000116348267,14.460999965667725,0.05799984931945801
14.403000116348267,14.460999965667725,0.05799984931945801
14.450000047683716,14.472000122070312,0.02200007438659668
14.450000047683716,14.472000122070312,0.02200007438659668
14.450000047683716,14.5239999294281,0.07399988174438477
14.450000047683716,14.472000122070312,0.02200007438659668
14.450000047683716,14.5239999294281,0.07399988174438477
14.450000047683716,14.470999956130981,0.020999908447265625
14.450000047683716,14.472000122070312,0.02200007438659668
14.450000047683716,14.472000122070312,0.02200007438659668
14.45300006866455,14.5239999294281,0.0709998607635498
14.45300006866455,14.470999956130981,0.017999887466430664
14.5,14.5239999294281,0.023999929428100586
14.500999927520752,14.526000022888184,0.02500009536743164
14.500999927520752,14.526000022888184,0.02500009536743164
14.500999927520752,14.526000022888184,0.02500009536743164
14.500999927520752,14.569000005722046,0.06800007820129395
14.500999927520752,14.526000022888184,0.02500009536743164
14.502000093460083,14.526000022888184,0.023999929428100586
14.502000093460083,14.5239999294281,0.021999835968017578
14.502000093460083,14.526000022888184,0.023999929428100586
14.502000093460083,14.526000022888184,0.023999929428100586
14.549000024795532,14.582000017166138,0.03299999237060547
14.552000045776367,14.581000089645386,0.029000043869018555
14.552000045776367,14.611999988555908,0.059999942779541016
14.552000045776367,14.569000005722046,0.01699995994567871
14.552000045776367,14.611000061035156,0.05900001525878906
14.552000045776367,14.611999988555908,0.059999942779541016
14.552000045776367,14.611000061035156,0.05900001525878906
14.552000045776367,14.611999988555908,0.059999942779541016
14.552000045776367,14.611999988555908,0.059999942779541016
14.552000045776367,14.582000017166138,0.029999971389770508
14.600000143051147,14.625,0.02499985694885254
14.601999998092651,14.625,0.023000001907348633
14.601999998092651,14.67799997329712,0.07599997520446777
14.601999998092651,14.611999988555908,0.009999990463256836
14.601999998092651,14.625,0.023000001907348633
14.601999998092651,14.625,0.023000001907348633
14.601999998092651,14.625,0.023000001907348633
14.601999998092651,14.625,0.023000001907348633
14.601999998092651,14.625,0.023000001907348633
14.601999998092651,14.67799997329712,0.07599997520446777
14.6489999294281,14.67799997329712,0.029000043869018555
14.651999950408936,14.680999994277954,0.029000043869018555
14.651999950408936,14.680000066757202,0.0280001163482666
14.651999950408936,14.71500015258789,0.06300020217895508
14.651999950408936,14.680000066757202,0.0280001163482666
14.651999950408936,14.680999994277954,0.029000043869018555
14.651999950408936,14.680000066757202,0.0280001163482666
14.651999950408936,14.67799997329712,0.026000022888183594
14.651999950408936,14.680000066757202,0.0280001163482666
14.653000116348267,14.680000066757202,0.026999950408935547
14.699000120162964,14.71399998664856,0.014999866485595703
14.700999975204468,14.765000104904175,0.06400012969970703
14.700999975204468,14.765000104904175,0.06400012969970703
14.700999975204468,14.765000104904175,0.06400012969970703
14.700999975204468,14.71399998664856,0.013000011444091797
14.700999975204468,14.71399998664856,0.013000011444091797
14.700999975204468,14.71399998664856,0.013000011444091797
14.700999975204468,14.71500015258789,0.014000177383422852
14.700999975204468,14.766000032424927,0.06500005722045898
14.702000141143799,14.71399998664856,0.011999845504760742
14.75,14.779000043869019,0.029000043869018555
14.75,14.779000043869019,0.029000043869018555
14.750999927520752,14.779000043869019,0.0280001163482666
14.750999927520752,14.76800012588501,0.017000198364257812
14.750999927520752,14.779000043869019,0.0280001163482666
14.750999927520752,14.82200002670288,0.0710000991821289
14.752000093460083,14.779000043869019,0.026999950408935547
14.752000093460083,14.82200002670288,0.06999993324279785
14.753000020980835,14.779000043869019,0.026000022888183594
14.753000020980835,14.779000043869019,0.026000022888183594
14.799999952316284,14.82200002670288,0.02200007438659668
14.799999952316284,14.82200002670288,0.02200007438659668
14.799999952316284,14.82200002670288,0.02200007438659668
14.799999952316284,14.86899995803833,0.0690000057220459
14.799999952316284,14.86899995803833,0.0690000057220459
14.801000118255615,14.86899995803833,0.06799983978271484
14.801000118255615,14.870000123977661,0.0690000057220459
14.801000118255615,14.870000123977661,0.0690000057220459
14.801000118255615,14.82200002670288,0.020999908447265625
14.802000045776367,14.82200002670288,0.019999980926513672
14.850000143051147,14.86899995803833,0.018999814987182617
14.850000143051147,14.870000123977661,0.019999980926513672
14.8510000705719,14.913000106811523,0.06200003623962402
14.8510000705719,14.870000123977661,0.01900005340576172
14.851999998092651,14.871000051498413,0.01900005340576172
14.851999998092651,14.871000051498413,0.01900005340576172
14.851999998092651,14.871000051498413,0.01900005340576172
14.851999998092651,14.870000123977661,0.018000125885009766
14.851999998092651,14.871000051498413,0.01900005340576172
14.851999998092651,14.871000051498413,0.01900005340576172
14.898000001907349,14.911999940872192,0.01399993896484375
14.901000022888184,14.963000059127808,0.06200003623962402
14.901000022888184,14.914000034332275,0.013000011444091797
14.901000022888184,14.963000059127808,0.06200003623962402
14.901000022888184,14.963000059127808,0.06200003623962402
14.901000022888184,14.911999940872192,0.010999917984008789
14.901000022888184,14.963000059127808,0.06200003623962402
14.901000022888184,14.913000106811523,0.012000083923339844
14.901999950408936,14.963000059127808,0.06100010871887207
14.901999950408936,14.913000106811523,0.01100015640258789
14.947999954223633,15.021000146865845,0.07300019264221191
14.950000047683716,14.973999977111816,0.023999929428100586
14.950000047683716,15.021000146865845,0.0710000991821289
14.950000047683716,15.021000146865845,0.0710000991821289
14.950000047683716,15.021000146865845,0.0710000991821289
14.950000047683716,15.021000146865845,0.0710000991821289
14.950999975204468,14.973999977111816,0.023000001907348633
14.950999975204468,15.021000146865845,0.07000017166137695
14.950999975204468,14.973999977111816,0.023000001907348633
14.952000141143799,14.973000049591064,0.020999908447265625
14.998000144958496,15.062000036239624,0.06399989128112793
15.000999927520752,15.021000146865845,0.020000219345092773
15.000999927520752,15.062000036239624,0.06100010871887207
15.000999927520752,15.023000001907349,0.02200007438659668
15.000999927520752,15.062000036239624,0.06100010871887207
15.000999927520752,15.022000074386597,0.021000146865844727
15.000999927520752,15.023000001907349,0.02200007438659668
15.000999927520752,15.022000074386597,0.021000146865844727
15.002000093460083,15.023000001907349,0.020999908447265625
15.003000020980835,15.023000001907349,0.019999980926513672
15.049999952316284,15.062000036239624,0.012000083923339844
15.051000118255615,15.118000030517578,0.06699991226196289
15.051000118255615,15.062000036239624,0.010999917984008789
15.052000045776367,15.118000030517578,0.06599998474121094
15.052000045776367,15.062000036239624,0.009999990463256836
15.052000045776367,15.118000030517578,0.06599998474121094
15.052000045776367,15.118000030517578,0.06599998474121094
15.052000045776367,15.062000036239624,0.009999990463256836
15.052000045776367,15.062000036239624,0.009999990463256836
15.05299997329712,15.118000030517578,0.06500005722045898
15.098999977111816,15.130000114440918,0.031000137329101562
15.100000143051147,15.130000114440918,0.029999971389770508
15.1010000705719,15.130000114440918,0.029000043869018555
15.1010000705719,15.130000114440918,0.029000043869018555
15.1010000705719,15.130000114440918,0.029000043869018555
15.1010000705719,15.130000114440918,0.029000043869018555
15.1010000705719,15.130000114440918,0.029000043869018555
15.1010000705719,15.128000020980835,0.026999950408935547
15.101999998092651,15.128000020980835,0.026000022888183594
15.101999998092651,15.128000020980835,0.026000022888183594
15.1489999294281,15.171000003814697,0.02200007438659668
15.151999950408936,15.171000003814697,0.01900005340576172
15.151999950408936,15.21399998664856,0.06200003623962402
15.151999950408936,15.171000003814697,0.01900005340576172
15.151999950408936,15.171000003814697,0.01900005340576172
15.151999950408936,15.21399998664856,0.06200003623962402
15.151999950408936,15.170000076293945,0.018000125885009766
15.151999950408936,15.171000003814697,0.01900005340576172
15.151999950408936,15.21399998664856,0.06200003623962402
15.151999950408936,15.170000076293945,0.018000125885009766
15.200000047683716,15.21399998664856,0.01399993896484375
15.200000047683716,15.21399998664856,0.01399993896484375
15.200000047683716,15.26200008392334,0.06200003623962402
15.200000047683716,15.21399998664856,0.01399993896484375
15.202000141143799,15.26200008392334,0.059999942779541016
15.202000141143799,15.26200008392334,0.059999942779541016
15.202000141143799,15.21399998664856,0.011999845504760742
15.202000141143799,15.26200008392334,0.059999942779541016
15.202000141143799,15.26200008392334,0.059999942779541016
15.202000141143799,15.26200008392334,0.059999942779541016
15.25,15.315000057220459,0.06500005722045898
15.25,15.26200008392334,0.012000083923339844
15.25,15.315000057220459,0.06500005722045898
15.25,15.315999984741211,0.06599998474121094
15.25,15.263999938964844,0.01399993896484375
15.25,15.315000057220459,0.06500005722045898
15.25,15.263999938964844,0.01399993896484375
15.25,15.315000057220459,0.06500005722045898
15.250999927520752,15.263999938964844,0.013000011444091797
15.252000093460083,15.315000057220459,0.06299996376037598
15.299999952316284,15.370000123977661,0.07000017166137695
15.299999952316284,15.325999975204468,0.026000022888183594
15.299999952316284,15.370000123977661,0.07000017166137695
15.302000045776367,15.325999975204468,0.023999929428100586
15.302000045776367,15.325999975204468,0.023999929428100586
15.302000045776367,15.325999975204468,0.023999929428100586
15.302000045776367,15.370000123977661,0.06800007820129395
15.302000045776367,15.325000047683716,0.023000001907348633
15.302000045776367,15.36899995803833,0.06699991226196289
15.302000045776367,15.370000123977661,0.06800007820129395
15.350000143051147,15.371000051498413,0.020999908447265625
15.350000143051147,15.371000051498413,0.020999908447265625
15.350000143051147,15.370000123977661,0.019999980926513672
15.350000143051147,15.371999979019165,0.021999835968017578
15.350000143051147,15.371000051498413,0.020999908447265625
15.350000143051147,15.371000051498413,0.020999908447265625
15.350000143051147,15.371000051498413,0.020999908447265625
15.3510000705719,15.371999979019165,0.020999908447265625
15.352999925613403,15.370000123977661,0.017000198364257812
15.352999925613403,15.36899995803833,0.016000032424926758
15.397000074386597,15.41700005531311,0.019999980926513672
15.400000095367432,15.470999956130981,0.0709998607635498
15.400000095367432,15.41700005531311,0.01699995994567871
15.400000095367432,15.41700005531311,0.01699995994567871
15.400000095367432,15.470999956130981,0.0709998607635498
15.401000022888184,15.41700005531311,0.016000032424926758
15.401000022888184,15.470999956130981,0.06999993324279785
15.401000022888184,15.41700005531311,0.016000032424926758
15.401999950408936,15.41700005531311,0.015000104904174805
15.403000116348267,15.41700005531311,0.01399993896484375
15.450000047683716,15.479000091552734,0.029000043869018555
15.450000047683716,15.470999956130981,0.020999908447265625
15.450000047683716,15.509000062942505,0.05900001525878906
15.450999975204468,15.509000062942505,0.05800008773803711
15.450999975204468,15.479000091552734,0.0280001163482666
15.450999975204468,15.509000062942505,0.05800008773803711
15.450999975204468,15.508000135421753,0.057000160217285156
15.450999975204468,15.509000062942505,0.05800008773803711
15.45300006866455,15.508000135421753,0.05500006675720215
15.45300006866455,15.479000091552734,0.026000022888183594
15.5,15.5239999294281,0.023999929428100586
15.500999927520752,15.575000047683716,0.07400012016296387
15.500999927520752,15.5239999294281,0.023000001907348633
15.502000093460083,15.523000001907349,0.020999908447265625
15.502000093460083,15.575000047683716,0.07299995422363281
15.502000093460083,15.5239999294281,0.021999835968017578
15.502000093460083,15.5239999294281,0.021999835968017578
15.502000093460083,15.523000001907349,0.020999908447265625
15.502000093460083,15.523000001907349,0.020999908447265625
15.502000093460083,15.575000047683716,0.07299995422363281
15.549999952316284,15.611999988555908,0.06200003623962402
15.549999952316284,15.575000047683716,0.02500009536743164
15.549999952316284,15.575000047683716,0.02500009536743164
15.549999952316284,15.611999988555908,0.06200003623962402
15.549999952316284,15.611000061035156,0.06100010871887207
15.549999952316284,15.611999988555908,0.06200003623962402
15.549999952316284,15.611999988555908,0.06200003623962402
15.552000045776367,15.575000047683716,0.023000001907348633
15.55299997329712,15.611000061035156,0.05800008773803711
15.55299997329712,15.575000047683716,0.02200007438659668
15.600000143051147,15.67799997329712,0.07799983024597168
15.600000143051147,15.67799997329712,0.07799983024597168
15.601999998092651,15.67799997329712,0.07599997520446777
15.601999998092651,15.61899995803833,0.01699995994567871
15.601999998092651,15.67799997329712,0.07599997520446777
15.601999998092651,15.67799997329712,0.07599997520446777
15.601999998092651,15.61899995803833,0.01699995994567871
15.601999998092651,15.677000045776367,0.07500004768371582
15.601999998092651,15.611999988555908,0.009999990463256836
15.601999998092651,15.61899995803833,0.01699995994567871
15.650000095367432,15.725000143051147,0.07500004768371582
15.651000022888184,15.725000143051147,0.07400012016296387
15.651000022888184,15.723999977111816,0.07299995422363281
15.651999950408936,15.682000160217285,0.03000020980834961
15.651999950408936,15.682000160217285,0.03000020980834961
15.651999950408936,15.725000143051147,0.07300019264221191
15.651999950408936,15.682000160217285,0.03000020980834961
15.653000116348267,15.682000160217285,0.029000043869018555
15.653000116348267,15.682000160217285,0.029000043869018555
15.653000116348267,15.723999977111816,0.0709998607635498
15.699000120162964,15.729000091552734,0.029999971389770508
15.700000047683716,15.723999977111816,0.023999929428100586
15.700999975204468,15.729000091552734,0.0280001163482666
15.700999975204468,15.729000091552734,0.0280001163482666
15.702000141143799,15.725000143051147,0.023000001907348633
15.702000141143799,15.729000091552734,0.026999950408935547
15.702000141143799,15.729000091552734,0.026999950408935547
15.702000141143799,15.729000091552734,0.026999950408935547
15.702000141143799,15.773000001907349,0.0709998607635498
15.70300006866455,15.729000091552734,0.026000022888183594
15.749000072479248,15.773000001907349,0.023999929428100586
15.750999927520752,15.817000150680542,0.06600022315979004
15.750999927520752,15.773000001907349,0.02200007438659668
15.750999927520752,15.818000078201294,0.06700015068054199
15.752000093460083,15.773000001907349,0.020999908447265625
15.752000093460083,15.818000078201294,0.06599998474121094
15.752000093460083,15.773000001907349,0.020999908447265625
15.752000093460083,15.773000001907349,0.020999908447265625
15.752000093460083,15.773000001907349,0.020999908447265625
15.753000020980835,15.817000150680542,0.06400012969970703
15.79800009727478,15.819000005722046,0.020999908447265625
15.799999952316284,15.819000005722046,0.01900005340576172
15.799999952316284,15.819000005722046,0.01900005340576172
15.799999952316284,15.817000150680542,0.017000198364257812
15.799999952316284,15.817000150680542,0.017000198364257812
15.799999952316284,15.819000005722046,0.01900005340576172
15.799999952316284,15.819000005722046,0.01900005340576172
15.801000118255615,15.819000005722046,0.017999887466430664
15.801000118255615,15.818000078201294,0.01699995994567871
15.801000118255615,15.817000150680542,0.016000032424926758
15.848999977111816,15.878999948501587,0.029999971389770508
15.8510000705719,15.878999948501587,0.0279998779296875
15.8510000705719,15.870000123977661,0.01900005340576172
15.8510000705719,15.878999948501587,0.0279998779296875
15.8510000705719,15.924999952316284,0.07399988174438477
15.8510000705719,15.878999948501587,0.0279998779296875
15.8510000705719,15.878999948501587,0.0279998779296875
15.8510000705719,15.924999952316284,0.07399988174438477
15.8510000705719,15.878999948501587,0.0279998779296875
15.8510000705719,15.870000123977661,0.01900005340576172
15.900000095367432,15.92900013923645,0.029000043869018555
15.901000022888184,15.92900013923645,0.0280001163482666
15.901999950408936,15.92900013923645,0.02700018882751465
15.901999950408936,15.926000118255615,0.024000167846679688
15.901999950408936,15.92900013923645,0.02700018882751465
15.901999950408936,15.92900013923645,0.02700018882751465
15.901999950408936,15.924999952316284,0.023000001907348633
15.901999950408936,15.92900013923645,0.02700018882751465
15.901999950408936,15.924999952316284,0.023000001907348633
15.901999950408936,15.92900013923645,0.02700018882751465
15.950000047683716,15.969000101089478,0.01900005340576172
15.950000047683716,15.969000101089478,0.01900005340576172
15.950000047683716,15.969000101089478,0.01900005340576172
15.950000047683716,15.969000101089478,0.01900005340576172
15.950000047683716,16.01699995994568,0.06699991226196289
15.950000047683716,15.967999935150146,0.017999887466430664
15.950000047683716,16.01699995994568,0.06699991226196289
15.952000141143799,15.969000101089478,0.01699995994567871
15.95300006866455,16.01699995994568,0.06399989128112793
15.95300006866455,15.969000101089478,0.016000032424926758
16.0,16.01699995994568,0.01699995994567871
16.000999927520752,16.01699995994568,0.016000032424926758
16.000999927520752,16.05900001525879,0.05800008773803711
16.000999927520752,16.05900001525879,0.05800008773803711
16.002000093460083,16.01699995994568,0.014999866485595703
16.002000093460083,16.05900001525879,0.056999921798706055
16.002000093460083,16.05900001525879,0.056999921798706055
16.002000093460083,16.05900001525879,0.056999921798706055
16.003000020980835,16.05900001525879,0.0559999942779541
16.003000020980835,16.01699995994568,0.01399993896484375
16.049000024795532,16.081000089645386,0.032000064849853516
16.049999952316284,16.081000089645386,0.031000137329101562
16.049999952316284,16.081000089645386,0.031000137329101562
16.052000045776367,16.082000017166138,0.029999971389770508
16.052000045776367,16.081000089645386,0.029000043869018555
16.052000045776367,16.082000017166138,0.029999971389770508
16.052000045776367,16.078999996185303,0.026999950408935547
16.052000045776367,16.07800006866455,0.026000022888183594
16.052000045776367,16.07800006866455,0.026000022888183594
16.052000045776367,16.082000017166138,0.029999971389770508
16.100000143051147,16.124000072479248,0.023999929428100586
16.100000143051147,16.124000072479248,0.023999929428100586
16.100000143051147,16.124000072479248,0.023999929428100586
16.100000143051147,16.124000072479248,0.023999929428100586
16.100000143051147,16.124000072479248,0.023999929428100586
16.10199999809265,16.16700005531311,0.06500005722045898
16.10199999809265,16.167999982833862,0.06599998474121094
16.10199999809265,16.124000072479248,0.02200007438659668
16.10199999809265,16.124000072479248,0.02200007438659668
16.10199999809265,16.167999982833862,0.06599998474121094
16.15000009536743,16.21399998664856,0.06399989128112793
16.151000022888184,16.167999982833862,0.01699995994567871
16.151000022888184,16.21399998664856,0.06299996376037598
16.151000022888184,16.167999982833862,0.01699995994567871
16.151999950408936,16.167999982833862,0.016000032424926758
16.151999950408936,16.213000059127808,0.06100010871887207
16.151999950408936,16.16700005531311,0.015000104904174805
16.151999950408936,16.167999982833862,0.016000032424926758
16.151999950408936,16.21399998664856,0.06200003623962402
16.151999950408936,16.21399998664856,0.06200003623962402
16.200000047683716,16.213000059127808,0.013000011444091797
16.200999975204468,16.21399998664856,0.013000011444091797
16.200999975204468,16.266000032424927,0.06500005722045898
16.200999975204468,16.213000059127808,0.012000083923339844
16.2020001411438,16.266000032424927,0.06399989128112793
16.2020001411438,16.213000059127808,0.010999917984008789
16.2020001411438,16.26699995994568,0.06499981880187988
16.2020001411438,16.26699995994568,0.06499981880187988
16.20300006866455,16.26699995994568,0.06399989128112793
16.20300006866455,16.266000032424927,0.06299996376037598
16.25,16.322999954223633,0.07299995422363281
16.25,16.276000022888184,0.026000022888183594
16.25,16.276000022888184,0.026000022888183594
16.25,16.322999954223633,0.07299995422363281
16.25,16.276000022888184,0.026000022888183594
16.250999927520752,16.322999954223633,0.07200002670288086
16.252000093460083,16.276000022888184,0.023999929428100586
16.252000093460083,16.276000022888184,0.023999929428100586
16.252000093460083,16.276000022888184,0.023999929428100586
16.252000093460083,16.276000022888184,0.023999929428100586
16.299000024795532,16.322999954223633,0.023999929428100586
16.301000118255615,16.371000051498413,0.06999993324279785
16.301000118255615,16.322999954223633,0.021999835968017578
16.301000118255615,16.322999954223633,0.021999835968017578
16.301000118255615,16.371000051498413,0.06999993324279785
16.301000118255615,16.324000120162964,0.023000001907348633
16.301000118255615,16.322999954223633,0.021999835968017578
16.301000118255615,16.371000051498413,0.06999993324279785
16.301000118255615,16.322999954223633,0.021999835968017578
16.301000118255615,16.322999954223633,0.021999835968017578
16.350000143051147,16.417999982833862,0.06799983978271484
16.350000143051147,16.417999982833862,0.06799983978271484
16.350000143051147,16.371000051498413,0.020999908447265625
16.350000143051147,16.371000051498413,0.020999908447265625
16.350000143051147,16.371000051498413,0.020999908447265625
16.3510000705719,16.417999982833862,0.06699991226196289
16.3510000705719,16.417999982833862,0.06699991226196289
16.352999925613403,16.371000051498413,0.018000125885009766
16.352999925613403,16.371000051498413,0.018000125885009766
16.352999925613403,16.417999982833862,0.06500005722045898
16.40000009536743,16.42900013923645,0.029000043869018555
16.40000009536743,16.42900013923645,0.029000043869018555
16.401999950408936,16.42900013923645,0.02700018882751465
16.401999950408936,16.42900013923645,0.02700018882751465
16.401999950408936,16.48099994659424,0.07899999618530273
16.401999950408936,16.42900013923645,0.02700018882751465
16.401999950408936,16.480000019073486,0.07800006866455078
16.401999950408936,16.42900013923645,0.02700018882751465
16.401999950408936,16.42900013923645,0.02700018882751465
16.403000116348267,16.48099994659424,0.07799983024597168
16.447999954223633,16.48099994659424,0.03299999237060547
16.4520001411438,16.48099994659424,0.028999805450439453
16.4520001411438,16.48099994659424,0.028999805450439453
16.4520001411438,16.48099994659424,0.028999805450439453
16.4520001411438,16.519999980926514,0.06799983978271484
16.4520001411438,16.519999980926514,0.06799983978271484
16.4520001411438,16.48099994659424,0.028999805450439453
16.4520001411438,16.519999980926514,0.06799983978271484
16.4520001411438,16.519999980926514,0.06799983978271484
16.4520001411438,16.519999980926514,0.06799983978271484
16.498000144958496,16.519999980926514,0.021999835968017578
16.502000093460083,16.568000078201294,0.06599998474121094
16.502000093460083,16.519999980926514,0.017999887466430664
16.502000093460083,16.568000078201294,0.06599998474121094
16.502000093460083,16.568000078201294,0.06599998474121094
16.502000093460083,16.568000078201294,0.06599998474121094
16.502000093460083,16.568000078201294,0.06599998474121094
16.502000093460083,16.568000078201294,0.06599998474121094
16.502000093460083,16.519999980926514,0.017999887466430664
16.502000093460083,16.519999980926514,0.017999887466430664
16.549999952316284,16.569999933242798,0.019999980926513672
16.549999952316284,16.568000078201294,0.018000125885009766
16.549999952316284,16.569999933242798,0.019999980926513672
16.549999952316284,16.569999933242798,0.019999980926513672
16.549999952316284,16.569999933242798,0.019999980926513672
16.549999952316284,16.617000102996826,0.06700015068054199
16.549999952316284,16.569999933242798,0.019999980926513672
16.551000118255615,16.568000078201294,0.01699995994567871
16.551000118255615,16.569999933242798,0.018999814987182617
16.552000045776367,16.569999933242798,0.017999887466430664
16.600000143051147,16.628000020980835,0.0279998779296875
16.60199999809265,16.67300009727478,0.0710000991821289
16.60199999809265,16.67300009727478,0.0710000991821289
16.60199999809265,16.628000020980835,0.026000022888183594
16.60199999809265,16.67300009727478,0.0710000991821289
16.60199999809265,16.67300009727478,0.0710000991821289
16.60199999809265,16.628000020980835,0.026000022888183594
16.60199999809265,16.628000020980835,0.026000022888183594
16.60199999809265,16.628000020980835,0.026000022888183594
16.602999925613403,16.67300009727478,0.07000017166137695
16.65000009536743,16.723999977111816,0.07399988174438477
16.65000009536743,16.67300009727478,0.023000001907348633
16.651000022888184,16.723000049591064,0.07200002670288086
16.651000022888184,16.67300009727478,0.02200007438659668
16.651000022888184,16.723999977111816,0.07299995422363281
16.651999950408936,16.723000049591064,0.0710000991821289
16.651999950408936,16.723000049591064,0.0710000991821289
16.651999950408936,16.67300009727478,0.021000146865844727
16.651999950408936,16.723999977111816,0.07200002670288086
16.651999950408936,16.67300009727478,0.021000146865844727
16.700000047683716,16.725000143051147,0.02500009536743164
16.700000047683716,16.725000143051147,0.02500009536743164
16.700000047683716,16.725000143051147,0.02500009536743164
16.700000047683716,16.723999977111816,0.023999929428100586
16.700000047683716,16.725000143051147,0.02500009536743164
16.700000047683716,16.723000049591064,0.023000001907348633
16.700000047683716,16.725000143051147,0.02500009536743164
16.70300006866455,16.725000143051147,0.02200007438659668
16.70300006866455,16.725000143051147,0.02200007438659668
16.70300006866455,16.723999977111816,0.020999908447265625
16.749000072479248,16.772000074386597,0.023000001907348633
16.750999927520752,16.808000087738037,0.057000160217285156
16.750999927520752,16.772000074386597,0.021000146865844727
16.750999927520752,16.808000087738037,0.057000160217285156
16.750999927520752,16.808000087738037,0.057000160217285156
16.750999927520752,16.808000087738037,0.057000160217285156
16.750999927520752,16.808000087738037,0.057000160217285156
16.750999927520752,16.772000074386597,0.021000146865844727
16.750999927520752,16.772000074386597,0.021000146865844727
16.750999927520752,16.772000074386597,0.021000146865844727
16.79800009727478,16.825000047683716,0.026999950408935547
16.799999952316284,16.825000047683716,0.02500009536743164
16.799999952316284,16.875,0.07500004768371582
16.799999952316284,16.875,0.07500004768371582
16.799999952316284,16.875,0.07500004768371582
16.799999952316284,16.875,0.07500004768371582
16.799999952316284,16.825000047683716,0.02500009536743164
16.801000118255615,16.825000047683716,0.023999929428100586
16.801000118255615,16.875,0.07399988174438477
16.80299997329712,16.875,0.07200002670288086
16.848999977111816,16.875999927520752,0.026999950408935547
16.850000143051147,16.875999927520752,0.025999784469604492
16.8510000705719,16.875,0.023999929428100586
16.8510000705719,16.914000034332275,0.06299996376037598
16.8510000705719,16.875999927520752,0.02499985694885254
16.8510000705719,16.875999927520752,0.02499985694885254
16.8510000705719,16.914000034332275,0.06299996376037598
16.8510000705719,16.875,0.023999929428100586
16.8510000705719,16.875999927520752,0.02499985694885254
16.85199999809265,16.875,0.023000001907348633
16.90000009536743,16.966000080108643,0.06599998474121094
16.90000009536743,16.914000034332275,0.01399993896484375
16.90000009536743,16.966000080108643,0.06599998474121094
16.901000022888184,16.914000034332275,0.013000011444091797
16.901000022888184,16.966000080108643,0.06500005722045898
16.901000022888184,16.914000034332275,0.013000011444091797
16.901000022888184,16.914000034332275,0.013000011444091797
16.901999950408936,16.96500015258789,0.06300020217895508
16.901999950408936,16.914000034332275,0.012000083923339844
16.901999950408936,16.914000034332275,0.012000083923339844
16.950000047683716,16.98200011253357,0.032000064849853516
16.950000047683716,16.98200011253357,0.032000064849853516
16.950000047683716,16.98200011253357,0.032000064849853516
16.950000047683716,16.98200011253357,0.032000064849853516
16.950000047683716,16.979000091552734,0.029000043869018555
16.950000047683716,16.977999925613403,0.0279998779296875
16.950000047683716,16.98200011253357,0.032000064849853516
16.950999975204468,16.979000091552734,0.0280001163482666
16.95300006866455,16.98200011253357,0.029000043869018555
16.95300006866455,16.98200011253357,0.029000043869018555
16.998000144958496,17.02300000190735,0.02499985694885254
17.0,17.022000074386597,0.02200007438659668
17.0,17.068000078201294,0.06800007820129395
17.000999927520752,17.068000078201294,0.06700015068054199
17.000999927520752,17.02300000190735,0.02200007438659668
17.000999927520752,17.022000074386597,0.021000146865844727
17.000999927520752,17.02300000190735,0.02200007438659668
17.000999927520752,17.022000074386597,0.021000146865844727
17.002000093460083,17.068000078201294,0.06599998474121094
17.002000093460083,17.022000074386597,0.019999980926513672
17.049999952316284,17.068000078201294,0.018000125885009766
17.049999952316284,17.121000051498413,0.0710000991821289
17.049999952316284,17.068000078201294,0.018000125885009766
17.049999952316284,17.068000078201294,0.018000125885009766
17.049999952316284,17.121000051498413,0.0710000991821289
17.049999952316284,17.121000051498413,0.0710000991821289
17.051000118255615,17.121000051498413,0.06999993324279785
17.052000045776367,17.068000078201294,0.016000032424926758
17.052000045776367,17.068000078201294,0.016000032424926758
17.05299997329712,17.121000051498413,0.06800007820129395
17.100000143051147,17.131999969482422,0.031999826431274414
17.1010000705719,17.131999969482422,0.03099989891052246
17.10199999809265,17.131999969482422,0.029999971389770508
17.10199999809265,17.131999969482422,0.029999971389770508
17.10199999809265,17.177000045776367,0.07500004768371582
17.10199999809265,17.131999969482422,0.029999971389770508
17.102999925613403,17.121000051498413,0.018000125885009766
17.102999925613403,17.131999969482422,0.029000043869018555
17.102999925613403,17.131999969482422,0.029000043869018555
17.102999925613403,17.177000045776367,0.07400012016296387
17.15000009536743,17.22099995613098,0.0709998607635498
17.151000022888184,17.177000045776367,0.026000022888183594
17.151000022888184,17.177000045776367,0.026000022888183594
17.151000022888184,17.177000045776367,0.026000022888183594
17.151000022888184,17.177000045776367,0.026000022888183594
17.151000022888184,17.177000045776367,0.026000022888183594
17.151000022888184,17.22099995613098,0.06999993324279785
17.151999950408936,17.22099995613098,0.0690000057220459
17.153000116348267,17.22099995613098,0.06799983978271484
17.153000116348267,17.22099995613098,0.06799983978271484
17.197999954223633,17.223000049591064,0.02500009536743164
17.2020001411438,17.222000122070312,0.019999980926513672
17.2020001411438,17.222000122070312,0.019999980926513672
17.2020001411438,17.22099995613098,0.018999814987182617
17.2020001411438,17.222000122070312,0.019999980926513672
17.2020001411438,17.222000122070312,0.019999980926513672
17.2020001411438,17.222000122070312,0.019999980926513672
17.2020001411438,17.222000122070312,0.019999980926513672
17.2020001411438,17.22099995613098,0.018999814987182617
17.2020001411438,17.222000122070312,0.019999980926513672
17.25,17.263999938964844,0.01399993896484375
17.25,17.312000036239624,0.06200003623962402
17.252000093460083,17.263000011444092,0.010999917984008789
17.252000093460083,17.263999938964844,0.011999845504760742
17.252000093460083,17.263999938964844,0.011999845504760742
17.252000093460083,17.312000036239624,0.059999942779541016
17.252000093460083,17.312000036239624,0.059999942779541016
17.252000093460083,17.263000011444092,0.010999917984008789
17.253000020980835,17.263999938964844,0.010999917984008789
17.253000020980835,17.263000011444092,0.009999990463256836
17.299999952316284,17.312000036239624,0.012000083923339844
17.301000118255615,17.312000036239624,0.010999917984008789
17.301000118255615,17.35700011253357,0.0559999942779541
17.301000118255615,17.35700011253357,0.0559999942779541
17.301000118255615,17.328999996185303,0.0279998779296875
17.301000118255615,17.328999996185303,0.0279998779296875
17.301000118255615,17.35700011253357,0.0559999942779541
17.301000118255615,17.35700011253357,0.0559999942779541
17.301000118255615,17.328999996185303,0.0279998779296875
17.302000045776367,17.35700011253357,0.05500006675720215
17.350000143051147,17.374000072479248,0.023999929428100586
17.350000143051147,17.43400001525879,0.0839998722076416
17.350000143051147,17.374000072479248,0.023999929428100586
17.350000143051147,17.43400001525879,0.0839998722076416
17.350000143051147,17.375,0.02499985694885254
17.350000143051147,17.43400001525879,0.0839998722076416
17.35199999809265,17.375,0.023000001907348633
17.35199999809265,17.374000072479248,0.02200007438659668
17.352999925613403,17.375,0.02200007438659668
17.352999925613403,17.374000072479248,0.021000146865844727
17.3989999294281,17.43499994277954,0.03600001335144043
17.401999950408936,17.436000108718872,0.03400015830993652
17.401999950408936,17.43400001525879,0.032000064849853516
17.401999950408936,17.43499994277954,0.03299999237060547
17.401999950408936,17.436000108718872,0.03400015830993652
17.401999950408936,17.43400001525879,0.032000064849853516
17.401999950408936,17.43499994277954,0.03299999237060547
17.401999950408936,17.43499994277954,0.03299999237060547
17.401999950408936,17.43400001525879,0.032000064849853516
17.401999950408936,17.43499994277954,0.03299999237060547
17.447999954223633,17.51200008392334,0.06400012969970703
17.450999975204468,17.46399998664856,0.013000011444091797
17.450999975204468,17.51200008392334,0.06100010871887207
17.450999975204468,17.46399998664856,0.013000011444091797
17.450999975204468,17.51200008392334,0.06100010871887207
17.450999975204468,17.46399998664856,0.013000011444091797
17.450999975204468,17.46399998664856,0.013000011444091797
17.450999975204468,17.46399998664856,0.013000011444091797
17.450999975204468,17.46399998664856,0.013000011444091797
17.450999975204468,17.46399998664856,0.013000011444091797
17.499000072479248,17.51200008392334,0.013000011444091797
17.500999927520752,17.557000160217285,0.0560002326965332
17.500999927520752,17.557000160217285,0.0560002326965332
17.500999927520752,17.51200008392334,0.01100015640258789
17.500999927520752,17.557000160217285,0.0560002326965332
17.500999927520752,17.557000160217285,0.0560002326965332
17.500999927520752,17.52900004386902,0.0280001163482666
17.500999927520752,17.52900004386902,0.0280001163482666
17.502000093460083,17.557000160217285,0.05500006675720215
17.502000093460083,17.557000160217285,0.05500006675720215
17.549999952316284,17.61899995803833,0.0690000057220459
17.551000118255615,17.61899995803833,0.06799983978271484
17.552000045776367,17.575000047683716,0.023000001907348633
17.552000045776367,17.575000047683716,0.023000001907348633
17.552000045776367,17.575000047683716,0.023000001907348633
17.552000045776367,17.575000047683716,0.023000001907348633
17.552000045776367,17.575000047683716,0.023000001907348633
17.552000045776367,17.575000047683716,0.023000001907348633
17.552000045776367,17.575000047683716,0.023000001907348633
17.552000045776367,17.61899995803833,0.06699991226196289
17.598000049591064,17.663000106811523,0.06500005722045898
17.6010000705719,17.61899995803833,0.017999887466430664
17.6010000705719,17.663000106811523,0.06200003623962402
17.6010000705719,17.61899995803833,0.017999887466430664
17.6010000705719,17.61899995803833,0.017999887466430664
17.6010000705719,17.618000030517578,0.01699995994567871
17.6010000705719,17.663000106811523,0.06200003623962402
17.6010000705719,17.61899995803833,0.017999887466430664
17.60199999809265,17.61899995803833,0.01699995994567871
17.60199999809265,17.663000106811523,0.06100010871887207
17.65000009536743,17.663000106811523,0.013000011444091797
17.65000009536743,17.663000106811523,0.013000011444091797
17.65000009536743,17.719000101089478,0.0690000057220459
17.65000009536743,17.663000106811523,0.013000011444091797
17.65000009536743,17.663000106811523,0.013000011444091797
17.65000009536743,17.663000106811523,0.013000011444091797
17.65000009536743,17.719000101089478,0.0690000057220459
17.653000116348267,17.663000106811523,0.009999990463256836
17.653000116348267,17.719000101089478,0.06599998474121094
17.653000116348267,17.719000101089478,0.06599998474121094
17.700000047683716,17.77500009536743,0.07500004768371582
17.700999975204468,17.77500009536743,0.07400012016296387
17.700999975204468,17.729000091552734,0.0280001163482666
17.7020001411438,17.77500009536743,0.07299995422363281
17.7020001411438,17.77500009536743,0.07299995422363281
17.7020001411438,17.729000091552734,0.026999950408935547
17.7020001411438,17.77500009536743,0.07299995422363281
17.70300006866455,17.729000091552734,0.026000022888183594
17.70300006866455,17.729000091552734,0.026000022888183594
17.70300006866455,17.77500009536743,0.07200002670288086
17.748000144958496,17.776999950408936,0.028999805450439453
17.750999927520752,17.776000022888184,0.02500009536743164
17.752000093460083,17.776999950408936,0.02499985694885254
17.752000093460083,17.776000022888184,0.023999929428100586
17.752000093460083,17.776000022888184,0.023999929428100586
17.752000093460083,17.776000022888184,0.023999929428100586
17.752000093460083,17.776000022888184,0.023999929428100586
17.752000093460083,17.776000022888184,0.023999929428100586
17.752000093460083,17.776999950408936,0.02499985694885254
17.753000020980835,17.77500009536743,0.02200007438659668
17.799999952316284,17.812000036239624,0.012000083923339844
17.799999952316284,17.86300015449524,0.06300020217895508
17.801000118255615,17.812000036239624,0.010999917984008789
17.802000045776367,17.812000036239624,0.009999990463256836
17.802000045776367,17.812999963760376,0.010999917984008789
17.802000045776367,17.812000036239624,0.009999990463256836
17.802000045776367,17.86300015449524,0.06100010871887207
17.802000045776367,17.812000036239624,0.009999990463256836
17.802000045776367,17.86300015449524,0.06100010871887207
17.802000045776367,17.812000036239624,0.009999990463256836
17.850000143051147,17.86300015449524,0.013000011444091797
17.8510000705719,17.93400001525879,0.08299994468688965
17.8510000705719,17.880000114440918,0.029000043869018555
17.8510000705719,17.878999948501587,0.0279998779296875
17.8510000705719,17.880000114440918,0.029000043869018555
17.8510000705719,17.93400001525879,0.08299994468688965
17.8510000705719,17.93400001525879,0.08299994468688965
17.8510000705719,17.93400001525879,0.08299994468688965
17.8510000705719,17.878999948501587,0.0279998779296875
17.8510000705719,17.878999948501587,0.0279998779296875
17.8989999294281,17.937000036239624,0.03800010681152344
17.90000009536743,17.937000036239624,0.03699994087219238
17.90000009536743,17.937000036239624,0.03699994087219238
17.90000009536743,17.975000143051147,0.07500004768371582
17.90000009536743,17.937000036239624,0.03699994087219238
17.901000022888184,17.975000143051147,0.07400012016296387
17.901000022888184,17.937000036239624,0.03600001335144043
17.901000022888184,17.9760000705719,0.07500004768371582
17.901000022888184,17.937000036239624,0.03600001335144043
17.901000022888184,17.975000143051147,0.07400012016296387
17.947999954223633,17.975000143051147,0.02700018882751465
17.950000047683716,18.015000104904175,0.06500005722045898
17.950999975204468,17.975000143051147,0.024000167846679688
17.950999975204468,18.015000104904175,0.06400012969970703
17.9520001411438,17.9760000705719,0.023999929428100586
17.9520001411438,18.013999938964844,0.06199979782104492
17.9520001411438,18.015000104904175,0.06299996376037598
17.9520001411438,17.975000143051147,0.023000001907348633
17.95300006866455,18.015000104904175,0.06200003623962402
17.95300006866455,18.015000104904175,0.06200003623962402
17.998000144958496,18.01800012588501,0.019999980926513672
18.000999927520752,18.015000104904175,0.014000177383422852
18.000999927520752,18.01800012588501,0.017000198364257812
18.000999927520752,18.01800012588501,0.017000198364257812
18.000999927520752,18.01800012588501,0.017000198364257812
18.000999927520752,18.01800012588501,0.017000198364257812
18.000999927520752,18.01800012588501,0.017000198364257812
18.000999927520752,18.01800012588501,0.017000198364257812
18.000999927520752,18.064000129699707,0.06300020217895508
18.002000093460083,18.013999938964844,0.011999845504760742
18.049000024795532,18.064000129699707,0.015000104904174805
18.051000118255615,18.07800006866455,0.026999950408935547
18.051000118255615,18.121999979019165,0.0709998607635498
18.051000118255615,18.121000051498413,0.06999993324279785
18.051000118255615,18.121000051498413,0.06999993324279785
18.052000045776367,18.07800006866455,0.026000022888183594
18.052000045776367,18.07800006866455,0.026000022888183594
18.052000045776367,18.121000051498413,0.0690000057220459
18.052000045776367,18.064000129699707,0.012000083923339844
18.052000045776367,18.07800006866455,0.026000022888183594
18.098999977111816,18.125999927520752,0.026999950408935547
18.10199999809265,18.125999927520752,0.023999929428100586
18.10199999809265,18.125999927520752,0.023999929428100586
18.10199999809265,18.174999952316284,0.07299995422363281
18.10199999809265,18.125999927520752,0.023999929428100586
18.10199999809265,18.125999927520752,0.023999929428100586
18.10199999809265,18.125999927520752,0.023999929428100586
18.10199999809265,18.125999927520752,0.023999929428100586
18.10199999809265,18.174999952316284,0.07299995422363281
18.10199999809265,18.121999979019165,0.019999980926513672
18.15000009536743,18.174999952316284,0.02499985694885254
18.15000009536743,18.217999935150146,0.06799983978271484
18.15000009536743,18.174999952316284,0.02499985694885254
18.15000009536743,18.174999952316284,0.02499985694885254
18.15000009536743,18.174999952316284,0.02499985694885254
18.15000009536743,18.174999952316284,0.02499985694885254
18.15000009536743,18.217000007629395,0.06699991226196289
18.15000009536743,18.174999952316284,0.02499985694885254
18.151000022888184,18.217000007629395,0.06599998474121094
18.151000022888184,18.217999935150146,0.06699991226196289
18.200000047683716,18.217000007629395,0.01699995994567871
18.200000047683716,18.217000007629395,0.01699995994567871
18.2020001411438,18.265000104904175,0.06299996376037598
18.2020001411438,18.217000007629395,0.014999866485595703
18.2020001411438,18.265000104904175,0.06299996376037598
18.2020001411438,18.265000104904175,0.06299996376037598
18.2020001411438,18.265000104904175,0.06299996376037598
18.20300006866455,18.265000104904175,0.06200003623962402
18.20300006866455,18.217000007629395,0.01399993896484375
18.20300006866455,18.265000104904175,0.06200003623962402
18.249000072479248,18.276999950408936,0.0279998779296875
18.250999927520752,18.276999950408936,0.026000022888183594
18.250999927520752,18.32100009918213,0.07000017166137695
18.250999927520752,18.276999950408936,0.026000022888183594
18.250999927520752,18.32100009918213,0.07000017166137695
18.250999927520752,18.276999950408936,0.026000022888183594
18.250999927520752,18.32100009918213,0.07000017166137695
18.252000093460083,18.32100009918213,0.0690000057220459
18.252000093460083,18.32100009918213,0.0690000057220459
18.252000093460083,18.276999950408936,0.02499985694885254
18.299000024795532,18.32100009918213,0.02200007438659668
18.299999952316284,18.375,0.07500004768371582
18.301000118255615,18.32100009918213,0.019999980926513672
18.301000118255615,18.374000072479248,0.07299995422363281
18.301000118255615,18.374000072479248,0.07299995422363281
18.301000118255615,18.374000072479248,0.07299995422363281
18.301000118255615,18.32100009918213,0.019999980926513672
18.301000118255615,18.32100009918213,0.019999980926513672
18.301000118255615,18.374000072479248,0.07299995422363281
18.302000045776367,18.32100009918213,0.01900005340576172
18.348999977111816,18.375999927520752,0.026999950408935547
18.350000143051147,18.375999927520752,0.025999784469604492
18.35199999809265,18.375999927520752,0.023999929428100586
18.35199999809265,18.374000072479248,0.02200007438659668
18.35199999809265,18.375999927520752,0.023999929428100586
18.35199999809265,18.375999927520752,0.023999929428100586
18.352999925613403,18.375999927520752,0.023000001907348633
18.352999925613403,18.375999927520752,0.023000001907348633
18.352999925613403,18.374000072479248,0.021000146865844727
18.352999925613403,18.417999982833862,0.06500005722045898
18.39800000190735,18.419000148773193,0.021000146865844727
18.401000022888184,18.473000049591064,0.07200002670288086
18.401000022888184,18.427000045776367,0.026000022888183594
18.401000022888184,18.42799997329712,0.026999950408935547
18.401000022888184,18.427000045776367,0.026000022888183594
18.401000022888184,18.42799997329712,0.026999950408935547
18.401000022888184,18.473000049591064,0.07200002670288086
18.401000022888184,18.42799997329712,0.026999950408935547
18.401000022888184,18.473000049591064,0.07200002670288086
18.401999950408936,18.473000049591064,0.0710000991821289
18.450000047683716,18.475000143051147,0.02500009536743164
18.450000047683716,18.475000143051147,0.02500009536743164
18.450000047683716,18.473999977111816,0.023999929428100586
18.450000047683716,18.473000049591064,0.023000001907348633
18.450000047683716,18.475000143051147,0.02500009536743164
18.450999975204468,18.475000143051147,0.024000167846679688
18.450999975204468,18.473000049591064,0.02200007438659668
18.450999975204468,18.475000143051147,0.024000167846679688
18.4520001411438,18.473999977111816,0.021999835968017578
18.4520001411438,18.51800012588501,0.06599998474121094
18.5,18.51800012588501,0.018000125885009766
18.5,18.51800012588501,0.018000125885009766
18.500999927520752,18.572999954223633,0.07200002670288086
18.500999927520752,18.51800012588501,0.017000198364257812
18.500999927520752,18.51800012588501,0.017000198364257812
18.500999927520752,18.572999954223633,0.07200002670288086
18.500999927520752,18.51900005340576,0.018000125885009766
18.500999927520752,18.51800012588501,0.017000198364257812
18.500999927520752,18.57200002670288,0.0710000991821289
18.500999927520752,18.57200002670288,0.0710000991821289
18.549999952316284,18.57200002670288,0.02200007438659668
18.551000118255615,18.57800006866455,0.026999950408935547
18.551000118255615,18.57800006866455,0.026999950408935547
18.551000118255615,18.57200002670288,0.020999908447265625
18.551000118255615,18.57800006866455,0.026999950408935547
18.552000045776367,18.57800006866455,0.026000022888183594
18.552000045776367,18.615999937057495,0.06399989128112793
18.552000045776367,18.57800006866455,0.026000022888183594
18.552000045776367,18.615999937057495,0.06399989128112793
18.552000045776367,18.57200002670288,0.019999980926513672
18.598000049591064,18.627000093460083,0.029000043869018555
18.600000143051147,18.671000003814697,0.0709998607635498
18.600000143051147,18.67199993133545,0.07199978828430176
18.600000143051147,18.627000093460083,0.026999950408935547
18.600000143051147,18.627000093460083,0.026999950408935547
18.600000143051147,18.627000093460083,0.026999950408935547
18.6010000705719,18.627000093460083,0.026000022888183594
18.6010000705719,18.615999937057495,0.014999866485595703
18.60199999809265,18.671000003814697,0.0690000057220459
18.60199999809265,18.627000093460083,0.02500009536743164
18.65000009536743,18.72099995613098,0.0709998607635498
18.65000009536743,18.671000003814697,0.020999908447265625
18.65000009536743,18.67199993133545,0.021999835968017578
18.65000009536743,18.72099995613098,0.0709998607635498
18.651000022888184,18.72099995613098,0.06999993324279785
18.651000022888184,18.671000003814697,0.019999980926513672
18.651000022888184,18.67199993133545,0.020999908447265625
18.651000022888184,18.72099995613098,0.06999993324279785
18.651000022888184,18.67199993133545,0.020999908447265625
18.651000022888184,18.671000003814697,0.019999980926513672
18.700000047683716,18.725000143051147,0.02500009536743164
18.7020001411438,18.725000143051147,0.023000001907348633
18.7020001411438,18.72099995613098,0.018999814987182617
18.7020001411438,18.725000143051147,0.023000001907348633
18.7020001411438,18.72099995613098,0.018999814987182617
18.7020001411438,18.725000143051147,0.023000001907348633
18.70300006866455,18.725000143051147,0.02200007438659668
18.70300006866455,18.72099995613098,0.017999887466430664
18.70300006866455,18.725000143051147,0.02200007438659668
18.70300006866455,18.725000143051147,0.02200007438659668
18.748000144958496,18.819000005722046,0.0709998607635498
18.749000072479248,18.77999997138977,0.03099989891052246
18.750999927520752,18.819000005722046,0.06800007820129395
18.750999927520752,18.77999997138977,0.029000043869018555
18.750999927520752,18.819000005722046,0.06800007820129395
18.750999927520752,18.77999997138977,0.029000043869018555
18.750999927520752,18.77999997138977,0.029000043869018555
18.750999927520752,18.819000005722046,0.06800007820129395
18.753000020980835,18.77999997138977,0.026999950408935547
18.753000020980835,18.819999933242798,0.06699991226196289
18.799999952316284,18.868000030517578,0.06800007820129395
18.799999952316284,18.822999954223633,0.023000001907348633
18.799999952316284,18.822999954223633,0.023000001907348633
18.799999952316284,18.822999954223633,0.023000001907348633
18.799999952316284,18.819999933242798,0.019999980926513672
18.799999952316284,18.819000005722046,0.01900005340576172
18.799999952316284,18.822999954223633,0.023000001907348633
18.801000118255615,18.822999954223633,0.021999835968017578
18.801000118255615,18.822999954223633,0.021999835968017578
18.801000118255615,18.822999954223633,0.021999835968017578
18.850000143051147,18.868000030517578,0.017999887466430664
18.850000143051147,18.867000102996826,0.01699995994567871
18.850000143051147,18.868000030517578,0.017999887466430664
18.850000143051147,18.868000030517578,0.017999887466430664
18.850000143051147,18.868000030517578,0.017999887466430664
18.850000143051147,18.867000102996826,0.01699995994567871
18.850000143051147,18.914000034332275,0.06399989128112793
18.850000143051147,18.914999961853027,0.06499981880187988
18.8510000705719,18.914000034332275,0.06299996376037598
18.8510000705719,18.868000030517578,0.01699995994567871
18.90000009536743,18.914000034332275,0.01399993896484375
18.90000009536743,18.967000007629395,0.06699991226196289
18.90000009536743,18.914999961853027,0.014999866485595703
18.90000009536743,18.914000034332275,0.01399993896484375
18.90000009536743,18.914000034332275,0.01399993896484375
18.90000009536743,18.967000007629395,0.06699991226196289
18.90000009536743,18.914000034332275,0.01399993896484375
18.903000116348267,18.967000007629395,0.06399989128112793
18.903000116348267,18.967000007629395,0.06399989128112793
18.9060001373291,18.967000007629395,0.06099987030029297
18.947999954223633,18.979000091552734,0.031000137329101562
18.9520001411438,18.979000091552734,0.026999950408935547
18.9520001411438,18.979000091552734,0.026999950408935547
18.9520001411438,18.979000091552734,0.026999950408935547
18.9520001411438,18.977999925613403,0.025999784469604492
18.9520001411438,18.979000091552734,0.026999950408935547
18.9520001411438,18.979000091552734,0.026999950408935547
18.95300006866455,18.97699999809265,0.023999929428100586
18.95300006866455,18.979000091552734,0.026000022888183594
18.95300006866455,18.977999925613403,0.02499985694885254
18.998000144958496,19.021000146865845,0.023000001907348633
19.000999927520752,19.064000129699707,0.06300020217895508
19.000999927520752,19.021000146865845,0.020000219345092773
19.000999927520752,19.021000146865845,0.020000219345092773
19.000999927520752,19.06500005722046,0.06400012969970703
19.000999927520752,19.021000146865845,0.020000219345092773
19.000999927520752,19.021000146865845,0.020000219345092773
19.000999927520752,19.021000146865845,0.020000219345092773
19.000999927520752,19.021000146865845,0.020000219345092773
19.000999927520752,19.064000129699707,0.06300020217895508
19.04800009727478,19.064000129699707,0.016000032424926758
19.051000118255615,19.128000020980835,0.07699990272521973
19.051000118255615,19.128999948501587,0.07799983024597168
19.051000118255615,19.064000129699707,0.013000011444091797
19.051000118255615,19.128999948501587,0.07799983024597168
19.051000118255615,19.06500005722046,0.01399993896484375
19.051000118255615,19.128000020980835,0.07699990272521973
19.051000118255615,19.128000020980835,0.07699990272521973
19.051000118255615,19.064000129699707,0.013000011444091797
19.052000045776367,19.06500005722046,0.013000011444091797
19.100000143051147,19.13100004196167,0.03099989891052246
19.1010000705719,19.174000024795532,0.07299995422363281
19.1010000705719,19.13100004196167,0.029999971389770508
19.10199999809265,19.174000024795532,0.07200002670288086
19.10199999809265,19.174999952316284,0.07299995422363281
19.10199999809265,19.13100004196167,0.029000043869018555
19.10199999809265,19.174000024795532,0.07200002670288086
19.10199999809265,19.174999952316284,0.07299995422363281
19.102999925613403,19.13100004196167,0.0280001163482666
19.102999925613403,19.174000024795532,0.0710000991821289
19.1489999294281,19.176000118255615,0.02700018882751465
19.151000022888184,19.217000007629395,0.06599998474121094
19.151000022888184,19.176000118255615,0.02500009536743164
19.151000022888184,19.176000118255615,0.02500009536743164
19.151000022888184,19.174999952316284,0.023999929428100586
19.151000022888184,19.176000118255615,0.02500009536743164
19.151000022888184,19.174000024795532,0.023000001907348633
19.151000022888184,19.176000118255615,0.02500009536743164
19.151999950408936,19.217000007629395,0.06500005722045898
19.151999950408936,19.174999952316284,0.023000001907348633
19.199000120162964,19.217000007629395,0.017999887466430664
19.200999975204468,19.259999990463257,0.05900001525878906
19.200999975204468,19.259999990463257,0.05900001525878906
19.200999975204468,19.217000007629395,0.016000032424926758
19.200999975204468,19.259999990463257,0.05900001525878906
19.2020001411438,19.217000007629395,0.014999866485595703
19.2020001411438,19.217000007629395,0.014999866485595703
19.2020001411438,19.217000007629395,0.014999866485595703
19.2020001411438,19.217000007629395,0.014999866485595703
19.2020001411438,19.259999990463257,0.05799984931945801
19.249000072479248,19.317000150680542,0.06800007820129395
19.25,19.317000150680542,0.06700015068054199
19.25,19.318000078201294,0.06800007820129395
19.25,19.259999990463257,0.009999990463256836
19.25,19.318000078201294,0.06800007820129395
19.25,19.259999990463257,0.009999990463256836
19.250999927520752,19.259999990463257,0.009000062942504883
19.250999927520752,19.259999990463257,0.009000062942504883
19.252000093460083,19.318000078201294,0.06599998474121094
19.253000020980835,19.317000150680542,0.06400012969970703
19.299999952316284,19.374000072479248,0.07400012016296387
19.299999952316284,19.374000072479248,0.07400012016296387
19.301000118255615,19.3270001411438,0.026000022888183594
19.301000118255615,19.3270001411438,0.026000022888183594
19.302000045776367,19.374000072479248,0.07200002670288086
19.302000045776367,19.374000072479248,0.07200002670288086
19.302000045776367,19.3270001411438,0.02500009536743164
19.302000045776367,19.374000072479248,0.07200002670288086
19.302000045776367,19.3270001411438,0.02500009536743164
19.30299997329712,19.374000072479248,0.0710000991821289
19.348000049591064,19.375,0.026999950408935547
19.350000143051147,19.375999927520752,0.025999784469604492
19.35199999809265,19.375,0.023000001907348633
19.35199999809265,19.375,0.023000001907348633
19.35199999809265,19.374000072479248,0.02200007438659668
19.35199999809265,19.417999982833862,0.06599998474121094
19.35199999809265,19.375,0.023000001907348633
19.35199999809265,19.375999927520752,0.023999929428100586
19.35199999809265,19.374000072479248,0.02200007438659668
19.35199999809265,19.375,0.023000001907348633
19.40000009536743,19.47099995613098,0.0709998607635498
19.40000009536743,19.417999982833862,0.017999887466430664
19.40000009536743,19.472000122070312,0.07200002670288086
19.40000009536743,19.417999982833862,0.017999887466430664
19.401000022888184,19.417999982833862,0.01699995994567871
19.401000022888184,19.417999982833862,0.01699995994567871
19.401000022888184,19.417999982833862,0.01699995994567871
19.401000022888184,19.417999982833862,0.01699995994567871
19.401000022888184,19.417999982833862,0.01699995994567871
19.401000022888184,19.47099995613098,0.06999993324279785
19.450000047683716,19.480000019073486,0.029999971389770508
19.450000047683716,19.52300000190735,0.07299995422363281
19.450000047683716,19.52300000190735,0.07299995422363281
19.450000047683716,19.480000019073486,0.029999971389770508
19.4520001411438,19.52300000190735,0.0709998607635498
19.4520001411438,19.480000019073486,0.0279998779296875
19.4520001411438,19.480000019073486,0.0279998779296875
19.4520001411438,19.52300000190735,0.0709998607635498
19.45300006866455,19.52300000190735,0.06999993324279785
19.45300006866455,19.480000019073486,0.026999950408935547
19.499000072479248,19.526999950408936,0.0279998779296875
19.500999927520752,19.526000022888184,0.02500009536743164
19.500999927520752,19.526999950408936,0.026000022888183594
19.500999927520752,19.526999950408936,0.026000022888183594
19.500999927520752,19.567000150680542,0.06600022315979004
19.500999927520752,19.526000022888184,0.02500009536743164
19.500999927520752,19.526999950408936,0.026000022888183594
19.500999927520752,19.526000022888184,0.02500009536743164
19.500999927520752,19.52300000190735,0.02200007438659668
19.500999927520752,19.5239999294281,0.023000001907348633
19.549999952316284,19.567000150680542,0.017000198364257812
19.549999952316284,19.56599998474121,0.016000032424926758
19.552000045776367,19.61400008201599,0.06200003623962402
19.552000045776367,19.567000150680542,0.015000104904174805
19.552000045776367,19.567000150680542,0.015000104904174805
19.552000045776367,19.615000009536743,0.06299996376037598
19.552000045776367,19.61300015449524,0.06100010871887207
19.552000045776367,19.61400008201599,0.06200003623962402
19.552000045776367,19.567000150680542,0.015000104904174805
19.552000045776367,19.567000150680542,0.015000104904174805
19.600000143051147,19.61400008201599,0.01399993896484375
19.600000143051147,19.61400008201599,0.01399993896484375
19.600000143051147,19.66700005531311,0.06699991226196289
19.600000143051147,19.61400008201599,0.01399993896484375
19.600000143051147,19.61400008201599,0.01399993896484375
19.600000143051147,19.66700005531311,0.06699991226196289
19.6010000705719,19.667999982833862,0.06699991226196289
19.6010000705719,19.61300015449524,0.012000083923339844
19.60199999809265,19.66700005531311,0.06500005722045898
19.60700011253357,19.66700005531311,0.059999942779541016
19.6489999294281,19.674999952316284,0.026000022888183594
19.651999950408936,19.72000002861023,0.06800007820129395
19.651999950408936,19.674999952316284,0.023000001907348633
19.651999950408936,19.72000002861023,0.06800007820129395
19.651999950408936,19.674999952316284,0.023000001907348633
19.651999950408936,19.72000002861023,0.06800007820129395
19.651999950408936,19.674999952316284,0.023000001907348633
19.651999950408936,19.72000002861023,0.06800007820129395
19.651999950408936,19.72000002861023,0.06800007820129395
19.651999950408936,19.674999952316284,0.023000001907348633
19.700000047683716,19.72000002861023,0.019999980926513672
19.700000047683716,19.723000049591064,0.023000001907348633
19.700000047683716,19.722000122070312,0.02200007438659668
19.700999975204468,19.723000049591064,0.02200007438659668
19.7020001411438,19.723000049591064,0.020999908447265625
19.7020001411438,19.763999938964844,0.06199979782104492
19.7020001411438,19.763999938964844,0.06199979782104492
19.7020001411438,19.723000049591064,0.020999908447265625
19.7020001411438,19.723000049591064,0.020999908447265625
19.7020001411438,19.72000002861023,0.017999887466430664
19.75,19.763999938964844,0.01399993896484375
19.75,19.811000108718872,0.06100010871887207
19.75,19.763999938964844,0.01399993896484375
19.75,19.811000108718872,0.06100010871887207
19.75,19.763999938964844,0.01399993896484375
19.75,19.811000108718872,0.06100010871887207
19.750999927520752,19.811000108718872,0.06000018119812012
19.750999927520752,19.811000108718872,0.06000018119812012
19.750999927520752,19.763999938964844,0.013000011444091797
19.752000093460083,19.763999938964844,0.011999845504760742
19.799999952316284,19.82800006866455,0.0280001163482666
19.799999952316284,19.811000108718872,0.01100015640258789
19.799999952316284,19.85700011253357,0.057000160217285156
19.799999952316284,19.828999996185303,0.029000043869018555
19.802000045776367,19.85700011253357,0.05500006675720215
19.802000045776367,19.85700011253357,0.05500006675720215
19.802000045776367,19.828999996185303,0.026999950408935547
19.802000045776367,19.828999996185303,0.026999950408935547
19.802000045776367,19.85700011253357,0.05500006675720215
19.802000045776367,19.85700011253357,0.05500006675720215
19.850000143051147,19.874000072479248,0.023999929428100586
19.850000143051147,19.873000144958496,0.023000001907348633
19.850000143051147,19.920000076293945,0.06999993324279785
19.850000143051147,19.873000144958496,0.023000001907348633
19.8510000705719,19.920000076293945,0.0690000057220459
19.8510000705719,19.873000144958496,0.02200007438659668
19.8510000705719,19.85700011253357,0.006000041961669922
19.8510000705719,19.873000144958496,0.02200007438659668
19.8510000705719,19.873000144958496,0.02200007438659668
19.85199999809265,19.874000072479248,0.02200007438659668
19.8989999294281,19.920000076293945,0.021000146865844727
19.901000022888184,19.920000076293945,0.01900005340576172
19.901000022888184,19.920000076293945,0.01900005340576172
19.901000022888184,19.920000076293945,0.01900005340576172
19.901999950408936,19.962000131607056,0.06000018119812012
19.901999950408936,19.962000131607056,0.06000018119812012
19.901999950408936,19.962000131607056,0.06000018119812012
19.901999950408936,19.920000076293945,0.018000125885009766
19.901999950408936,19.962000131607056,0.06000018119812012
19.901999950408936,19.962000131607056,0.06000018119812012
19.950000047683716,19.962000131607056,0.012000083923339844
19.950000047683716,20.01699995994568,0.06699991226196289
19.950000047683716,19.962000131607056,0.012000083923339844
19.950000047683716,20.016000032424927,0.06599998474121094
19.950000047683716,19.962000131607056,0.012000083923339844
19.950000047683716,19.962000131607056,0.012000083923339844
19.9520001411438,20.01699995994568,0.06499981880187988
19.9520001411438,20.01699995994568,0.06499981880187988
19.9520001411438,19.960999965667725,0.008999824523925781
19.9520001411438,20.016000032424927,0.06399989128112793
19.999000072479248,20.02500009536743,0.026000022888183594
20.000999927520752,20.069000005722046,0.06800007820129395
20.000999927520752,20.069000005722046,0.06800007820129395
20.002000093460083,20.02500009536743,0.023000001907348633
20.002000093460083,20.068000078201294,0.06599998474121094
20.002000093460083,20.02500009536743,0.023000001907348633
20.002000093460083,20.068000078201294,0.06599998474121094
20.002000093460083,20.068000078201294,0.06599998474121094
20.002000093460083,20.068000078201294,0.06599998474121094
20.002000093460083,20.02500009536743,0.023000001907348633
20.049999952316284,20.069000005722046,0.01900005340576172
20.049999952316284,20.069999933242798,0.019999980926513672
20.049999952316284,20.07100009918213,0.021000146865844727
20.049999952316284,20.07100009918213,0.021000146865844727
20.049999952316284,20.111999988555908,0.06200003623962402
20.052000045776367,20.069999933242798,0.017999887466430664
20.052000045776367,20.069999933242798,0.017999887466430664
20.05299997329712,20.07100009918213,0.018000125885009766
20.05299997329712,20.068000078201294,0.015000104904174805
20.05299997329712,20.069999933242798,0.01699995994567871
20.100000143051147,20.11300015449524,0.013000011444091797
20.1010000705719,20.11300015449524,0.012000083923339844
20.1010000705719,20.164000034332275,0.06299996376037598
20.1010000705719,20.111999988555908,0.010999917984008789
20.10199999809265,20.111999988555908,0.009999990463256836
20.10199999809265,20.164000034332275,0.06200003623962402
20.10199999809265,20.11300015449524,0.01100015640258789
20.10199999809265,20.111999988555908,0.009999990463256836
20.10199999809265,20.163000106811523,0.06100010871887207
20.10199999809265,20.111999988555908,0.009999990463256836
20.15000009536743,20.223000049591064,0.07299995422363281
20.151999950408936,20.177000045776367,0.02500009536743164
20.151999950408936,20.177000045776367,0.02500009536743164
20.151999950408936,20.223000049591064,0.0710000991821289
20.151999950408936,20.177000045776367,0.02500009536743164
20.151999950408936,20.222000122070312,0.07000017166137695
20.151999950408936,20.222000122070312,0.07000017166137695
20.151999950408936,20.177000045776367,0.02500009536743164
20.151999950408936,20.177000045776367,0.02500009536743164
20.151999950408936,20.222000122070312,0.07000017166137695
20.197999954223633,20.223000049591064,0.02500009536743164
20.200000047683716,20.223999977111816,0.023999929428100586
20.200000047683716,20.222000122070312,0.02200007438659668
20.200000047683716,20.223999977111816,0.023999929428100586
20.200000047683716,20.223999977111816,0.023999929428100586
20.200000047683716,20.223000049591064,0.023000001907348633
20.200000047683716,20.223999977111816,0.023999929428100586
20.200999975204468,20.223999977111816,0.023000001907348633
20.200999975204468,20.271000146865845,0.07000017166137695
20.2020001411438,20.223999977111816,0.021999835968017578
20.25,20.271000146865845,0.021000146865844727
20.25,20.271000146865845,0.021000146865844727
20.252000093460083,20.31599998474121,0.06399989128112793
20.252000093460083,20.271000146865845,0.01900005340576172
20.252000093460083,20.31599998474121,0.06399989128112793
20.252000093460083,20.271000146865845,0.01900005340576172
20.252000093460083,20.31599998474121,0.06399989128112793
20.252000093460083,20.271000146865845,0.01900005340576172
20.252000093460083,20.31599998474121,0.06399989128112793
20.252000093460083,20.271000146865845,0.01900005340576172
20.299000024795532,20.31599998474121,0.01699995994567871
20.301000118255615,20.328999996185303,0.0279998779296875
20.301000118255615,20.35800004005432,0.056999921798706055
20.301000118255615,20.35800004005432,0.056999921798706055
20.301000118255615,20.35800004005432,0.056999921798706055
20.302000045776367,20.35800004005432,0.0559999942779541
20.302000045776367,20.328999996185303,0.026999950408935547
20.302000045776367,20.35800004005432,0.0559999942779541
20.302000045776367,20.35800004005432,0.0559999942779541
20.302000045776367,20.328999996185303,0.026999950408935547
20.350000143051147,20.424000024795532,0.07399988174438477
20.350000143051147,20.424000024795532,0.07399988174438477
20.3510000705719,20.375,0.023999929428100586
20.3510000705719,20.375,0.023999929428100586
20.35199999809265,20.375,0.023000001907348633
20.35199999809265,20.424000024795532,0.07200002670288086
20.35199999809265,20.375,0.023000001907348633
20.35199999809265,20.375,0.023000001907348633
20.35199999809265,20.375,0.023000001907348633
20.35199999809265,20.375,0.023000001907348633
20.40000009536743,20.424000024795532,0.023999929428100586
20.40000009536743,20.460000038146973,0.059999942779541016
20.40000009536743,20.424000024795532,0.023999929428100586
20.40000009536743,20.424000024795532,0.023999929428100586
20.40000009536743,20.424000024795532,0.023999929428100586
20.40000009536743,20.460000038146973,0.059999942779541016
20.40000009536743,20.424000024795532,0.023999929428100586
20.40000009536743,20.460000038146973,0.059999942779541016
20.401000022888184,20.460000038146973,0.05900001525878906
20.401000022888184,20.460000038146973,0.05900001525878906
20.450000047683716,20.460000038146973,0.009999990463256836
20.450999975204468,20.52500009536743,0.07400012016296387
20.450999975204468,20.467999935150146,0.01699995994567871
20.450999975204468,20.467999935150146,0.01699995994567871
20.450999975204468,20.460000038146973,0.009000062942504883
20.450999975204468,20.5239999294281,0.07299995422363281
20.450999975204468,20.467999935150146,0.01699995994567871
20.450999975204468,20.5239999294281,0.07299995422363281
20.4520001411438,20.467999935150146,0.015999794006347656
20.4520001411438,20.467999935150146,0.015999794006347656
20.5,20.52999997138977,0.029999971389770508
20.502000093460083,20.572999954223633,0.0709998607635498
20.502000093460083,20.572999954223633,0.0709998607635498
20.502000093460083,20.572999954223633,0.0709998607635498
20.502000093460083,20.572999954223633,0.0709998607635498
20.502000093460083,20.52999997138977,0.0279998779296875
20.502000093460083,20.52999997138977,0.0279998779296875
20.502000093460083,20.572999954223633,0.0709998607635498
20.502000093460083,20.52999997138977,0.0279998779296875
20.503000020980835,20.57200002670288,0.0690000057220459
20.549999952316284,20.575000047683716,0.02500009536743164
20.551000118255615,20.575000047683716,0.023999929428100586
20.552000045776367,20.572999954223633,0.020999908447265625
20.552000045776367,20.575000047683716,0.023000001907348633
20.552000045776367,20.621000051498413,0.0690000057220459
20.552000045776367,20.575000047683716,0.023000001907348633
20.552000045776367,20.575000047683716,0.023000001907348633
20.552000045776367,20.57200002670288,0.019999980926513672
20.552000045776367,20.575000047683716,0.023000001907348633
20.552000045776367,20.575000047683716,0.023000001907348633
20.600000143051147,20.667999982833862,0.06799983978271484
20.60199999809265,20.621000051498413,0.01900005340576172
20.60199999809265,20.667999982833862,0.06599998474121094
20.60199999809265,20.621000051498413,0.01900005340576172
20.60199999809265,20.667999982833862,0.06599998474121094
20.60199999809265,20.621000051498413,0.01900005340576172
20.60199999809265,20.621000051498413,0.01900005340576172
20.602999925613403,20.667999982833862,0.06500005722045898
20.602999925613403,20.621000051498413,0.018000125885009766
20.602999925613403,20.621000051498413,0.018000125885009766
20.64800000190735,20.670000076293945,0.02200007438659668
20.651000022888184,20.71500015258789,0.06400012969970703
20.651000022888184,20.670000076293945,0.01900005340576172
20.651000022888184,20.667999982833862,0.01699995994567871
20.651000022888184,20.71500015258789,0.06400012969970703
20.651000022888184,20.71399998664856,0.06299996376037598
20.651000022888184,20.670000076293945,0.01900005340576172
20.651000022888184,20.669000148773193,0.018000125885009766
20.651000022888184,20.669000148773193,0.018000125885009766
20.651999950408936,20.670000076293945,0.018000125885009766
20.699000120162964,20.776999950408936,0.07799983024597168
20.700999975204468,20.776999950408936,0.07599997520446777
20.700999975204468,20.776999950408936,0.07599997520446777
20.700999975204468,20.723999977111816,0.023000001907348633
20.700999975204468,20.725000143051147,0.024000167846679688
20.7020001411438,20.723999977111816,0.021999835968017578
20.7020001411438,20.776999950408936,0.07499980926513672
20.7020001411438,20.723999977111816,0.021999835968017578
20.70300006866455,20.776999950408936,0.07399988174438477
20.70300006866455,20.776999950408936,0.07399988174438477
20.75,20.776999950408936,0.026999950408935547
20.75,20.77999997138977,0.029999971389770508
20.75,20.77900004386902,0.029000043869018555
20.75,20.77999997138977,0.029999971389770508
20.75,20.77900004386902,0.029000043869018555
20.75,20.77900004386902,0.029000043869018555
20.75,20.776999950408936,0.026999950408935547
20.752000093460083,20.77999997138977,0.0279998779296875
20.752000093460083,20.77900004386902,0.026999950408935547
20.752000093460083,20.812999963760376,0.06099987030029297
20.799999952316284,20.86300015449524,0.06300020217895508
20.799999952316284,20.812000036239624,0.012000083923339844
20.799999952316284,20.812999963760376,0.013000011444091797
20.799999952316284,20.812000036239624,0.012000083923339844
20.801000118255615,20.86300015449524,0.06200003623962402
20.801000118255615,20.86300015449524,0.06200003623962402
20.802000045776367,20.812999963760376,0.010999917984008789
20.802000045776367,20.812999963760376,0.010999917984008789
20.802000045776367,20.812999963760376,0.010999917984008789
20.80299997329712,20.86400008201599,0.06100010871887207
20.850000143051147,20.878000020980835,0.0279998779296875
20.850000143051147,20.865000009536743,0.014999866485595703
20.85199999809265,20.865999937057495,0.01399993896484375
20.85199999809265,20.878000020980835,0.026000022888183594
20.85199999809265,20.878999948501587,0.026999950408935547
20.85199999809265,20.878000020980835,0.026000022888183594
20.85199999809265,20.878000020980835,0.026000022888183594
20.85199999809265,20.865000009536743,0.013000011444091797
20.85199999809265,20.878000020980835,0.026000022888183594
20.85199999809265,20.878000020980835,0.026000022888183594
20.90000009536743,20.973000049591064,0.07299995422363281
20.90000009536743,20.972000122070312,0.07200002670288086
20.901000022888184,20.926000118255615,0.02500009536743164
20.901000022888184,20.972000122070312,0.0710000991821289
20.901000022888184,20.926000118255615,0.02500009536743164
20.901000022888184,20.973000049591064,0.07200002670288086
20.901000022888184,20.972000122070312,0.0710000991821289
20.901999950408936,20.972000122070312,0.07000017166137695
20.901999950408936,20.926000118255615,0.024000167846679688
20.901999950408936,20.926000118255615,0.024000167846679688
20.950000047683716,20.972000122070312,0.02200007438659668
20.950000047683716,21.015000104904175,0.06500005722045898
20.950000047683716,20.973999977111816,0.023999929428100586
20.950000047683716,20.973999977111816,0.023999929428100586
20.950000047683716,20.973999977111816,0.023999929428100586
20.950000047683716,21.015000104904175,0.06500005722045898
20.950000047683716,20.973999977111816,0.023999929428100586
20.950000047683716,20.973999977111816,0.023999929428100586
20.95300006866455,20.973999977111816,0.020999908447265625
20.95300006866455,20.973999977111816,0.020999908447265625
21.0,21.015000104904175,0.015000104904174805
21.0,21.015000104904175,0.015000104904174805
21.002000093460083,21.05999994277954,0.05799984931945801
21.002000093460083,21.05999994277954,0.05799984931945801
21.002000093460083,21.015000104904175,0.013000011444091797
21.002000093460083,21.05999994277954,0.05799984931945801
21.002000093460083,21.015000104904175,0.013000011444091797
21.002000093460083,21.015000104904175,0.013000011444091797
21.002000093460083,21.015000104904175,0.013000011444091797
21.003000020980835,21.05900001525879,0.0559999942779541
21.049999952316284,21.127000093460083,0.07700014114379883
21.049999952316284,21.078999996185303,0.029000043869018555
21.049999952316284,21.078999996185303,0.029000043869018555
21.049999952316284,21.127000093460083,0.07700014114379883
21.049999952316284,21.078999996185303,0.029000043869018555
21.049999952316284,21.078999996185303,0.029000043869018555
21.052000045776367,21.125999927520752,0.07399988174438477
21.052000045776367,21.125999927520752,0.07399988174438477
21.052000045776367,21.07800006866455,0.026000022888183594
21.052000045776367,21.05900001525879,0.006999969482421875
21.098000049591064,21.125999927520752,0.0279998779296875
21.098999977111816,21.128999948501587,0.029999971389770508
21.100000143051147,21.128000020980835,0.0279998779296875
21.1010000705719,21.174999952316284,0.07399988174438477
21.1010000705719,21.128000020980835,0.026999950408935547
21.1010000705719,21.128999948501587,0.0279998779296875
21.1010000705719,21.128000020980835,0.026999950408935547
21.1010000705719,21.128000020980835,0.026999950408935547
21.1010000705719,21.128000020980835,0.026999950408935547
21.1010000705719,21.125999927520752,0.02499985694885254
21.15000009536743,21.174999952316284,0.02499985694885254
21.15000009536743,21.174999952316284,0.02499985694885254
21.15000009536743,21.174999952316284,0.02499985694885254
21.151999950408936,21.210000038146973,0.05800008773803711
21.151999950408936,21.174999952316284,0.023000001907348633
21.151999950408936,21.174999952316284,0.023000001907348633
21.151999950408936,21.210000038146973,0.05800008773803711
21.151999950408936,21.210999965667725,0.05900001525878906
21.151999950408936,21.174999952316284,0.023000001907348633
21.151999950408936,21.210000038146973,0.05800008773803711
21.199000120162964,21.210999965667725,0.011999845504760742
21.200999975204468,21.210999965667725,0.009999990463256836
21.200999975204468,21.230000019073486,0.029000043869018555
21.200999975204468,21.230000019073486,0.029000043869018555
21.200999975204468,21.230000019073486,0.029000043869018555
21.200999975204468,21.230000019073486,0.029000043869018555
21.2020001411438,21.230000019073486,0.0279998779296875
21.2020001411438,21.230000019073486,0.0279998779296875
21.2020001411438,21.27999997138977,0.07799983024597168
21.2020001411438,21.210000038146973,0.007999897003173828
21.25,21.282000064849854,0.032000064849853516
21.25,21.282000064849854,0.032000064849853516
21.25,21.282000064849854,0.032000064849853516
21.252000093460083,21.32800006866455,0.07599997520446777
21.252000093460083,21.27999997138977,0.0279998779296875
21.252000093460083,21.282000064849854,0.029999971389770508
21.252000093460083,21.282000064849854,0.029999971389770508
21.252000093460083,21.282000064849854,0.029999971389770508
21.252000093460083,21.32800006866455,0.07599997520446777
21.252000093460083,21.282000064849854,0.029999971389770508
21.299999952316284,21.32800006866455,0.0280001163482666
21.299999952316284,21.32800006866455,0.0280001163482666
21.299999952316284,21.32800006866455,0.0280001163482666
21.299999952316284,21.374000072479248,0.07400012016296387
21.299999952316284,21.373000144958496,0.07300019264221191
21.299999952316284,21.374000072479248,0.07400012016296387
21.299999952316284,21.32800006866455,0.0280001163482666
21.302000045776367,21.374000072479248,0.07200002670288086
21.302000045776367,21.32800006866455,0.026000022888183594
21.302000045776367,21.374000072479248,0.07200002670288086
21.348999977111816,21.375,0.026000022888183594
21.350000143051147,21.374000072479248,0.023999929428100586
21.350000143051147,21.375999927520752,0.025999784469604492
21.350000143051147,21.373000144958496,0.023000001907348633
21.350000143051147,21.375999927520752,0.025999784469604492
21.350000143051147,21.375999927520752,0.025999784469604492
21.350000143051147,21.374000072479248,0.023999929428100586
21.3510000705719,21.375999927520752,0.02499985694885254
21.3510000705719,21.375,0.023999929428100586
21.3510000705719,21.375999927520752,0.02499985694885254
21.40000009536743,21.467000007629395,0.06699991226196289
21.40000009536743,21.41700005531311,0.01699995994567871
21.40000009536743,21.41700005531311,0.01699995994567871
21.40000009536743,21.41700005531311,0.01699995994567871
21.40000009536743,21.41700005531311,0.01699995994567871
21.401999950408936,21.467000007629395,0.06500005722045898
21.401999950408936,21.467000007629395,0.06500005722045898
21.401999950408936,21.467000007629395,0.06500005722045898
21.401999950408936,21.467000007629395,0.06500005722045898
21.401999950408936,21.467000007629395,0.06500005722045898
21.450000047683716,21.513999938964844,0.06399989128112793
21.450999975204468,21.513999938964844,0.06299996376037598
21.450999975204468,21.515000104904175,0.06400012969970703
21.450999975204468,21.477999925613403,0.026999950408935547
21.4520001411438,21.479000091552734,0.026999950408935547
21.4520001411438,21.479000091552734,0.026999950408935547
21.4520001411438,21.513999938964844,0.06199979782104492
21.4520001411438,21.479000091552734,0.026999950408935547
21.4520001411438,21.513999938964844,0.06199979782104492
21.4520001411438,21.515000104904175,0.06299996376037598
21.5,21.519999980926514,0.019999980926513672
21.5,21.569000005722046,0.0690000057220459
21.500999927520752,21.515000104904175,0.014000177383422852
21.500999927520752,21.569000005722046,0.06800007820129395
21.500999927520752,21.519999980926514,0.01900005340576172
21.500999927520752,21.519999980926514,0.01900005340576172
21.502000093460083,21.519999980926514,0.017999887466430664
21.502000093460083,21.519999980926514,0.017999887466430664
21.502000093460083,21.519999980926514,0.017999887466430664
21.502000093460083,21.519999980926514,0.017999887466430664
21.549999952316284,21.569000005722046,0.01900005340576172
21.549999952316284,21.569000005722046,0.01900005340576172
21.549999952316284,21.569000005722046,0.01900005340576172
21.549999952316284,21.621000051498413,0.0710000991821289
21.549999952316284,21.569000005722046,0.01900005340576172
21.549999952316284,21.569000005722046,0.01900005340576172
21.549999952316284,21.569000005722046,0.01900005340576172
21.549999952316284,21.621000051498413,0.0710000991821289
21.55299997329712,21.621000051498413,0.06800007820129395
21.55299997329712,21.621000051498413,0.06800007820129395
21.600000143051147,21.630000114440918,0.029999971389770508
21.60199999809265,21.630000114440918,0.0280001163482666
21.60199999809265,21.630000114440918,0.0280001163482666
21.60199999809265,21.630000114440918,0.0280001163482666
21.60199999809265,21.621000051498413,0.01900005340576172
21.602999925613403,21.676000118255615,0.07300019264221191
21.602999925613403,21.676000118255615,0.07300019264221191
21.602999925613403,21.676000118255615,0.07300019264221191
21.602999925613403,21.630000114440918,0.02700018882751465
21.602999925613403,21.628999948501587,0.026000022888183594
21.65000009536743,21.67799997329712,0.0279998779296875
21.651000022888184,21.676000118255615,0.02500009536743164
21.651000022888184,21.67799997329712,0.026999950408935547
21.651000022888184,21.72000002861023,0.0690000057220459
21.651000022888184,21.67799997329712,0.026999950408935547
21.651000022888184,21.676000118255615,0.02500009536743164
21.651999950408936,21.67799997329712,0.026000022888183594
21.651999950408936,21.67799997329712,0.026000022888183594
21.651999950408936,21.67799997329712,0.026000022888183594
21.651999950408936,21.67799997329712,0.026000022888183594
21.700000047683716,21.766000032424927,0.06599998474121094
21.700000047683716,21.72000002861023,0.019999980926513672
21.700999975204468,21.76699995994568,0.06599998474121094
21.700999975204468,21.72000002861023,0.01900005340576172
21.700999975204468,21.72000002861023,0.01900005340576172
21.700999975204468,21.72000002861023,0.01900005340576172
21.7020001411438,21.72000002861023,0.017999887466430664
21.7020001411438,21.766000032424927,0.06399989128112793
21.7020001411438,21.72000002861023,0.017999887466430664
21.70300006866455,21.72000002861023,0.01699995994567871
21.75,21.81599998474121,0.06599998474121094
21.750999927520752,21.76699995994568,0.016000032424926758
21.750999927520752,21.766000032424927,0.015000104904174805
21.752000093460083,21.766000032424927,0.01399993896484375
21.752000093460083,21.81599998474121,0.06399989128112793
21.752000093460083,21.81599998474121,0.06399989128112793
21.752000093460083,21.766000032424927,0.01399993896484375
21.753000020980835,21.766000032424927,0.013000011444091797
21.753000020980835,21.81500005722046,0.06200003623962402
21.753000020980835,21.81599998474121,0.06299996376037598
21.79800009727478,21.81599998474121,0.017999887466430664
21.799999952316284,21.830000162124634,0.03000020980834961
21.799999952316284,21.82800006866455,0.0280001163482666
21.799999952316284,21.830000162124634,0.03000020980834961
21.799999952316284,21.830000162124634,0.03000020980834961
21.799999952316284,21.830000162124634,0.03000020980834961
21.799999952316284,21.828999996185303,0.029000043869018555
21.801000118255615,21.830000162124634,0.029000043869018555
21.801000118255615,21.82800006866455,0.026999950408935547
21.802000045776367,21.830000162124634,0.0280001163482666
21.850000143051147,21.873000144958496,0.023000001907348633
21.850000143051147,21.873000144958496,0.023000001907348633
21.850000143051147,21.924000024795532,0.07399988174438477
21.850000143051147,21.873000144958496,0.023000001907348633
21.850000143051147,21.873000144958496,0.023000001907348633
21.850000143051147,21.924000024795532,0.07399988174438477
21.850000143051147,21.924000024795532,0.07399988174438477
21.852999925613403,21.873000144958496,0.020000219345092773
21.852999925613403,21.873000144958496,0.020000219345092773
21.852999925613403,21.873000144958496,0.020000219345092773
21.90000009536743,21.97099995613098,0.0709998607635498
21.901999950408936,21.924000024795532,0.02200007438659668
21.903000116348267,21.924000024795532,0.020999908447265625
21.903000116348267,21.97099995613098,0.06799983978271484
21.903000116348267,21.97099995613098,0.06799983978271484
21.903000116348267,21.924000024795532,0.020999908447265625
21.903000116348267,21.924000024795532,0.020999908447265625
21.903000116348267,21.924000024795532,0.020999908447265625
21.903000116348267,21.97000002861023,0.06699991226196289
21.903000116348267,21.97099995613098,0.06799983978271484
21.950000047683716,21.980000019073486,0.029999971389770508
21.9520001411438,21.980000019073486,0.0279998779296875
21.9520001411438,21.980000019073486,0.0279998779296875
21.9520001411438,22.013000011444092,0.06099987030029297
21.9520001411438,22.013000011444092,0.06099987030029297
21.9520001411438,22.013000011444092,0.06099987030029297
21.9520001411438,22.013000011444092,0.06099987030029297
21.9520001411438,21.97000002861023,0.017999887466430664
21.9520001411438,22.013000011444092,0.06099987030029297
21.9520001411438,22.013000011444092,0.06099987030029297
22.0,22.0239999294281,0.023999929428100586
22.000999927520752,22.0239999294281,0.023000001907348633
22.000999927520752,22.0239999294281,0.023000001907348633
22.002000093460083,22.0239999294281,0.021999835968017578
22.002000093460083,22.0239999294281,0.021999835968017578
22.002000093460083,22.0239999294281,0.021999835968017578
22.002000093460083,22.069000005722046,0.06699991226196289
22.002000093460083,22.0239999294281,0.021999835968017578
22.002000093460083,22.069000005722046,0.06699991226196289
22.002000093460083,22.069000005722046,0.06699991226196289
22.049999952316284,22.069000005722046,0.01900005340576172
22.049999952316284,22.069000005722046,0.01900005340576172
22.049999952316284,22.115000009536743,0.06500005722045898
22.052000045776367,22.069000005722046,0.01699995994567871
22.052000045776367,22.11400008201599,0.06200003623962402
22.052000045776367,22.11400008201599,0.06200003623962402
22.052000045776367,22.11400008201599,0.06200003623962402
22.052000045776367,22.069000005722046,0.01699995994567871
22.052000045776367,22.069000005722046,0.01699995994567871
22.052000045776367,22.11400008201599,0.06200003623962402
22.100000143051147,22.118000030517578,0.017999887466430664
22.100000143051147,22.118000030517578,0.017999887466430664
22.100000143051147,22.118000030517578,0.017999887466430664
22.10199999809265,22.11400008201599,0.012000083923339844
22.10199999809265,22.118000030517578,0.016000032424926758
22.10199999809265,22.11400008201599,0.012000083923339844
22.10199999809265,22.118000030517578,0.016000032424926758
22.10199999809265,22.118000030517578,0.016000032424926758
22.10199999809265,22.115000009536743,0.013000011444091797
22.10199999809265,22.118000030517578,0.016000032424926758
22.1489999294281,22.22699999809265,0.07800006866455078
22.151000022888184,22.180000066757202,0.029000043869018555
22.151000022888184,22.180000066757202,0.029000043869018555
22.151999950408936,22.227999925613403,0.07599997520446777
22.151999950408936,22.180000066757202,0.0280001163482666
22.151999950408936,22.180000066757202,0.0280001163482666
22.151999950408936,22.180000066757202,0.0280001163482666
22.151999950408936,22.180000066757202,0.0280001163482666
22.151999950408936,22.22699999809265,0.07500004768371582
22.153000116348267,22.180000066757202,0.026999950408935547
22.199000120162964,22.229000091552734,0.029999971389770508
22.200999975204468,22.229000091552734,0.0280001163482666
22.200999975204468,22.227999925613403,0.026999950408935547
22.200999975204468,22.227999925613403,0.026999950408935547
22.200999975204468,22.22699999809265,0.026000022888183594
22.200999975204468,22.229000091552734,0.0280001163482666
22.2020001411438,22.227999925613403,0.025999784469604492
22.2020001411438,22.229000091552734,0.026999950408935547
22.20300006866455,22.229000091552734,0.026000022888183594
22.20300006866455,22.227999925613403,0.02499985694885254
22.248000144958496,22.269999980926514,0.021999835968017578
22.250999927520752,22.26900005340576,0.018000125885009766
22.250999927520752,22.318000078201294,0.06700015068054199
22.250999927520752,22.269999980926514,0.01900005340576172
22.250999927520752,22.269999980926514,0.01900005340576172
22.250999927520752,22.318000078201294,0.06700015068054199
22.250999927520752,22.26900005340576,0.018000125885009766
22.250999927520752,22.318000078201294,0.06700015068054199
22.250999927520752,22.26900005340576,0.018000125885009766
22.250999927520752,22.269999980926514,0.01900005340576172
22.299999952316284,22.368000030517578,0.06800007820129395
22.301000118255615,22.318000078201294,0.01699995994567871
22.301000118255615,22.36899995803833,0.06799983978271484
22.301000118255615,22.318000078201294,0.01699995994567871
22.301000118255615,22.318000078201294,0.01699995994567871
22.301000118255615,22.318000078201294,0.01699995994567871
22.301000118255615,22.368000030517578,0.06699991226196289
22.301000118255615,22.318000078201294,0.01699995994567871
22.302000045776367,22.36899995803833,0.06699991226196289
22.302000045776367,22.318000078201294,0.016000032424926758
22.348999977111816,22.378000020980835,0.029000043869018555
22.350000143051147,22.378000020980835,0.0279998779296875
22.35199999809265,22.375999927520752,0.023999929428100586
22.35199999809265,22.377000093460083,0.02500009536743164
22.35199999809265,22.378000020980835,0.026000022888183594
22.35199999809265,22.378000020980835,0.026000022888183594
22.35199999809265,22.378000020980835,0.026000022888183594
22.35199999809265,22.375999927520752,0.023999929428100586
22.35199999809265,22.378000020980835,0.026000022888183594
22.352999925613403,22.378000020980835,0.02500009536743164
22.40000009536743,22.466000080108643,0.06599998474121094
22.401999950408936,22.420000076293945,0.018000125885009766
22.401999950408936,22.466000080108643,0.06400012969970703
22.401999950408936,22.420000076293945,0.018000125885009766
22.401999950408936,22.466000080108643,0.06400012969970703
22.401999950408936,22.420000076293945,0.018000125885009766
22.401999950408936,22.420000076293945,0.018000125885009766
22.401999950408936,22.420000076293945,0.018000125885009766
22.401999950408936,22.420000076293945,0.018000125885009766
22.403000116348267,22.466000080108643,0.06299996376037598
22.450000047683716,22.515000104904175,0.06500005722045898
22.4520001411438,22.513999938964844,0.06199979782104492
22.4520001411438,22.513999938964844,0.06199979782104492
22.4520001411438,22.466000080108643,0.01399993896484375
22.4520001411438,22.466000080108643,0.01399993896484375
22.4520001411438,22.513999938964844,0.06199979782104492
22.4520001411438,22.466000080108643,0.01399993896484375
22.4520001411438,22.466000080108643,0.01399993896484375
22.4520001411438,22.513999938964844,0.06199979782104492
22.45300006866455,22.513999938964844,0.06099987030029297
22.5,22.515000104904175,0.015000104904174805
22.5,22.51699995994568,0.01699995994567871
22.500999927520752,22.52900004386902,0.0280001163482666
22.500999927520752,22.52900004386902,0.0280001163482666
22.500999927520752,22.52900004386902,0.0280001163482666
22.500999927520752,22.52900004386902,0.0280001163482666
22.500999927520752,22.52900004386902,0.0280001163482666
22.502000093460083,22.572999954223633,0.0709998607635498
22.502000093460083,22.52900004386902,0.026999950408935547
22.502000093460083,22.52900004386902,0.026999950408935547
22.54800009727478,22.624000072479248,0.07599997520446777
22.549999952316284,22.572999954223633,0.023000001907348633
22.551000118255615,22.624000072479248,0.07299995422363281
22.551000118255615,22.572999954223633,0.021999835968017578
22.552000045776367,22.572999954223633,0.020999908447265625
22.552000045776367,22.572999954223633,0.020999908447265625
22.552000045776367,22.624000072479248,0.07200002670288086
22.552000045776367,22.572999954223633,0.020999908447265625
22.552000045776367,22.624000072479248,0.07200002670288086
22.55299997329712,22.624000072479248,0.0710000991821289
22.598999977111816,22.625,0.026000022888183594
22.6010000705719,22.625,0.023999929428100586
22.6010000705719,22.625999927520752,0.02499985694885254
22.6010000705719,22.66100001335144,0.059999942779541016
22.6010000705719,22.624000072479248,0.023000001907348633
22.6010000705719,22.625,0.023999929428100586
22.60199999809265,22.625,0.023000001907348633
22.60199999809265,22.625,0.023000001907348633
22.60199999809265,22.624000072479248,0.02200007438659668
22.60199999809265,22.625,0.023000001907348633
22.65000009536743,22.66100001335144,0.010999917984008789
22.651000022888184,22.719000101089478,0.06800007820129395
22.651000022888184,22.66100001335144,0.009999990463256836
22.651000022888184,22.719000101089478,0.06800007820129395
22.651000022888184,22.719000101089478,0.06800007820129395
22.651000022888184,22.719000101089478,0.06800007820129395
22.651000022888184,22.66100001335144,0.009999990463256836
22.651000022888184,22.719000101089478,0.06800007820129395
22.651000022888184,22.66100001335144,0.009999990463256836
22.651000022888184,22.661999940872192,0.010999917984008789
22.699000120162964,22.776999950408936,0.07799983024597168
22.700999975204468,22.776999950408936,0.07599997520446777
22.700999975204468,22.72699999809265,0.026000022888183594
22.700999975204468,22.727999925613403,0.026999950408935547
22.700999975204468,22.776999950408936,0.07599997520446777
22.700999975204468,22.776999950408936,0.07599997520446777
22.700999975204468,22.727999925613403,0.026999950408935547
22.700999975204468,22.727999925613403,0.026999950408935547
22.700999975204468,22.776999950408936,0.07599997520446777
22.700999975204468,22.72699999809265,0.026000022888183594
22.75,22.776999950408936,0.026999950408935547
22.75,22.77999997138977,0.029999971389770508
22.750999927520752,22.77999997138977,0.029000043869018555
22.750999927520752,22.812999963760376,0.06200003623962402
22.750999927520752,22.77999997138977,0.029000043869018555
22.750999927520752,22.77999997138977,0.029000043869018555
22.750999927520752,22.77999997138977,0.029000043869018555
22.752000093460083,22.77999997138977,0.0279998779296875
22.752000093460083,22.776999950408936,0.02499985694885254
22.752000093460083,22.77999997138977,0.0279998779296875
22.799999952316284,22.86300015449524,0.06300020217895508
22.799999952316284,22.812999963760376,0.013000011444091797
22.799999952316284,22.86400008201599,0.06400012969970703
22.799999952316284,22.812999963760376,0.013000011444091797
22.799999952316284,22.812999963760376,0.013000011444091797
22.801000118255615,22.812999963760376,0.011999845504760742
22.801000118255615,22.812999963760376,0.011999845504760742
22.801000118255615,22.812999963760376,0.011999845504760742
22.80299997329712,22.812999963760376,0.009999990463256836
22.80299997329712,22.86300015449524,0.06000018119812012
22.850000143051147,22.880000114440918,0.029999971389770508
22.850000143051147,22.933000087738037,0.08299994468688965
22.8510000705719,22.86300015449524,0.012000083923339844
22.8510000705719,22.932000160217285,0.08100008964538574
22.8510000705719,22.878999948501587,0.0279998779296875
22.8510000705719,22.878999948501587,0.0279998779296875
22.8510000705719,22.878999948501587,0.0279998779296875
22.8510000705719,22.878999948501587,0.0279998779296875
22.8510000705719,22.932000160217285,0.08100008964538574
22.852999925613403,22.878999948501587,0.026000022888183594
22.90000009536743,22.93499994277954,0.034999847412109375
22.90000009536743,22.97000002861023,0.06999993324279785
22.90000009536743,22.93499994277954,0.034999847412109375
22.90000009536743,22.93499994277954,0.034999847412109375
22.90000009536743,22.932000160217285,0.032000064849853516
22.90000009536743,22.933000087738037,0.03299999237060547
22.90000009536743,22.93499994277954,0.034999847412109375
22.901000022888184,22.93499994277954,0.03399991989135742
22.903000116348267,22.93499994277954,0.031999826431274414
22.903000116348267,22.97000002861023,0.06699991226196289
22.949000120162964,23.01800012588501,0.0690000057220459
22.949000120162964,22.97000002861023,0.020999908447265625
22.949000120162964,22.97000002861023,0.020999908447265625
22.949000120162964,22.97000002861023,0.020999908447265625
22.949000120162964,23.01800012588501,0.0690000057220459
22.950999975204468,22.97000002861023,0.01900005340576172
22.950999975204468,23.01800012588501,0.06700015068054199
22.950999975204468,22.97099995613098,0.019999980926513672
22.950999975204468,22.97000002861023,0.01900005340576172
22.950999975204468,22.97000002861023,0.01900005340576172
23.0,23.01800012588501,0.018000125885009766
23.0,23.01800012588501,0.018000125885009766
23.0,23.01800012588501,0.018000125885009766
23.0,23.01800012588501,0.018000125885009766
23.0,23.062999963760376,0.06299996376037598
23.000999927520752,23.062999963760376,0.06200003623962402
23.000999927520752,23.062999963760376,0.06200003623962402
23.000999927520752,23.01800012588501,0.017000198364257812
23.003000020980835,23.062000036239624,0.05900001525878906
23.003000020980835,23.062999963760376,0.059999942779541016
23.04800009727478,23.062999963760376,0.014999866485595703
23.049999952316284,23.07800006866455,0.0280001163482666
23.049999952316284,23.06599998474121,0.016000032424926758
23.049999952316284,23.07800006866455,0.0280001163482666
23.052000045776367,23.07800006866455,0.026000022888183594
23.052000045776367,23.125999927520752,0.07399988174438477
23.052000045776367,23.078999996185303,0.026999950408935547
23.052000045776367,23.078999996185303,0.026999950408935547
23.052000045776367,23.07800006866455,0.026000022888183594
23.052000045776367,23.07800006866455,0.026000022888183594
23.100000143051147,23.169000148773193,0.0690000057220459
23.100000143051147,23.125999927520752,0.025999784469604492
23.100000143051147,23.125999927520752,0.025999784469604492
23.100000143051147,23.125999927520752,0.025999784469604492
23.1010000705719,23.125999927520752,0.02499985694885254
23.10199999809265,23.169000148773193,0.06700015068054199
23.10199999809265,23.169000148773193,0.06700015068054199
23.10199999809265,23.125999927520752,0.023999929428100586
23.10199999809265,23.169000148773193,0.06700015068054199
23.10199999809265,23.169000148773193,0.06700015068054199
23.1489999294281,23.169000148773193,0.020000219345092773
23.151999950408936,23.169000148773193,0.017000198364257812
23.151999950408936,23.169000148773193,0.017000198364257812
23.151999950408936,23.169000148773193,0.017000198364257812
23.151999950408936,23.21500015258789,0.06300020217895508
23.151999950408936,23.21500015258789,0.06300020217895508
23.151999950408936,23.21500015258789,0.06300020217895508
23.151999950408936,23.21500015258789,0.06300020217895508
23.151999950408936,23.21500015258789,0.06300020217895508
23.151999950408936,23.21500015258789,0.06300020217895508
23.199000120162964,23.21500015258789,0.016000032424926758
23.2020001411438,23.21500015258789,0.013000011444091797
23.2020001411438,23.217000007629395,0.014999866485595703
23.2020001411438,23.217000007629395,0.014999866485595703
23.2020001411438,23.217000007629395,0.014999866485595703
23.2020001411438,23.26800012588501,0.06599998474121094
23.2020001411438,23.217000007629395,0.014999866485595703
23.2020001411438,23.217999935150146,0.015999794006347656
23.2020001411438,23.217000007629395,0.014999866485595703
23.2020001411438,23.217000007629395,0.014999866485595703
23.249000072479248,23.27900004386902,0.029999971389770508
23.250999927520752,23.27900004386902,0.0280001163482666
23.250999927520752,23.325999975204468,0.07500004768371582
23.250999927520752,23.27900004386902,0.0280001163482666
23.250999927520752,23.325000047683716,0.07400012016296387
23.250999927520752,23.325999975204468,0.07500004768371582
23.252000093460083,23.325999975204468,0.07399988174438477
23.252000093460083,23.325999975204468,0.07399988174438477
23.252000093460083,23.27900004386902,0.026999950408935547
23.252000093460083,23.325999975204468,0.07399988174438477
23.299999952316284,23.32800006866455,0.0280001163482666
23.299999952316284,23.3270001411438,0.02700018882751465
23.299999952316284,23.325000047683716,0.02500009536743164
23.299999952316284,23.368000030517578,0.06800007820129395
23.299999952316284,23.3270001411438,0.02700018882751465
23.299999952316284,23.3270001411438,0.02700018882751465
23.302000045776367,23.325999975204468,0.023999929428100586
23.302000045776367,23.3270001411438,0.02500009536743164
23.302000045776367,23.325000047683716,0.023000001907348633
23.302000045776367,23.3270001411438,0.02500009536743164
23.350000143051147,23.41600012779236,0.06599998474121094
23.350000143051147,23.368000030517578,0.017999887466430664
23.350000143051147,23.368000030517578,0.017999887466430664
23.350000143051147,23.368000030517578,0.017999887466430664
23.350000143051147,23.368000030517578,0.017999887466430664
23.35199999809265,23.368000030517578,0.016000032424926758
23.35199999809265,23.368000030517578,0.016000032424926758
23.35199999809265,23.368000030517578,0.016000032424926758
23.35199999809265,23.41600012779236,0.06400012969970703
23.35199999809265,23.41600012779236,0.06400012969970703
23.397000074386597,23.466000080108643,0.0690000057220459
23.40000009536743,23.466000080108643,0.06599998474121094
23.40000009536743,23.41600012779236,0.016000032424926758
23.40000009536743,23.41600012779236,0.016000032424926758
23.40000009536743,23.466000080108643,0.06599998474121094
23.40000009536743,23.41600012779236,0.016000032424926758
23.401000022888184,23.41600012779236,0.015000104904174805
23.401000022888184,23.466000080108643,0.06500005722045898
23.401000022888184,23.466000080108643,0.06500005722045898
23.401000022888184,23.41600012779236,0.015000104904174805
23.450000047683716,23.47699999809265,0.026999950408935547
23.450999975204468,23.47699999809265,0.026000022888183594
23.450999975204468,23.47699999809265,0.026000022888183594
23.450999975204468,23.47699999809265,0.026000022888183594
23.450999975204468,23.521000146865845,0.07000017166137695
23.450999975204468,23.47699999809265,0.026000022888183594
23.450999975204468,23.47699999809265,0.026000022888183594
23.450999975204468,23.47699999809265,0.026000022888183594
23.450999975204468,23.522000074386597,0.0710000991821289
23.450999975204468,23.522000074386597,0.0710000991821289
23.5,23.57200002670288,0.07200002670288086
23.5,23.522000074386597,0.02200007438659668
23.5,23.522000074386597,0.02200007438659668
23.5,23.57200002670288,0.07200002670288086
23.502000093460083,23.521000146865845,0.01900005340576172
23.502000093460083,23.57200002670288,0.06999993324279785
23.502000093460083,23.521000146865845,0.01900005340576172
23.502000093460083,23.57200002670288,0.06999993324279785
23.502000093460083,23.57200002670288,0.06999993324279785
23.503000020980835,23.57200002670288,0.0690000057220459
23.549999952316284,23.574000120162964,0.024000167846679688
23.549999952316284,23.57200002670288,0.02200007438659668
23.551000118255615,23.574000120162964,0.023000001907348633
23.552000045776367,23.57200002670288,0.019999980926513672
23.552000045776367,23.615000009536743,0.06299996376037598
23.552000045776367,23.572999954223633,0.020999908447265625
23.552000045776367,23.572999954223633,0.020999908447265625
23.552000045776367,23.572999954223633,0.020999908447265625
23.55400013923645,23.572999954223633,0.018999814987182617
23.55400013923645,23.572999954223633,0.018999814987182617
23.600000143051147,23.667999982833862,0.06799983978271484
23.60199999809265,23.615000009536743,0.013000011444091797
23.60199999809265,23.667999982833862,0.06599998474121094
23.60199999809265,23.615000009536743,0.013000011444091797
23.60199999809265,23.667999982833862,0.06599998474121094
23.60199999809265,23.615999937057495,0.01399993896484375
23.60199999809265,23.667999982833862,0.06599998474121094
23.60199999809265,23.615000009536743,0.013000011444091797
23.60199999809265,23.615000009536743,0.013000011444091797
23.602999925613403,23.667999982833862,0.06500005722045898
23.65000009536743,23.676000118255615,0.026000022888183594
23.651999950408936,23.7260000705719,0.07400012016296387
23.651999950408936,23.7260000705719,0.07400012016296387
23.651999950408936,23.674999952316284,0.023000001907348633
23.651999950408936,23.674999952316284,0.023000001907348633
23.651999950408936,23.7260000705719,0.07400012016296387
23.651999950408936,23.7260000705719,0.07400012016296387
23.651999950408936,23.674999952316284,0.023000001907348633
23.651999950408936,23.7260000705719,0.07400012016296387
23.651999950408936,23.7260000705719,0.07400012016296387
23.700000047683716,23.72699999809265,0.026999950408935547
23.7020001411438,23.72699999809265,0.02499985694885254
23.7020001411438,23.7260000705719,0.023999929428100586
23.7020001411438,23.72699999809265,0.02499985694885254
23.7020001411438,23.72699999809265,0.02499985694885254
23.7020001411438,23.72699999809265,0.02499985694885254
23.7020001411438,23.72699999809265,0.02499985694885254
23.7020001411438,23.7260000705719,0.023999929428100586
23.7020001411438,23.72699999809265,0.02499985694885254
23.7020001411438,23.72699999809265,0.02499985694885254
23.749000072479248,23.76900005340576,0.019999980926513672
23.750999927520752,23.76900005340576,0.018000125885009766
23.750999927520752,23.812000036239624,0.06100010871887207
23.750999927520752,23.769999980926514,0.01900005340576172
23.750999927520752,23.812000036239624,0.06100010871887207
23.750999927520752,23.76900005340576,0.018000125885009766
23.750999927520752,23.769999980926514,0.01900005340576172
23.750999927520752,23.76900005340576,0.018000125885009766
23.750999927520752,23.769999980926514,0.01900005340576172
23.750999927520752,23.812000036239624,0.06100010871887207
23.799000024795532,23.873000144958496,0.07400012016296387
23.802000045776367,23.873000144958496,0.0710000991821289
23.802000045776367,23.871000051498413,0.0690000057220459
23.802000045776367,23.873000144958496,0.0710000991821289
23.802000045776367,23.825999975204468,0.023999929428100586
23.802000045776367,23.871000051498413,0.0690000057220459
23.802000045776367,23.873000144958496,0.0710000991821289
23.802000045776367,23.825999975204468,0.023999929428100586
23.802000045776367,23.812000036239624,0.009999990463256836
23.802000045776367,23.825999975204468,0.023999929428100586
23.848999977111816,23.92199993133545,0.07299995422363281
23.8510000705719,23.92199993133545,0.0709998607635498
23.8510000705719,23.880000114440918,0.029000043869018555
23.8510000705719,23.88100004196167,0.029999971389770508
23.8510000705719,23.92199993133545,0.0709998607635498
23.8510000705719,23.880000114440918,0.029000043869018555
23.8510000705719,23.92199993133545,0.0709998607635498
23.85199999809265,23.880000114440918,0.0280001163482666
23.85199999809265,23.880000114440918,0.0280001163482666
23.85199999809265,23.92199993133545,0.06999993324279785
23.8989999294281,23.924000024795532,0.02500009536743164
23.901000022888184,23.92199993133545,0.020999908447265625
23.901000022888184,23.921000003814697,0.019999980926513672
23.901999950408936,23.924000024795532,0.02200007438659668
23.901999950408936,23.924000024795532,0.02200007438659668
23.901999950408936,23.924000024795532,0.02200007438659668
23.901999950408936,23.924000024795532,0.02200007438659668
23.901999950408936,23.924000024795532,0.02200007438659668
23.901999950408936,23.924000024795532,0.02200007438659668
23.903000116348267,23.921000003814697,0.017999887466430664
23.950000047683716,24.01699995994568,0.06699991226196289
23.950000047683716,23.966000080108643,0.016000032424926758
23.950000047683716,23.966000080108643,0.016000032424926758
23.950999975204468,23.967000007629395,0.016000032424926758
23.950999975204468,23.967000007629395,0.016000032424926758
23.950999975204468,24.016000032424927,0.06500005722045898
23.950999975204468,23.966000080108643,0.015000104904174805
23.950999975204468,23.966000080108643,0.015000104904174805
23.950999975204468,24.01699995994568,0.06599998474121094
23.95300006866455,23.966000080108643,0.013000011444091797
24.0,24.02999997138977,0.029999971389770508
24.0,24.01699995994568,0.01699995994567871
24.000999927520752,24.078999996185303,0.07800006866455078
24.000999927520752,24.02999997138977,0.029000043869018555
24.000999927520752,24.078999996185303,0.07800006866455078
24.000999927520752,24.02999997138977,0.029000043869018555
24.002000093460083,24.078999996185303,0.07699990272521973
24.002000093460083,24.02999997138977,0.0279998779296875
24.003000020980835,24.0310001373291,0.0280001163482666
24.003000020980835,24.02999997138977,0.026999950408935547
24.049000024795532,24.078999996185303,0.029999971389770508
24.049999952316284,24.080000162124634,0.03000020980834961
24.049999952316284,24.081000089645386,0.031000137329101562
24.049999952316284,24.080000162124634,0.03000020980834961
24.049999952316284,24.080000162124634,0.03000020980834961
24.049999952316284,24.080000162124634,0.03000020980834961
24.049999952316284,24.081000089645386,0.031000137329101562
24.049999952316284,24.080000162124634,0.03000020980834961
24.052000045776367,24.078999996185303,0.026999950408935547
24.052000045776367,24.080000162124634,0.0280001163482666
24.100000143051147,24.127000093460083,0.026999950408935547
24.1010000705719,24.164999961853027,0.06399989128112793
24.1010000705719,24.164999961853027,0.06399989128112793
24.1010000705719,24.127000093460083,0.026000022888183594
24.1010000705719,24.164999961853027,0.06399989128112793
24.1010000705719,24.164000034332275,0.06299996376037598
24.1010000705719,24.127000093460083,0.026000022888183594
24.1010000705719,24.127000093460083,0.026000022888183594
24.1010000705719,24.127000093460083,0.026000022888183594
24.1010000705719,24.127000093460083,0.026000022888183594
24.15000009536743,24.164999961853027,0.014999866485595703
24.15000009536743,24.164999961853027,0.014999866485595703
24.15000009536743,24.21500015258789,0.06500005722045898
24.15000009536743,24.164000034332275,0.01399993896484375
24.15000009536743,24.21399998664856,0.06399989128112793
24.15000009536743,24.164999961853027,0.014999866485595703
24.15000009536743,24.21500015258789,0.06500005722045898
24.151000022888184,24.164999961853027,0.01399993896484375
24.153000116348267,24.164999961853027,0.011999845504760742
24.153000116348267,24.21399998664856,0.06099987030029297
24.200000047683716,24.23099994659424,0.03099989891052246
24.200999975204468,24.23099994659424,0.029999971389770508
24.200999975204468,24.276000022888184,0.07500004768371582
24.200999975204468,24.21500015258789,0.014000177383422852
24.200999975204468,24.23099994659424,0.029999971389770508
24.200999975204468,24.276000022888184,0.07500004768371582
24.200999975204468,24.276000022888184,0.07500004768371582
24.2020001411438,24.276000022888184,0.07399988174438477
24.2020001411438,24.276000022888184,0.07399988174438477
24.2020001411438,24.23099994659424,0.028999805450439453
24.249000072479248,24.276000022888184,0.026999950408935547
24.250999927520752,24.278000116348267,0.02700018882751465
24.252000093460083,24.278000116348267,0.026000022888183594
24.252000093460083,24.278000116348267,0.026000022888183594
24.252000093460083,24.32200002670288,0.06999993324279785
24.252000093460083,24.278000116348267,0.026000022888183594
24.252000093460083,24.278000116348267,0.026000022888183594
24.252000093460083,24.278000116348267,0.026000022888183594
24.252000093460083,24.27900004386902,0.026999950408935547
24.253000020980835,24.278000116348267,0.02500009536743164
24.299000024795532,24.365000009536743,0.06599998474121094
24.301000118255615,24.365000009536743,0.06399989128112793
24.301000118255615,24.32200002670288,0.020999908447265625
24.301000118255615,24.32200002670288,0.020999908447265625
24.301000118255615,24.32200002670288,0.020999908447265625
24.301000118255615,24.36400008201599,0.06299996376037598
24.301000118255615,24.32200002670288,0.020999908447265625
24.301000118255615,24.32100009918213,0.019999980926513672
24.301000118255615,24.32200002670288,0.020999908447265625
24.302000045776367,24.32200002670288,0.019999980926513672
24.350000143051147,24.365000009536743,0.014999866485595703
24.35199999809265,24.365000009536743,0.013000011444091797
24.35199999809265,24.365000009536743,0.013000011444091797
24.35199999809265,24.36400008201599,0.012000083923339844
24.35199999809265,24.421000003814697,0.0690000057220459
24.35199999809265,24.365000009536743,0.013000011444091797
24.35199999809265,24.36400008201599,0.012000083923339844
24.35199999809265,24.420000076293945,0.06800007820129395
24.35199999809265,24.36400008201599,0.012000083923339844
24.352999925613403,24.420000076293945,0.06700015068054199
24.3989999294281,24.430999994277954,0.032000064849853516
24.40000009536743,24.430000066757202,0.029999971389770508
24.401000022888184,24.47699999809265,0.07599997520446777
24.401000022888184,24.4760000705719,0.07500004768371582
24.401000022888184,24.4760000705719,0.07500004768371582
24.401999950408936,24.430999994277954,0.029000043869018555
24.401999950408936,24.430000066757202,0.0280001163482666
24.401999950408936,24.47699999809265,0.07500004768371582
24.403000116348267,24.4760000705719,0.07299995422363281
24.403000116348267,24.430000066757202,0.026999950408935547
24.449000120162964,24.52500009536743,0.07599997520446777
24.450999975204468,24.5239999294281,0.07299995422363281
24.450999975204468,24.4760000705719,0.02500009536743164
24.450999975204468,24.4760000705719,0.02500009536743164
24.450999975204468,24.4760000705719,0.02500009536743164
24.450999975204468,24.52500009536743,0.07400012016296387
24.4520001411438,24.47699999809265,0.02499985694885254
24.4520001411438,24.5239999294281,0.07199978828430176
24.4520001411438,24.4760000705719,0.023999929428100586
24.45300006866455,24.4760000705719,0.023000001907348633
24.498000144958496,24.52500009536743,0.026999950408935547
24.502000093460083,24.52500009536743,0.023000001907348633
24.502000093460083,24.5239999294281,0.021999835968017578
24.502000093460083,24.52500009536743,0.023000001907348633
24.502000093460083,24.564000129699707,0.06200003623962402
24.502000093460083,24.5239999294281,0.021999835968017578
24.502000093460083,24.52500009536743,0.023000001907348633
24.502000093460083,24.564000129699707,0.06200003623962402
24.502000093460083,24.564000129699707,0.06200003623962402
24.502000093460083,24.5239999294281,0.021999835968017578
24.549999952316284,24.624000072479248,0.07400012016296387
24.549999952316284,24.624000072479248,0.07400012016296387
24.549999952316284,24.564000129699707,0.014000177383422852
24.549999952316284,24.624000072479248,0.07400012016296387
24.549999952316284,24.564000129699707,0.014000177383422852
24.549999952316284,24.564000129699707,0.014000177383422852
24.549999952316284,24.624000072479248,0.07400012016296387
24.549999952316284,24.564000129699707,0.014000177383422852
24.551000118255615,24.564000129699707,0.013000011444091797
24.551000118255615,24.624000072479248,0.07299995422363281
24.600000143051147,24.67900013923645,0.07899999618530273
24.600000143051147,24.633000135421753,0.03299999237060547
24.600000143051147,24.67900013923645,0.07899999618530273
24.60199999809265,24.633000135421753,0.031000137329101562
24.60199999809265,24.633000135421753,0.031000137329101562
24.60199999809265,24.680000066757202,0.07800006866455078
24.60199999809265,24.631999969482422,0.029999971389770508
24.602999925613403,24.633000135421753,0.03000020980834961
24.602999925613403,24.633000135421753,0.03000020980834961
24.602999925613403,24.631999969482422,0.029000043869018555
24.6489999294281,24.7260000705719,0.07700014114379883
24.651999950408936,24.67900013923645,0.02700018882751465
24.651999950408936,24.7260000705719,0.07400012016296387
24.651999950408936,24.67900013923645,0.02700018882751465
24.651999950408936,24.67900013923645,0.02700018882751465
24.651999950408936,24.67900013923645,0.02700018882751465
24.651999950408936,24.725000143051147,0.07300019264221191
24.651999950408936,24.67900013923645,0.02700018882751465
24.651999950408936,24.7260000705719,0.07400012016296387
24.651999950408936,24.725000143051147,0.07300019264221191
24.697999954223633,24.72699999809265,0.029000043869018555
24.700000047683716,24.7260000705719,0.026000022888183594
24.7020001411438,24.72699999809265,0.02499985694885254
24.7020001411438,24.72699999809265,0.02499985694885254
24.7020001411438,24.72699999809265,0.02499985694885254
24.7020001411438,24.7260000705719,0.023999929428100586
24.7020001411438,24.72699999809265,0.02499985694885254
24.7020001411438,24.725000143051147,0.023000001907348633
24.7020001411438,24.72699999809265,0.02499985694885254
24.7020001411438,24.72699999809265,0.02499985694885254
24.749000072479248,24.763000011444092,0.01399993896484375
24.750999927520752,24.818000078201294,0.06700015068054199
24.750999927520752,24.76200008392334,0.01100015640258789
24.750999927520752,24.818000078201294,0.06700015068054199
24.750999927520752,24.76200008392334,0.01100015640258789
24.750999927520752,24.76200008392334,0.01100015640258789
24.750999927520752,24.76200008392334,0.01100015640258789
24.752000093460083,24.763000011444092,0.010999917984008789
24.752000093460083,24.818000078201294,0.06599998474121094
24.752000093460083,24.76200008392334,0.009999990463256836
24.799999952316284,24.82800006866455,0.0280001163482666
24.802000045776367,24.82800006866455,0.026000022888183594
24.802000045776367,24.82800006866455,0.026000022888183594
24.802000045776367,24.82800006866455,0.026000022888183594
24.802000045776367,24.874000072479248,0.07200002670288086
24.802000045776367,24.873000144958496,0.0710000991821289
24.802000045776367,24.873000144958496,0.0710000991821289
24.802000045776367,24.874000072479248,0.07200002670288086
24.802000045776367,24.874000072479248,0.07200002670288086
24.80299997329712,24.874000072479248,0.0710000991821289
24.848999977111816,24.875,0.026000022888183594
24.8510000705719,24.874000072479248,0.023000001907348633
24.8510000705719,24.91700005531311,0.06599998474121094
24.8510000705719,24.874000072479248,0.023000001907348633
24.8510000705719,24.874000072479248,0.023000001907348633
24.8510000705719,24.875,0.023999929428100586
24.8510000705719,24.874000072479248,0.023000001907348633
24.8510000705719,24.875,0.023999929428100586
24.8510000705719,24.875,0.023999929428100586
24.8510000705719,24.875,0.023999929428100586
24.90000009536743,24.96399998664856,0.06399989128112793
24.90000009536743,24.963000059127808,0.06299996376037598
24.901000022888184,24.91700005531311,0.016000032424926758
24.901000022888184,24.91700005531311,0.016000032424926758
24.901000022888184,24.91700005531311,0.016000032424926758
24.901000022888184,24.91700005531311,0.016000032424926758
24.901000022888184,24.91700005531311,0.016000032424926758
24.901999950408936,24.91700005531311,0.015000104904174805
24.901999950408936,24.96399998664856,0.06200003623962402
24.901999950408936,24.91700005531311,0.015000104904174805
24.950000047683716,24.98200011253357,0.032000064849853516
24.950000047683716,24.963000059127808,0.013000011444091797
24.950000047683716,24.963000059127808,0.013000011444091797
24.950999975204468,25.011000156402588,0.06000018119812012
24.950999975204468,24.98200011253357,0.031000137329101562
24.950999975204468,25.011000156402588,0.06000018119812012
24.9520001411438,25.011000156402588,0.05900001525878906
24.95300006866455,25.011000156402588,0.05800008773803711
24.953999996185303,25.011000156402588,0.057000160217285156
24.953999996185303,24.98200011253357,0.0280001163482666
24.998000144958496,25.02500009536743,0.026999950408935547
25.0,25.02500009536743,0.02500009536743164
25.0,25.07200002670288,0.07200002670288086
25.0,25.026000022888184,0.026000022888183594
25.0,25.07100009918213,0.0710000991821289
25.0,25.02500009536743,0.02500009536743164
25.0,25.02500009536743,0.02500009536743164
25.000999927520752,25.07200002670288,0.0710000991821289
25.000999927520752,25.02500009536743,0.024000167846679688
25.002000093460083,25.026000022888184,0.023999929428100586
25.049999952316284,25.07100009918213,0.021000146865844727
25.049999952316284,25.125999927520752,0.07599997520446777
25.049999952316284,25.07200002670288,0.02200007438659668
25.049999952316284,25.07100009918213,0.021000146865844727
25.049999952316284,25.07100009918213,0.021000146865844727
25.049999952316284,25.125999927520752,0.07599997520446777
25.049999952316284,25.125999927520752,0.07599997520446777
25.05299997329712,25.125999927520752,0.07299995422363281
25.05299997329712,25.07200002670288,0.01900005340576172
25.05299997329712,25.07100009918213,0.018000125885009766
25.098999977111816,25.125999927520752,0.026999950408935547
25.100000143051147,25.174000024795532,0.07399988174438477
25.100000143051147,25.125999927520752,0.025999784469604492
25.1010000705719,25.125999927520752,0.02499985694885254
25.1010000705719,25.174000024795532,0.07299995422363281
25.1010000705719,25.125999927520752,0.02499985694885254
25.1010000705719,25.174000024795532,0.07299995422363281
25.10199999809265,25.174000024795532,0.07200002670288086
25.10199999809265,25.174000024795532,0.07200002670288086
25.10199999809265,25.17300009727478,0.0710000991821289
25.15000009536743,25.186000108718872,0.03600001335144043
25.15000009536743,25.225000143051147,0.07500004768371582
25.15000009536743,25.225000143051147,0.07500004768371582
25.151000022888184,25.186000108718872,0.03500008583068848
25.151000022888184,25.186000108718872,0.03500008583068848
25.151000022888184,25.186000108718872,0.03500008583068848
25.151999950408936,25.186000108718872,0.03400015830993652
25.151999950408936,25.186000108718872,0.03400015830993652
25.151999950408936,25.18499994277954,0.03299999237060547
25.153000116348267,25.225000143051147,0.07200002670288086
25.200000047683716,25.225000143051147,0.02500009536743164
25.200000047683716,25.225000143051147,0.02500009536743164
25.200000047683716,25.27900004386902,0.07899999618530273
25.200000047683716,25.278000116348267,0.07800006866455078
25.200000047683716,25.278000116348267,0.07800006866455078
25.200000047683716,25.278000116348267,0.07800006866455078
25.200000047683716,25.225000143051147,0.02500009536743164
25.200000047683716,25.225000143051147,0.02500009536743164
25.20300006866455,25.225000143051147,0.02200007438659668
25.20300006866455,25.2260000705719,0.023000001907348633
25.249000072479248,25.27999997138977,0.03099989891052246
25.250999927520752,25.312999963760376,0.06200003623962402
25.250999927520752,25.2810001373291,0.03000020980834961
25.250999927520752,25.27999997138977,0.029000043869018555
25.250999927520752,25.27999997138977,0.029000043869018555
25.252000093460083,25.27900004386902,0.026999950408935547
25.252000093460083,25.278000116348267,0.026000022888183594
25.252000093460083,25.27999997138977,0.0279998779296875
25.252000093460083,25.278000116348267,0.026000022888183594
25.252000093460083,25.27999997138977,0.0279998779296875
25.299999952316284,25.312999963760376,0.013000011444091797
25.299999952316284,25.36400008201599,0.06400012969970703
25.299999952316284,25.312999963760376,0.013000011444091797
25.299999952316284,25.312999963760376,0.013000011444091797
25.299999952316284,25.312999963760376,0.013000011444091797
25.299999952316284,25.312999963760376,0.013000011444091797
25.299999952316284,25.312999963760376,0.013000011444091797
25.302000045776367,25.365000009536743,0.06299996376037598
25.302000045776367,25.36400008201599,0.06200003623962402
25.302000045776367,25.312999963760376,0.010999917984008789
25.350000143051147,25.424000024795532,0.07399988174438477
25.35199999809265,25.380000114440918,0.0280001163482666
25.35199999809265,25.380000114440918,0.0280001163482666
25.35199999809265,25.380000114440918,0.0280001163482666
25.35199999809265,25.38100004196167,0.029000043869018555
25.35199999809265,25.380000114440918,0.0280001163482666
25.35199999809265,25.424000024795532,0.07200002670288086
25.35199999809265,25.38100004196167,0.029000043869018555
25.35199999809265,25.424000024795532,0.07200002670288086
25.35199999809265,25.424000024795532,0.07200002670288086
25.40000009536743,25.479000091552734,0.07899999618530273
25.40000009536743,25.424000024795532,0.023999929428100586
25.401000022888184,25.480000019073486,0.07899999618530273
25.401000022888184,25.479000091552734,0.07800006866455078
25.401000022888184,25.424000024795532,0.023000001907348633
25.401999950408936,25.424000024795532,0.02200007438659668
25.401999950408936,25.479000091552734,0.07700014114379883
25.401999950408936,25.480000019073486,0.07800006866455078
25.401999950408936,25.424000024795532,0.02200007438659668
25.403000116348267,25.424000024795532,0.020999908447265625
25.447999954223633,25.51200008392334,0.06400012969970703
25.450000047683716,25.480000019073486,0.029999971389770508
25.450000047683716,25.479000091552734,0.029000043869018555
25.450999975204468,25.480000019073486,0.029000043869018555
25.450999975204468,25.479000091552734,0.0280001163482666
25.450999975204468,25.48099994659424,0.029999971389770508
25.450999975204468,25.48099994659424,0.029999971389770508
25.4520001411438,25.48099994659424,0.028999805450439453
25.4520001411438,25.51200008392334,0.059999942779541016
25.4520001411438,25.480000019073486,0.0279998779296875
25.499000072479248,25.51200008392334,0.013000011444091797
25.500999927520752,25.51200008392334,0.01100015640258789
25.500999927520752,25.511000156402588,0.010000228881835938
25.500999927520752,25.51200008392334,0.01100015640258789
25.500999927520752,25.51200008392334,0.01100015640258789
25.500999927520752,25.51200008392334,0.01100015640258789
25.500999927520752,25.567000150680542,0.06600022315979004
25.502000093460083,25.567000150680542,0.06500005722045898
25.503000020980835,25.51200008392334,0.009000062942504883
25.503000020980835,25.567000150680542,0.06400012969970703
25.549000024795532,25.623000144958496,0.07400012016296387
25.551000118255615,25.57800006866455,0.026999950408935547
25.551000118255615,25.57800006866455,0.026999950408935547
25.551000118255615,25.57800006866455,0.026999950408935547
25.551000118255615,25.623000144958496,0.07200002670288086
25.551000118255615,25.623000144958496,0.07200002670288086
25.552000045776367,25.623000144958496,0.0710000991821289
25.552000045776367,25.57800006866455,0.026000022888183594
25.552000045776367,25.57800006866455,0.026000022888183594
25.552000045776367,25.57800006866455,0.026000022888183594
25.600000143051147,25.624000072479248,0.023999929428100586
25.6010000705719,25.623000144958496,0.02200007438659668
25.6010000705719,25.624000072479248,0.023000001907348633
25.6010000705719,25.624000072479248,0.023000001907348633
25.6010000705719,25.624000072479248,0.023000001907348633
25.6010000705719,25.623000144958496,0.02200007438659668
25.6010000705719,25.624000072479248,0.023000001907348633
25.60199999809265,25.624000072479248,0.02200007438659668
25.60199999809265,25.624000072479248,0.02200007438659668
25.602999925613403,25.623000144958496,0.020000219345092773
25.65000009536743,25.669000148773193,0.01900005340576172
25.65000009536743,25.669000148773193,0.01900005340576172
25.65000009536743,25.723000049591064,0.07299995422363281
25.65000009536743,25.669000148773193,0.01900005340576172
25.65000009536743,25.722000122070312,0.07200002670288086
25.65000009536743,25.723000049591064,0.07299995422363281
25.65000009536743,25.669000148773193,0.01900005340576172
25.65000009536743,25.669000148773193,0.01900005340576172
25.653000116348267,25.669000148773193,0.016000032424926758
25.653000116348267,25.669000148773193,0.016000032424926758
25.700000047683716,25.761000156402588,0.06100010871887207
25.700000047683716,25.73099994659424,0.03099989891052246
25.700999975204468,25.73099994659424,0.029999971389770508
25.700999975204468,25.73099994659424,0.029999971389770508
25.700999975204468,25.723000049591064,0.02200007438659668
25.700999975204468,25.761000156402588,0.06000018119812012
25.7020001411438,25.761000156402588,0.05900001525878906
25.7020001411438,25.761000156402588,0.05900001525878906
25.7020001411438,25.761000156402588,0.05900001525878906
25.7020001411438,25.761000156402588,0.05900001525878906
25.749000072479248,25.77500009536743,0.026000022888183594
25.752000093460083,25.824000120162964,0.07200002670288086
25.752000093460083,25.77500009536743,0.023000001907348633
25.752000093460083,25.77500009536743,0.023000001907348633
25.752000093460083,25.824000120162964,0.07200002670288086
25.752000093460083,25.77500009536743,0.023000001907348633
25.752000093460083,25.824000120162964,0.07200002670288086
25.752000093460083,25.77500009536743,0.023000001907348633
25.752000093460083,25.77500009536743,0.023000001907348633
25.752000093460083,25.77500009536743,0.023000001907348633
25.799999952316284,25.824000120162964,0.024000167846679688
25.799999952316284,25.822999954223633,0.023000001907348633
25.802000045776367,25.824000120162964,0.02200007438659668
25.802000045776367,25.824000120162964,0.02200007438659668
25.802000045776367,25.86899995803833,0.06699991226196289
25.802000045776367,25.86899995803833,0.06699991226196289
25.802000045776367,25.824000120162964,0.02200007438659668
25.802000045776367,25.868000030517578,0.06599998474121094
25.802000045776367,25.824000120162964,0.02200007438659668
25.802000045776367,25.868000030517578,0.06599998474121094
25.850000143051147,25.883000135421753,0.03299999237060547
25.85199999809265,25.883000135421753,0.031000137329101562
25.85199999809265,25.868000030517578,0.016000032424926758
25.85199999809265,25.883000135421753,0.031000137329101562
25.85199999809265,25.884000062942505,0.032000064849853516
25.85199999809265,25.883000135421753,0.031000137329101562
25.85199999809265,25.868000030517578,0.016000032424926758
25.85199999809265,25.868000030517578,0.016000032424926758
25.852999925613403,25.883000135421753,0.03000020980834961
25.852999925613403,25.884000062942505,0.031000137329101562
25.8989999294281,25.973000049591064,0.07400012016296387
25.90000009536743,25.930999994277954,0.03099989891052246
25.90000009536743,25.973000049591064,0.07299995422363281
25.901000022888184,25.930999994277954,0.029999971389770508
25.901999950408936,25.930999994277954,0.029000043869018555
25.901999950408936,25.930999994277954,0.029000043869018555
25.901999950408936,25.973000049591064,0.0710000991821289
25.901999950408936,25.973000049591064,0.0710000991821289
25.901999950408936,25.973000049591064,0.0710000991821289
25.901999950408936,25.930999994277954,0.029000043869018555
25.949000120162964,25.973000049591064,0.023999929428100586
25.950000047683716,26.016000032424927,0.06599998474121094
25.950000047683716,26.016000032424927,0.06599998474121094
25.950000047683716,26.016000032424927,0.06599998474121094
25.950000047683716,25.973000049591064,0.023000001907348633
25.950000047683716,25.973000049591064,0.023000001907348633
25.9520001411438,26.016000032424927,0.06399989128112793
25.9520001411438,26.016000032424927,0.06399989128112793
25.9520001411438,26.016000032424927,0.06399989128112793
25.95300006866455,25.973000049591064,0.019999980926513672
26.0,26.016000032424927,0.016000032424926758
26.0,26.01699995994568,0.01699995994567871
26.0,26.01699995994568,0.01699995994567871
26.0,26.01699995994568,0.01699995994567871
26.0,26.01699995994568,0.01699995994567871
26.0,26.01699995994568,0.01699995994567871
26.0,26.016000032424927,0.016000032424926758
26.0,26.01699995994568,0.01699995994567871
26.003000020980835,26.01699995994568,0.01399993896484375
26.003000020980835,26.058000087738037,0.05500006675720215
26.049000024795532,26.110000133514404,0.06100010871887207
26.049000024795532,26.058000087738037,0.009000062942504883
26.051000118255615,26.058000087738037,0.006999969482421875
26.051000118255615,26.058000087738037,0.006999969482421875
26.051000118255615,26.058000087738037,0.006999969482421875
26.051000118255615,26.058000087738037,0.006999969482421875
26.052000045776367,26.110000133514404,0.05800008773803711
26.052000045776367,26.110000133514404,0.05800008773803711
26.052000045776367,26.058000087738037,0.006000041961669922
26.052000045776367,26.110000133514404,0.05800008773803711
26.098000049591064,26.169000148773193,0.0710000991821289
26.10199999809265,26.125999927520752,0.023999929428100586
26.10199999809265,26.169000148773193,0.06700015068054199
26.10199999809265,26.125999927520752,0.023999929428100586
26.10199999809265,26.170000076293945,0.06800007820129395
26.10199999809265,26.125999927520752,0.023999929428100586
26.10199999809265,26.169000148773193,0.06700015068054199
26.10199999809265,26.125999927520752,0.023999929428100586
26.10199999809265,26.169000148773193,0.06700015068054199
26.10199999809265,26.125999927520752,0.023999929428100586
26.1489999294281,26.21500015258789,0.06600022315979004
26.15000009536743,26.21399998664856,0.06399989128112793
26.15000009536743,26.21399998664856,0.06399989128112793
26.15000009536743,26.21399998664856,0.06399989128112793
26.15000009536743,26.169000148773193,0.01900005340576172
26.15000009536743,26.169000148773193,0.01900005340576172
26.151000022888184,26.21500015258789,0.06400012969970703
26.151000022888184,26.21399998664856,0.06299996376037598
26.151000022888184,26.170000076293945,0.01900005340576172
26.151000022888184,26.169000148773193,0.018000125885009766
26.200000047683716,26.216000080108643,0.016000032424926758
26.200999975204468,26.216000080108643,0.015000104904174805
26.200999975204468,26.266000032424927,0.06500005722045898
26.2020001411438,26.216000080108643,0.01399993896484375
26.2020001411438,26.216000080108643,0.01399993896484375
26.2020001411438,26.216000080108643,0.01399993896484375
26.2020001411438,26.21399998664856,0.011999845504760742
26.2020001411438,26.216000080108643,0.01399993896484375
26.2020001411438,26.21399998664856,0.011999845504760742
26.2020001411438,26.216000080108643,0.01399993896484375
26.25,26.27999997138977,0.029999971389770508
26.25,26.2810001373291,0.031000137329101562
26.250999927520752,26.2810001373291,0.03000020980834961
26.250999927520752,26.328999996185303,0.07800006866455078
26.252000093460083,26.27999997138977,0.0279998779296875
26.252000093460083,26.330000162124634,0.07800006866455078
26.252000093460083,26.328999996185303,0.07699990272521973
26.252000093460083,26.328999996185303,0.07699990272521973
26.252000093460083,26.328999996185303,0.07699990272521973
26.252000093460083,26.2810001373291,0.029000043869018555
26.29800009727478,26.36899995803833,0.0709998607635498
26.299999952316284,26.328999996185303,0.029000043869018555
26.299999952316284,26.330000162124634,0.03000020980834961
26.299999952316284,26.328999996185303,0.029000043869018555
26.299999952316284,26.368000030517578,0.06800007820129395
26.299999952316284,26.328999996185303,0.029000043869018555
26.301000118255615,26.36899995803833,0.06799983978271484
26.302000045776367,26.36899995803833,0.06699991226196289
26.302000045776367,26.36899995803833,0.06699991226196289
26.302000045776367,26.36899995803833,0.06699991226196289
26.348999977111816,26.371999979019165,0.023000001907348633
26.35199999809265,26.371999979019165,0.019999980926513672
26.35199999809265,26.371999979019165,0.019999980926513672
26.35199999809265,26.371999979019165,0.019999980926513672
26.35199999809265,26.414999961853027,0.06299996376037598
26.35199999809265,26.36899995803833,0.01699995994567871
26.35199999809265,26.371999979019165,0.019999980926513672
26.35199999809265,26.371999979019165,0.019999980926513672
26.35199999809265,26.36899995803833,0.01699995994567871
26.35199999809265,26.371999979019165,0.019999980926513672
26.40000009536743,26.414999961853027,0.014999866485595703
26.401000022888184,26.467000007629395,0.06599998474121094
26.401999950408936,26.467000007629395,0.06500005722045898
26.401999950408936,26.414999961853027,0.013000011444091797
26.401999950408936,26.467000007629395,0.06500005722045898
26.401999950408936,26.414000034332275,0.012000083923339844
26.401999950408936,26.414000034332275,0.012000083923339844
26.401999950408936,26.467999935150146,0.06599998474121094
26.401999950408936,26.414999961853027,0.013000011444091797
26.403000116348267,26.467999935150146,0.06499981880187988
26.450000047683716,26.47699999809265,0.026999950408935547
26.450999975204468,26.526000022888184,0.07500004768371582
26.450999975204468,26.526000022888184,0.07500004768371582
26.450999975204468,26.526000022888184,0.07500004768371582
26.450999975204468,26.47699999809265,0.026000022888183594
26.450999975204468,26.526000022888184,0.07500004768371582
26.4520001411438,26.47699999809265,0.02499985694885254
26.4520001411438,26.526000022888184,0.07399988174438477
26.4520001411438,26.47699999809265,0.02499985694885254
26.4520001411438,26.47699999809265,0.02499985694885254
26.5,26.52900004386902,0.029000043869018555
26.502000093460083,26.52900004386902,0.026999950408935547
26.502000093460083,26.52900004386902,0.026999950408935547
26.502000093460083,26.52900004386902,0.026999950408935547
26.502000093460083,26.526000022888184,0.023999929428100586
26.502000093460083,26.526000022888184,0.023999929428100586
26.502000093460083,26.52900004386902,0.026999950408935547
26.502000093460083,26.52900004386902,0.026999950408935547
26.502000093460083,26.526000022888184,0.023999929428100586
26.502000093460083,26.52900004386902,0.026999950408935547
26.549999952316284,26.564000129699707,0.014000177383422852
26.549999952316284,26.564000129699707,0.014000177383422852
26.549999952316284,26.562999963760376,0.013000011444091797
26.549999952316284,26.564000129699707,0.014000177383422852
26.551000118255615,26.61400008201599,0.06299996376037598
26.551000118255615,26.564000129699707,0.013000011444091797
26.551000118255615,26.61400008201599,0.06299996376037598
26.551000118255615,26.562999963760376,0.011999845504760742
26.551000118255615,26.61400008201599,0.06299996376037598
26.55299997329712,26.562999963760376,0.009999990463256836
26.598000049591064,26.627000093460083,0.029000043869018555
26.600000143051147,26.67300009727478,0.07299995422363281
26.600000143051147,26.627000093460083,0.026999950408935547
26.600000143051147,26.627000093460083,0.026999950408935547
26.600000143051147,26.67300009727478,0.07299995422363281
26.600000143051147,26.67300009727478,0.07299995422363281
26.6010000705719,26.61400008201599,0.013000011444091797
26.6010000705719,26.67300009727478,0.07200002670288086
26.6010000705719,26.67300009727478,0.07200002670288086
26.6010000705719,26.67300009727478,0.07200002670288086
26.65000009536743,26.682000160217285,0.032000064849853516
26.65000009536743,26.723999977111816,0.07399988174438477
26.65000009536743,26.725000143051147,0.07500004768371582
26.651000022888184,26.723999977111816,0.07299995422363281
26.651000022888184,26.682000160217285,0.031000137329101562
26.651000022888184,26.725000143051147,0.07400012016296387
26.651999950408936,26.683000087738037,0.031000137329101562
26.651999950408936,26.682000160217285,0.03000020980834961
26.653000116348267,26.682000160217285,0.029000043869018555
26.653000116348267,26.682000160217285,0.029000043869018555
26.700000047683716,26.725000143051147,0.02500009536743164
26.700000047683716,26.759000062942505,0.05900001525878906
26.700999975204468,26.759000062942505,0.05800008773803711
26.700999975204468,26.759000062942505,0.05800008773803711
26.700999975204468,26.725000143051147,0.024000167846679688
26.700999975204468,26.758000135421753,0.057000160217285156
26.700999975204468,26.759000062942505,0.05800008773803711
26.700999975204468,26.723999977111816,0.023000001907348633
26.700999975204468,26.723999977111816,0.023000001907348633
26.7020001411438,26.758000135421753,0.0559999942779541
26.75,26.759000062942505,0.009000062942504883
26.750999927520752,26.814000129699707,0.06300020217895508
26.750999927520752,26.76800012588501,0.017000198364257812
26.750999927520752,26.76800012588501,0.017000198364257812
26.750999927520752,26.76699995994568,0.016000032424926758
26.752000093460083,26.814000129699707,0.06200003623962402
26.752000093460083,26.76800012588501,0.016000032424926758
26.752000093460083,26.76699995994568,0.014999866485595703
26.753000020980835,26.76699995994568,0.01399993896484375
26.753999948501587,26.814000129699707,0.06000018119812012
26.79800009727478,26.828999996185303,0.03099989891052246
26.799999952316284,26.828999996185303,0.029000043869018555
26.799999952316284,26.831000089645386,0.031000137329101562
26.799999952316284,26.831000089645386,0.031000137329101562
26.799999952316284,26.831000089645386,0.031000137329101562
26.801000118255615,26.831000089645386,0.029999971389770508
26.801000118255615,26.831000089645386,0.029999971389770508
26.801000118255615,26.831000089645386,0.029999971389770508
26.80299997329712,26.831000089645386,0.0280001163482666
26.80299997329712,26.830000162124634,0.02700018882751465
26.850000143051147,26.871999979019165,0.021999835968017578
26.850000143051147,26.871999979019165,0.021999835968017578
26.850000143051147,26.873000144958496,0.023000001907348633
26.850000143051147,26.873000144958496,0.023000001907348633
26.850000143051147,26.873000144958496,0.023000001907348633
26.850000143051147,26.92199993133545,0.07199978828430176
26.850000143051147,26.92199993133545,0.07199978828430176
26.85199999809265,26.873000144958496,0.021000146865844727
26.85199999809265,26.92199993133545,0.06999993324279785
26.85199999809265,26.871999979019165,0.019999980926513672
26.8989999294281,26.92199993133545,0.023000001907348633
26.90000009536743,26.92199993133545,0.021999835968017578
26.90000009536743,26.96500015258789,0.06500005722045898
26.90000009536743,26.96500015258789,0.06500005722045898
26.90000009536743,26.92199993133545,0.021999835968017578
26.901999950408936,26.92199993133545,0.019999980926513672
26.901999950408936,26.92199993133545,0.019999980926513672
26.901999950408936,26.92199993133545,0.019999980926513672
26.903000116348267,26.96500015258789,0.06200003623962402
26.903000116348267,26.96399998664856,0.06099987030029297
26.950000047683716,27.02500009536743,0.07500004768371582
26.950999975204468,26.96500015258789,0.014000177383422852
26.950999975204468,27.02500009536743,0.07400012016296387
26.950999975204468,26.96500015258789,0.014000177383422852
26.9520001411438,27.02500009536743,0.07299995422363281
26.9520001411438,26.96500015258789,0.013000011444091797
26.9520001411438,27.02500009536743,0.07299995422363281
26.9520001411438,27.02500009536743,0.07299995422363281
26.9520001411438,27.02500009536743,0.07299995422363281
26.95300006866455,26.96399998664856,0.010999917984008789
26.999000072479248,27.07200002670288,0.07299995422363281
27.0,27.07200002670288,0.07200002670288086
27.000999927520752,27.07100009918213,0.07000017166137695
27.000999927520752,27.028000116348267,0.02700018882751465
27.002000093460083,27.028000116348267,0.026000022888183594
27.002000093460083,27.02900004386902,0.026999950408935547
27.002000093460083,27.028000116348267,0.026000022888183594
27.003000020980835,27.07200002670288,0.0690000057220459
27.003000020980835,27.07200002670288,0.0690000057220459
27.003000020980835,27.07200002670288,0.0690000057220459
27.049000024795532,27.072999954223633,0.023999929428100586
27.051000118255615,27.07200002670288,0.020999908447265625
27.051000118255615,27.074000120162964,0.023000001907348633
27.051000118255615,27.07100009918213,0.019999980926513672
27.051000118255615,27.074000120162964,0.023000001907348633
27.051000118255615,27.074000120162964,0.023000001907348633
27.051000118255615,27.074000120162964,0.023000001907348633
27.051000118255615,27.074000120162964,0.023000001907348633
27.051000118255615,27.074000120162964,0.023000001907348633
27.05299997329712,27.074000120162964,0.021000146865844727
27.100000143051147,27.118000030517578,0.017999887466430664
27.100000143051147,27.118000030517578,0.017999887466430664
27.100000143051147,27.118000030517578,0.017999887466430664
27.100000143051147,27.118000030517578,0.017999887466430664
27.100000143051147,27.164999961853027,0.06499981880187988
27.100000143051147,27.164999961853027,0.06499981880187988
27.100000143051147,27.117000102996826,0.01699995994567871
27.100000143051147,27.118000030517578,0.017999887466430664
27.102999925613403,27.118000030517578,0.015000104904174805
27.102999925613403,27.164999961853027,0.06200003623962402
27.15000009536743,27.17900013923645,0.029000043869018555
27.15000009536743,27.212000131607056,0.06200003623962402
27.15000009536743,27.17900013923645,0.029000043869018555
27.15000009536743,27.164999961853027,0.014999866485595703
27.15000009536743,27.212000131607056,0.06200003623962402
27.151000022888184,27.17900013923645,0.0280001163482666
27.151000022888184,27.212000131607056,0.06100010871887207
27.151000022888184,27.212000131607056,0.06100010871887207
27.151000022888184,27.17900013923645,0.0280001163482666
27.151999950408936,27.212000131607056,0.06000018119812012
27.199000120162964,27.225000143051147,0.026000022888183594
27.200999975204468,27.223999977111816,0.023000001907348633
27.2020001411438,27.223999977111816,0.021999835968017578
27.2020001411438,27.223999977111816,0.021999835968017578
27.2020001411438,27.223999977111816,0.021999835968017578
27.2020001411438,27.272000074386597,0.06999993324279785
27.2020001411438,27.272000074386597,0.06999993324279785
27.2020001411438,27.223999977111816,0.021999835968017578
27.2020001411438,27.223999977111816,0.021999835968017578
27.2020001411438,27.272000074386597,0.06999993324279785
27.25,27.272000074386597,0.02200007438659668
27.25,27.319999933242798,0.06999993324279785
27.25,27.319999933242798,0.06999993324279785
27.25,27.319999933242798,0.06999993324279785
27.25,27.272000074386597,0.02200007438659668
27.250999927520752,27.272000074386597,0.021000146865844727
27.250999927520752,27.319999933242798,0.0690000057220459
27.250999927520752,27.272000074386597,0.021000146865844727
27.250999927520752,27.319999933242798,0.0690000057220459
27.250999927520752,27.319999933242798,0.0690000057220459
27.299000024795532,27.319999933242798,0.020999908447265625
27.301000118255615,27.319999933242798,0.018999814987182617
27.301000118255615,27.32200002670288,0.020999908447265625
27.302000045776367,27.365999937057495,0.06399989128112793
27.302000045776367,27.32100009918213,0.01900005340576172
27.302000045776367,27.32200002670288,0.019999980926513672
27.302000045776367,27.365999937057495,0.06399989128112793
27.302000045776367,27.32100009918213,0.01900005340576172
27.302000045776367,27.32200002670288,0.019999980926513672
27.302000045776367,27.32200002670288,0.019999980926513672
27.348999977111816,27.377000093460083,0.0280001163482666
27.350000143051147,27.426000118255615,0.07599997520446777
27.3510000705719,27.377000093460083,0.026000022888183594
27.3510000705719,27.426000118255615,0.07500004768371582
27.35199999809265,27.377000093460083,0.02500009536743164
27.35199999809265,27.426000118255615,0.07400012016296387
27.35199999809265,27.377000093460083,0.02500009536743164
27.35199999809265,27.426000118255615,0.07400012016296387
27.35199999809265,27.426000118255615,0.07400012016296387
27.352999925613403,27.426000118255615,0.07300019264221191
27.3989999294281,27.430000066757202,0.031000137329101562
27.401000022888184,27.430000066757202,0.029000043869018555
27.401000022888184,27.46500015258789,0.06400012969970703
27.401999950408936,27.430000066757202,0.0280001163482666
27.401999950408936,27.430000066757202,0.0280001163482666
27.401999950408936,27.466000080108643,0.06400012969970703
27.401999950408936,27.46500015258789,0.06300020217895508
27.401999950408936,27.430000066757202,0.0280001163482666
27.401999950408936,27.430000066757202,0.0280001163482666
27.403000116348267,27.430000066757202,0.026999950408935547
27.450000047683716,27.46500015258789,0.015000104904174805
27.450999975204468,27.46500015258789,0.014000177383422852
27.4520001411438,27.51200008392334,0.059999942779541016
27.4520001411438,27.466000080108643,0.01399993896484375
27.4520001411438,27.51200008392334,0.059999942779541016
27.4520001411438,27.51200008392334,0.059999942779541016
27.4520001411438,27.51200008392334,0.059999942779541016
27.4520001411438,27.46500015258789,0.013000011444091797
27.4520001411438,27.46500015258789,0.013000011444091797
27.4520001411438,27.51200008392334,0.059999942779541016
27.499000072479248,27.52900004386902,0.029999971389770508
27.500999927520752,27.52900004386902,0.0280001163482666
27.500999927520752,27.51200008392334,0.01100015640258789
27.502000093460083,27.52900004386902,0.026999950408935547
27.502000093460083,27.575999975204468,0.07399988174438477
27.502000093460083,27.52900004386902,0.026999950408935547
27.503000020980835,27.52900004386902,0.026000022888183594
27.503000020980835,27.52900004386902,0.026000022888183594
27.503000020980835,27.575999975204468,0.07299995422363281
27.503999948501587,27.51699995994568,0.013000011444091797
27.549000024795532,27.575999975204468,0.026999950408935547
27.551000118255615,27.575999975204468,0.02499985694885254
27.551000118255615,27.575999975204468,0.02499985694885254
27.551000118255615,27.575999975204468,0.02499985694885254
27.551000118255615,27.628000020980835,0.07699990272521973
27.552000045776367,27.575999975204468,0.023999929428100586
27.552000045776367,27.628000020980835,0.07599997520446777
27.552000045776367,27.628000020980835,0.07599997520446777
27.552000045776367,27.627000093460083,0.07500004768371582
27.55299997329712,27.575999975204468,0.023000001907348633
27.600000143051147,27.630000114440918,0.029999971389770508
27.600000143051147,27.630000114440918,0.029999971389770508
27.600000143051147,27.630000114440918,0.029999971389770508
27.600000143051147,27.663000106811523,0.06299996376037598
27.600000143051147,27.627000093460083,0.026999950408935547
27.600000143051147,27.628000020980835,0.0279998779296875
27.600000143051147,27.630000114440918,0.029999971389770508
27.602999925613403,27.630000114440918,0.02700018882751465
27.602999925613403,27.630000114440918,0.02700018882751465
27.602999925613403,27.630000114440918,0.02700018882751465
27.65000009536743,27.663000106811523,0.013000011444091797
27.65000009536743,27.723999977111816,0.07399988174438477
27.65000009536743,27.661999940872192,0.011999845504760742
27.651000022888184,27.663000106811523,0.012000083923339844
27.651000022888184,27.723999977111816,0.07299995422363281
27.651000022888184,27.663000106811523,0.012000083923339844
27.651000022888184,27.723999977111816,0.07299995422363281
27.651000022888184,27.661999940872192,0.010999917984008789
27.651999950408936,27.663000106811523,0.01100015640258789
27.653000116348267,27.725000143051147,0.07200002670288086
27.700000047683716,27.73200011253357,0.032000064849853516
27.7020001411438,27.73200011253357,0.029999971389770508
27.7020001411438,27.73099994659424,0.028999805450439453
27.7020001411438,27.73099994659424,0.028999805450439453
27.7020001411438,27.73099994659424,0.028999805450439453
27.7020001411438,27.73099994659424,0.028999805450439453
27.7020001411438,27.73200011253357,0.029999971389770508
27.70300006866455,27.73099994659424,0.0279998779296875
27.70300006866455,27.73200011253357,0.029000043869018555
27.70300006866455,27.73099994659424,0.0279998779296875
27.749000072479248,27.77300000190735,0.023999929428100586
27.75,27.822999954223633,0.07299995422363281
27.75,27.77300000190735,0.023000001907348633
27.75,27.822999954223633,0.07299995422363281
27.75,27.822999954223633,0.07299995422363281
27.75,27.77300000190735,0.023000001907348633
27.75,27.77300000190735,0.023000001907348633
27.750999927520752,27.77300000190735,0.02200007438659668
27.750999927520752,27.822999954223633,0.07200002670288086
27.750999927520752,27.77300000190735,0.02200007438659668
27.799999952316284,27.861999988555908,0.06200003623962402
27.801000118255615,27.822999954223633,0.021999835968017578
27.801000118255615,27.861999988555908,0.06099987030029297
27.801000118255615,27.861999988555908,0.06099987030029297
27.801000118255615,27.822999954223633,0.021999835968017578
27.802000045776367,27.86300015449524,0.06100010871887207
27.802000045776367,27.822999954223633,0.020999908447265625
27.80299997329712,27.822999954223633,0.019999980926513672
27.80299997329712,27.822999954223633,0.019999980926513672
27.80299997329712,27.86300015449524,0.06000018119812012
27.850000143051147,27.861999988555908,0.011999845504760742
27.850000143051147,27.861999988555908,0.011999845504760742
27.8510000705719,27.913000106811523,0.06200003623962402
27.8510000705719,27.861999988555908,0.010999917984008789
27.8510000705719,27.913000106811523,0.06200003623962402
27.8510000705719,27.914000034332275,0.06299996376037598
27.8510000705719,27.861999988555908,0.010999917984008789
27.8510000705719,27.914000034332275,0.06299996376037598
27.8510000705719,27.914000034332275,0.06299996376037598
27.85199999809265,27.914000034332275,0.06200003623962402
27.90000009536743,27.92900013923645,0.029000043869018555
27.901999950408936,27.92900013923645,0.02700018882751465
27.901999950408936,27.92900013923645,0.02700018882751465
27.901999950408936,27.92900013923645,0.02700018882751465
27.901999950408936,27.914000034332275,0.012000083923339844
27.901999950408936,27.926000118255615,0.024000167846679688
27.901999950408936,27.92900013923645,0.02700018882751465
27.901999950408936,27.926000118255615,0.024000167846679688
27.901999950408936,27.92900013923645,0.02700018882751465
27.903000116348267,27.92900013923645,0.026000022888183594
27.949000120162964,28.021000146865845,0.07200002670288086
27.950999975204468,28.021000146865845,0.07000017166137695
27.950999975204468,27.97000002861023,0.01900005340576172
27.950999975204468,28.021000146865845,0.07000017166137695
27.950999975204468,27.97000002861023,0.01900005340576172
27.950999975204468,28.019999980926514,0.0690000057220459
27.9520001411438,28.019999980926514,0.06799983978271484
27.9520001411438,27.97000002861023,0.017999887466430664
27.9520001411438,27.97000002861023,0.017999887466430664
27.95300006866455,27.97000002861023,0.01699995994567871
28.0,28.0239999294281,0.023999929428100586
28.0,28.0239999294281,0.023999929428100586
28.0,28.019999980926514,0.019999980926513672
28.0,28.0239999294281,0.023999929428100586
28.000999927520752,28.021000146865845,0.020000219345092773
28.000999927520752,28.07100009918213,0.07000017166137695
28.002000093460083,28.0239999294281,0.021999835968017578
28.002000093460083,28.0239999294281,0.021999835968017578
28.002000093460083,28.07100009918213,0.0690000057220459
28.002000093460083,28.0239999294281,0.021999835968017578
28.049000024795532,28.078999996185303,0.029999971389770508
28.049999952316284,28.078999996185303,0.029000043869018555
28.049999952316284,28.078999996185303,0.029000043869018555
28.051000118255615,28.07100009918213,0.019999980926513672
28.052000045776367,28.121000051498413,0.0690000057220459
28.052000045776367,28.121000051498413,0.0690000057220459
28.052000045776367,28.078999996185303,0.026999950408935547
28.052000045776367,28.07100009918213,0.01900005340576172
28.052000045776367,28.078999996185303,0.026999950408935547
28.052000045776367,28.121000051498413,0.0690000057220459
28.100000143051147,28.121000051498413,0.020999908447265625
28.1010000705719,28.128999948501587,0.0279998779296875
28.1010000705719,28.176000118255615,0.07500004768371582
28.10199999809265,28.128999948501587,0.026999950408935547
28.10199999809265,28.128999948501587,0.026999950408935547
28.10199999809265,28.128999948501587,0.026999950408935547
28.10199999809265,28.128999948501587,0.026999950408935547
28.10199999809265,28.121000051498413,0.01900005340576172
28.10199999809265,28.128999948501587,0.026999950408935547
28.10199999809265,28.128999948501587,0.026999950408935547
28.15000009536743,28.176000118255615,0.026000022888183594
28.151000022888184,28.176000118255615,0.02500009536743164
28.151000022888184,28.207000017166138,0.0559999942779541
28.151999950408936,28.176000118255615,0.024000167846679688
28.151999950408936,28.176000118255615,0.024000167846679688
28.151999950408936,28.176000118255615,0.024000167846679688
28.151999950408936,28.207000017166138,0.05500006675720215
28.151999950408936,28.207000017166138,0.05500006675720215
28.151999950408936,28.207000017166138,0.05500006675720215
28.151999950408936,28.207000017166138,0.05500006675720215
28.197999954223633,28.20799994468689,0.009999990463256836
28.200000047683716,28.207000017166138,0.006999969482421875
28.200000047683716,28.217000007629395,0.01699995994567871
28.200000047683716,28.217000007629395,0.01699995994567871
28.200000047683716,28.217000007629395,0.01699995994567871
28.200000047683716,28.217000007629395,0.01699995994567871
28.200000047683716,28.207000017166138,0.006999969482421875
28.200000047683716,28.217000007629395,0.01699995994567871
28.2020001411438,28.217000007629395,0.014999866485595703
28.2020001411438,28.217000007629395,0.014999866485595703
28.25,28.272000074386597,0.02200007438659668
28.25,28.272000074386597,0.02200007438659668
28.25,28.272000074386597,0.02200007438659668
28.25,28.272000074386597,0.02200007438659668
28.25,28.31599998474121,0.06599998474121094
28.25,28.31599998474121,0.06599998474121094
28.252000093460083,28.272000074386597,0.019999980926513672
28.252000093460083,28.272000074386597,0.019999980926513672
28.252000093460083,28.259999990463257,0.007999897003173828
28.253000020980835,28.31599998474121,0.06299996376037598
28.299000024795532,28.324000120162964,0.02500009536743164
28.301000118255615,28.324000120162964,0.023000001907348633
28.301000118255615,28.324000120162964,0.023000001907348633
28.301000118255615,28.31599998474121,0.014999866485595703
28.301000118255615,28.361000061035156,0.059999942779541016
28.301000118255615,28.361000061035156,0.059999942779541016
28.301000118255615,28.324000120162964,0.023000001907348633
28.301000118255615,28.324000120162964,0.023000001907348633
28.301000118255615,28.324000120162964,0.023000001907348633
28.302000045776367,28.324000120162964,0.02200007438659668
28.350000143051147,28.361000061035156,0.010999917984008789
28.350000143051147,28.361000061035156,0.010999917984008789
28.350000143051147,28.361000061035156,0.010999917984008789
28.350000143051147,28.409000158309937,0.05900001525878906
28.350000143051147,28.361000061035156,0.010999917984008789
28.35199999809265,28.409000158309937,0.057000160217285156
28.35199999809265,28.361000061035156,0.009000062942504883
28.35199999809265,28.409000158309937,0.057000160217285156
28.352999925613403,28.409000158309937,0.0560002326965332
28.352999925613403,28.409000158309937,0.0560002326965332
28.40000009536743,28.426000118255615,0.026000022888183594
28.40000009536743,28.426000118255615,0.026000022888183594
28.40000009536743,28.426000118255615,0.026000022888183594
28.40000009536743,28.413000106811523,0.013000011444091797
28.40000009536743,28.426000118255615,0.026000022888183594
28.40000009536743,28.413000106811523,0.013000011444091797
28.401999950408936,28.413000106811523,0.01100015640258789
28.401999950408936,28.426000118255615,0.024000167846679688
28.401999950408936,28.426000118255615,0.024000167846679688
28.401999950408936,28.426000118255615,0.024000167846679688
28.450000047683716,28.509000062942505,0.05900001525878906
28.450000047683716,28.509000062942505,0.05900001525878906
28.450000047683716,28.47099995613098,0.020999908447265625
28.450000047683716,28.509000062942505,0.05900001525878906
28.450000047683716,28.47000002861023,0.019999980926513672
28.450000047683716,28.47099995613098,0.020999908447265625
28.450999975204468,28.47000002861023,0.01900005340576172
28.4520001411438,28.509000062942505,0.056999921798706055
28.4520001411438,28.508000135421753,0.0559999942779541
28.45300006866455,28.509000062942505,0.0559999942779541
28.5,28.51900005340576,0.01900005340576172
28.500999927520752,28.51900005340576,0.018000125885009766
28.500999927520752,28.51900005340576,0.018000125885009766
28.500999927520752,28.561000108718872,0.06000018119812012
28.500999927520752,28.561000108718872,0.06000018119812012
28.500999927520752,28.51900005340576,0.018000125885009766
28.500999927520752,28.51900005340576,0.018000125885009766
28.500999927520752,28.55999994277954,0.05900001525878906
28.503000020980835,28.51900005340576,0.016000032424926758
28.503000020980835,28.51900005340576,0.016000032424926758
28.549999952316284,28.561000108718872,0.01100015640258789
28.549999952316284,28.561000108718872,0.01100015640258789
28.551000118255615,28.611000061035156,0.059999942779541016
28.552000045776367,28.611000061035156,0.05900001525878906
28.552000045776367,28.611000061035156,0.05900001525878906
28.552000045776367,28.55999994277954,0.007999897003173828
28.552000045776367,28.611000061035156,0.05900001525878906
28.552000045776367,28.611000061035156,0.05900001525878906
28.552000045776367,28.55999994277954,0.007999897003173828
28.552000045776367,28.611000061035156,0.05900001525878906
28.598000049591064,28.630000114440918,0.032000064849853516
28.60199999809265,28.630000114440918,0.0280001163482666
28.60199999809265,28.630000114440918,0.0280001163482666
28.60199999809265,28.630000114440918,0.0280001163482666
28.60199999809265,28.627000093460083,0.02500009536743164
28.60199999809265,28.630000114440918,0.0280001163482666
28.60199999809265,28.630000114440918,0.0280001163482666
28.60199999809265,28.630000114440918,0.0280001163482666
28.60199999809265,28.627000093460083,0.02500009536743164
28.60199999809265,28.627000093460083,0.02500009536743164
28.64800000190735,28.674999952316284,0.026999950408935547
28.651000022888184,28.674000024795532,0.023000001907348633
28.651000022888184,28.719000101089478,0.06800007820129395
28.651000022888184,28.674000024795532,0.023000001907348633
28.651000022888184,28.717999935150146,0.06699991226196289
28.651000022888184,28.719000101089478,0.06800007820129395
28.651000022888184,28.674000024795532,0.023000001907348633
28.651000022888184,28.719000101089478,0.06800007820129395
28.651000022888184,28.674000024795532,0.023000001907348633
28.651000022888184,28.719000101089478,0.06800007820129395
28.699000120162964,28.722000122070312,0.023000001907348633
28.7020001411438,28.719000101089478,0.01699995994567871
28.7020001411438,28.72099995613098,0.018999814987182617
28.7020001411438,28.722000122070312,0.019999980926513672
28.7020001411438,28.763000011444092,0.06099987030029297
28.7020001411438,28.72099995613098,0.018999814987182617
28.7020001411438,28.722000122070312,0.019999980926513672
28.7020001411438,28.722000122070312,0.019999980926513672
28.7020001411438,28.719000101089478,0.01699995994567871
28.7020001411438,28.72099995613098,0.018999814987182617
28.75,28.763000011444092,0.013000011444091797
28.750999927520752,28.763999938964844,0.013000011444091797
28.750999927520752,28.763000011444092,0.012000083923339844
28.750999927520752,28.763000011444092,0.012000083923339844
28.750999927520752,28.812000036239624,0.06100010871887207
28.750999927520752,28.811000108718872,0.06000018119812012
28.750999927520752,28.811000108718872,0.06000018119812012
28.752000093460083,28.812000036239624,0.059999942779541016
28.752000093460083,28.763000011444092,0.010999917984008789
28.753000020980835,28.811000108718872,0.05800008773803711
28.799000024795532,28.824000120162964,0.02500009536743164
28.801000118255615,28.867000102996826,0.06599998474121094
28.802000045776367,28.868000030517578,0.06599998474121094
28.802000045776367,28.868000030517578,0.06599998474121094
28.802000045776367,28.867000102996826,0.06500005722045898
28.802000045776367,28.868000030517578,0.06599998474121094
28.802000045776367,28.868000030517578,0.06599998474121094
28.802000045776367,28.824000120162964,0.02200007438659668
28.802000045776367,28.824000120162964,0.02200007438659668
28.802000045776367,28.824000120162964,0.02200007438659668
28.850000143051147,28.871999979019165,0.021999835968017578
28.850000143051147,28.873000144958496,0.023000001907348633
28.850000143051147,28.873000144958496,0.023000001907348633
28.850000143051147,28.871999979019165,0.021999835968017578
28.850000143051147,28.911999940872192,0.06199979782104492
28.850000143051147,28.873000144958496,0.023000001907348633
28.850000143051147,28.867000102996826,0.01699995994567871
28.850000143051147,28.911999940872192,0.06199979782104492
28.852999925613403,28.873000144958496,0.020000219345092773
28.852999925613403,28.873000144958496,0.020000219345092773
28.90000009536743,28.911999940872192,0.011999845504760742
28.90000009536743,28.911999940872192,0.011999845504760742
28.90000009536743,28.96500015258789,0.06500005722045898
28.90000009536743,28.96500015258789,0.06500005722045898
28.90000009536743,28.911999940872192,0.011999845504760742
28.90000009536743,28.96399998664856,0.06399989128112793
28.90000009536743,28.96500015258789,0.06500005722045898
28.901000022888184,28.911999940872192,0.010999917984008789
28.901000022888184,28.96500015258789,0.06400012969970703
28.901000022888184,28.911999940872192,0.010999917984008789
28.947999954223633,28.97699999809265,0.029000043869018555
28.950999975204468,29.02300000190735,0.07200002670288086
28.950999975204468,28.97699999809265,0.026000022888183594
28.950999975204468,28.97699999809265,0.026000022888183594
28.950999975204468,28.969000101089478,0.018000125885009766
28.950999975204468,28.97699999809265,0.026000022888183594
28.950999975204468,28.97699999809265,0.026000022888183594
28.950999975204468,28.97699999809265,0.026000022888183594
28.95300006866455,29.022000074386597,0.0690000057220459
28.95300006866455,28.97699999809265,0.023999929428100586
28.999000072479248,29.02300000190735,0.023999929428100586
29.0,29.026999950408936,0.026999950408935547
29.0,29.026999950408936,0.026999950408935547
29.000999927520752,29.026999950408936,0.026000022888183594
29.000999927520752,29.026999950408936,0.026000022888183594
29.000999927520752,29.026999950408936,0.026000022888183594
29.000999927520752,29.02300000190735,0.02200007438659668
29.002000093460083,29.026999950408936,0.02499985694885254
29.003000020980835,29.06599998474121,0.06299996376037598
29.003000020980835,29.026999950408936,0.023999929428100586
29.049999952316284,29.110000133514404,0.06000018119812012
29.051000118255615,29.06599998474121,0.014999866485595703
29.052000045776367,29.06599998474121,0.01399993896484375
29.052000045776367,29.06599998474121,0.01399993896484375
29.052000045776367,29.111000061035156,0.05900001525878906
29.052000045776367,29.111000061035156,0.05900001525878906
29.052000045776367,29.06599998474121,0.01399993896484375
29.052000045776367,29.06599998474121,0.01399993896484375
29.052000045776367,29.06599998474121,0.01399993896484375
29.052000045776367,29.110000133514404,0.05800008773803711
29.098999977111816,29.110000133514404,0.01100015640258789
29.1010000705719,29.110000133514404,0.009000062942504883
29.1010000705719,29.16100001335144,0.059999942779541016
29.1010000705719,29.110000133514404,0.009000062942504883
29.1010000705719,29.16000008583069,0.05900001525878906
29.1010000705719,29.16000008583069,0.05900001525878906
29.1010000705719,29.110000133514404,0.009000062942504883
29.1010000705719,29.16000008583069,0.05900001525878906
29.1010000705719,29.16000008583069,0.05900001525878906
29.1010000705719,29.16000008583069,0.05900001525878906
29.1489999294281,29.17799997329712,0.029000043869018555
29.151000022888184,29.177000045776367,0.026000022888183594
29.151000022888184,29.223999977111816,0.07299995422363281
29.151000022888184,29.177000045776367,0.026000022888183594
29.151000022888184,29.223999977111816,0.07299995422363281
29.151000022888184,29.17799997329712,0.026999950408935547
29.151000022888184,29.17799997329712,0.026999950408935547
29.151000022888184,29.164000034332275,0.013000011444091797
29.151999950408936,29.223999977111816,0.07200002670288086
29.151999950408936,29.177000045776367,0.02500009536743164
29.200000047683716,29.223999977111816,0.023999929428100586
29.200999975204468,29.223999977111816,0.023000001907348633
29.200999975204468,29.27300000190735,0.07200002670288086
29.2020001411438,29.223999977111816,0.021999835968017578
29.2020001411438,29.223999977111816,0.021999835968017578
29.2020001411438,29.272000074386597,0.06999993324279785
29.2020001411438,29.27300000190735,0.0709998607635498
29.2020001411438,29.272000074386597,0.06999993324279785
29.2020001411438,29.27300000190735,0.0709998607635498
29.2020001411438,29.27300000190735,0.0709998607635498
29.248000144958496,29.27300000190735,0.02499985694885254
29.25,29.27500009536743,0.02500009536743164
29.25,29.27500009536743,0.02500009536743164
29.25,29.2739999294281,0.023999929428100586
29.25,29.27500009536743,0.02500009536743164
29.250999927520752,29.2739999294281,0.023000001907348633
29.250999927520752,29.27500009536743,0.024000167846679688
29.252000093460083,29.312000036239624,0.059999942779541016
29.252000093460083,29.2739999294281,0.021999835968017578
29.253000020980835,29.27500009536743,0.02200007438659668
29.299999952316284,29.312000036239624,0.012000083923339844
29.299999952316284,29.312999963760376,0.013000011444091797
29.299999952316284,29.312999963760376,0.013000011444091797
29.299999952316284,29.371000051498413,0.0710000991821289
29.302000045776367,29.371000051498413,0.0690000057220459
29.302000045776367,29.371000051498413,0.0690000057220459
29.302000045776367,29.312000036239624,0.009999990463256836
29.302000045776367,29.312999963760376,0.010999917984008789
29.30299997329712,29.312999963760376,0.009999990463256836
29.30299997329712,29.371000051498413,0.06800007820129395
29.348999977111816,29.378999948501587,0.029999971389770508
29.350000143051147,29.424000024795532,0.07399988174438477
29.350000143051147,29.424000024795532,0.07399988174438477
29.350000143051147,29.424000024795532,0.07399988174438477
29.350000143051147,29.378999948501587,0.028999805450439453
29.350000143051147,29.380000114440918,0.029999971389770508
29.350000143051147,29.378999948501587,0.028999805450439453
29.350000143051147,29.424000024795532,0.07399988174438477
29.3510000705719,29.424000024795532,0.07299995422363281
29.3510000705719,29.424000024795532,0.07299995422363281
29.40000009536743,29.426000118255615,0.026000022888183594
29.40000009536743,29.426000118255615,0.026000022888183594
29.40000009536743,29.426000118255615,0.026000022888183594
29.40000009536743,29.426000118255615,0.026000022888183594
29.40000009536743,29.467999935150146,0.06799983978271484
29.401999950408936,29.426000118255615,0.024000167846679688
29.401999950408936,29.426000118255615,0.024000167846679688
29.401999950408936,29.426000118255615,0.024000167846679688
29.401999950408936,29.424000024795532,0.02200007438659668
29.403000116348267,29.467999935150146,0.06499981880187988
29.449000120162964,29.467999935150146,0.018999814987182617
29.450000047683716,29.513000011444092,0.06299996376037598
29.450000047683716,29.51200008392334,0.06200003623962402
29.450000047683716,29.467999935150146,0.017999887466430664
29.450000047683716,29.467000007629395,0.01699995994567871
29.450000047683716,29.467999935150146,0.017999887466430664
29.4520001411438,29.467999935150146,0.015999794006347656
29.4520001411438,29.467999935150146,0.015999794006347656
29.4520001411438,29.467999935150146,0.015999794006347656
29.4520001411438,29.51200008392334,0.059999942779541016
29.5,29.513000011444092,0.013000011444091797
29.5,29.513000011444092,0.013000011444091797
29.500999927520752,29.51200008392334,0.01100015640258789
29.502000093460083,29.513000011444092,0.010999917984008789
29.502000093460083,29.564000129699707,0.06200003623962402
29.502000093460083,29.56500005722046,0.06299996376037598
29.502000093460083,29.564000129699707,0.06200003623962402
29.502000093460083,29.564000129699707,0.06200003623962402
29.502000093460083,29.564000129699707,0.06200003623962402
29.502000093460083,29.51200008392334,0.009999990463256836
29.549000024795532,29.575999975204468,0.026999950408935547
29.552000045776367,29.575999975204468,0.023999929428100586
29.552000045776367,29.575999975204468,0.023999929428100586
29.552000045776367,29.5770001411438,0.02500009536743164
29.552000045776367,29.627000093460083,0.07500004768371582
29.552000045776367,29.627000093460083,0.07500004768371582
29.552000045776367,29.575999975204468,0.023999929428100586
29.552000045776367,29.627000093460083,0.07500004768371582
29.552000045776367,29.575999975204468,0.023999929428100586
29.552000045776367,29.575999975204468,0.023999929428100586
29.600000143051147,29.669000148773193,0.0690000057220459
29.600000143051147,29.669000148773193,0.0690000057220459
29.6010000705719,29.669000148773193,0.06800007820129395
29.6010000705719,29.627000093460083,0.026000022888183594
29.6010000705719,29.627000093460083,0.026000022888183594
29.60199999809265,29.627000093460083,0.02500009536743164
29.60199999809265,29.627000093460083,0.02500009536743164
29.60199999809265,29.669000148773193,0.06700015068054199
29.60199999809265,29.669000148773193,0.06700015068054199
29.60199999809265,29.669000148773193,0.06700015068054199
29.65000009536743,29.671000003814697,0.020999908447265625
29.651000022888184,29.671000003814697,0.019999980926513672
29.651000022888184,29.669000148773193,0.018000125885009766
29.651000022888184,29.669000148773193,0.018000125885009766
29.651000022888184,29.671000003814697,0.019999980926513672
29.651000022888184,29.671000003814697,0.019999980926513672
29.651000022888184,29.671000003814697,0.019999980926513672
29.651000022888184,29.671000003814697,0.019999980926513672
29.651999950408936,29.71399998664856,0.06200003623962402
29.651999950408936,29.671000003814697,0.01900005340576172
29.699000120162964,29.71399998664856,0.014999866485595703
29.699000120162964,29.782000064849854,0.08299994468688965
29.700000047683716,29.730000019073486,0.029999971389770508
29.700999975204468,29.730000019073486,0.029000043869018555
29.7020001411438,29.782000064849854,0.07999992370605469
29.7020001411438,29.782000064849854,0.07999992370605469
29.7020001411438,29.782000064849854,0.07999992370605469
29.7020001411438,29.730000019073486,0.0279998779296875
29.7020001411438,29.7810001373291,0.07899999618530273
29.70300006866455,29.729000091552734,0.026000022888183594
29.749000072479248,29.818000078201294,0.0690000057220459
29.749000072479248,29.784000158309937,0.03500008583068848
29.750999927520752,29.784000158309937,0.03300023078918457
29.750999927520752,29.784000158309937,0.03300023078918457
29.750999927520752,29.784000158309937,0.03300023078918457
29.752000093460083,29.784000158309937,0.032000064849853516
29.752000093460083,29.782000064849854,0.029999971389770508
29.752000093460083,29.784000158309937,0.032000064849853516
29.752000093460083,29.784000158309937,0.032000064849853516
29.752000093460083,29.782000064849854,0.029999971389770508
29.79800009727478,29.818000078201294,0.019999980926513672
29.799999952316284,29.861999988555908,0.06200003623962402
29.799999952316284,29.818000078201294,0.018000125885009766
29.799999952316284,29.818000078201294,0.018000125885009766
29.799999952316284,29.818000078201294,0.018000125885009766
29.799999952316284,29.861999988555908,0.06200003623962402
29.799999952316284,29.861999988555908,0.06200003623962402
29.799999952316284,29.817000150680542,0.017000198364257812
29.802000045776367,29.818000078201294,0.016000032424926758
29.802000045776367,29.818000078201294,0.016000032424926758
29.850000143051147,29.924999952316284,0.07499980926513672
29.8510000705719,29.924999952316284,0.07399988174438477
29.8510000705719,29.924999952316284,0.07399988174438477
29.8510000705719,29.861999988555908,0.010999917984008789
29.8510000705719,29.861999988555908,0.010999917984008789
29.8510000705719,29.924999952316284,0.07399988174438477
29.8510000705719,29.861999988555908,0.010999917984008789
29.8510000705719,29.861999988555908,0.010999917984008789
29.85199999809265,29.861999988555908,0.009999990463256836
29.85199999809265,29.924000024795532,0.07200002670288086
29.90000009536743,29.933000087738037,0.03299999237060547
29.90000009536743,29.930999994277954,0.03099989891052246
29.90000009536743,29.933000087738037,0.03299999237060547
29.90000009536743,29.933000087738037,0.03299999237060547
29.901999950408936,29.933000087738037,0.031000137329101562
29.901999950408936,29.933000087738037,0.031000137329101562
29.901999950408936,29.930999994277954,0.029000043869018555
29.901999950408936,29.930999994277954,0.029000043869018555
29.901999950408936,29.933000087738037,0.031000137329101562
29.903000116348267,29.933000087738037,0.029999971389770508
29.947999954223633,29.97099995613098,0.023000001907348633
29.950000047683716,29.97099995613098,0.020999908447265625
29.950000047683716,29.972000122070312,0.02200007438659668
29.950999975204468,30.016000032424927,0.06500005722045898
29.950999975204468,29.972000122070312,0.021000146865844727
29.950999975204468,30.015000104904175,0.06400012969970703
29.950999975204468,29.97099995613098,0.019999980926513672
29.950999975204468,29.972000122070312,0.021000146865844727
29.950999975204468,30.016000032424927,0.06500005722045898
29.9520001411438,29.97099995613098,0.018999814987182617
29.999000072479248,30.067000150680542,0.06800007820129395
30.0,30.015000104904175,0.015000104904174805
30.0,30.015000104904175,0.015000104904174805
30.0,30.067000150680542,0.06700015068054199
30.0,30.067000150680542,0.06700015068054199
30.0,30.016000032424927,0.016000032424926758
30.002000093460083,30.016000032424927,0.01399993896484375
30.002000093460083,30.015000104904175,0.013000011444091797
30.002000093460083,30.015000104904175,0.013000011444091797
30.003000020980835,30.015000104904175,0.012000083923339844
30.049999952316284,30.067000150680542,0.017000198364257812
30.051000118255615,30.124000072479248,0.07299995422363281
30.051000118255615,30.07800006866455,0.026999950408935547
30.051000118255615,30.07800006866455,0.026999950408935547
30.051000118255615,30.125,0.07399988174438477
30.051000118255615,30.124000072479248,0.07299995422363281
30.051000118255615,30.125,0.07399988174438477
30.052000045776367,30.07800006866455,0.026000022888183594
30.052000045776367,30.07800006866455,0.026000022888183594
30.05299997329712,30.125,0.07200002670288086
30.098999977111816,30.125,0.026000022888183594
30.100000143051147,30.125999927520752,0.025999784469604492
30.100000143051147,30.125999927520752,0.025999784469604492
30.100000143051147,30.125999927520752,0.025999784469604492
30.100000143051147,30.125999927520752,0.025999784469604492
30.10199999809265,30.125999927520752,0.023999929428100586
30.10199999809265,30.167999982833862,0.06599998474121094
30.10199999809265,30.125,0.023000001907348633
30.10199999809265,30.125,0.023000001907348633
30.10199999809265,30.167999982833862,0.06599998474121094
30.15000009536743,30.167999982833862,0.017999887466430664
30.15000009536743,30.167999982833862,0.017999887466430664
30.151999950408936,30.20900011062622,0.057000160217285156
30.151999950408936,30.167999982833862,0.016000032424926758
30.151999950408936,30.167999982833862,0.016000032424926758
30.151999950408936,30.20900011062622,0.057000160217285156
30.151999950408936,30.167999982833862,0.016000032424926758
30.153000116348267,30.20900011062622,0.0559999942779541
30.153000116348267,30.167999982833862,0.014999866485595703
30.153000116348267,30.20900011062622,0.0559999942779541
30.200000047683716,30.210000038146973,0.009999990463256836
30.200000047683716,30.210000038146973,0.009999990463256836
30.2020001411438,30.20900011062622,0.006999969482421875
30.2020001411438,30.263999938964844,0.06199979782104492
30.2020001411438,30.263999938964844,0.06199979782104492
30.2020001411438,30.263999938964844,0.06199979782104492
30.2020001411438,30.263999938964844,0.06199979782104492
30.2020001411438,30.263999938964844,0.06199979782104492
30.2020001411438,30.263999938964844,0.06199979782104492
30.2020001411438,30.20900011062622,0.006999969482421875
30.249000072479248,30.3270001411438,0.07800006866455078
30.25,30.3270001411438,0.07700014114379883
30.25,30.276999950408936,0.026999950408935547
30.250999927520752,30.276999950408936,0.026000022888183594
30.250999927520752,30.325999975204468,0.07500004768371582
30.250999927520752,30.276999950408936,0.026000022888183594
30.250999927520752,30.276999950408936,0.026000022888183594
30.250999927520752,30.276999950408936,0.026000022888183594
30.250999927520752,30.325999975204468,0.07500004768371582
30.250999927520752,30.3270001411438,0.07600021362304688
30.299999952316284,30.368000030517578,0.06800007820129395
30.301000118255615,30.368000030517578,0.06699991226196289
30.301000118255615,30.325999975204468,0.02499985694885254
30.302000045776367,30.325999975204468,0.023999929428100586
30.302000045776367,30.368000030517578,0.06599998474121094
30.302000045776367,30.368000030517578,0.06599998474121094
30.302000045776367,30.368000030517578,0.06599998474121094
30.302000045776367,30.325999975204468,0.023999929428100586
30.302000045776367,30.368000030517578,0.06599998474121094
30.302000045776367,30.3270001411438,0.02500009536743164
30.350000143051147,30.41700005531311,0.06699991226196289
30.350000143051147,30.41700005531311,0.06699991226196289
30.3510000705719,30.368000030517578,0.01699995994567871
30.35199999809265,30.41700005531311,0.06500005722045898
30.35199999809265,30.41700005531311,0.06500005722045898
30.35199999809265,30.368000030517578,0.016000032424926758
30.35199999809265,30.41700005531311,0.06500005722045898
30.35199999809265,30.368000030517578,0.016000032424926758
30.35199999809265,30.41700005531311,0.06500005722045898
30.352999925613403,30.368000030517578,0.015000104904174805
30.3989999294281,30.42799997329712,0.029000043869018555
30.401000022888184,30.42799997329712,0.026999950408935547
30.401000022888184,30.41700005531311,0.016000032424926758
30.401000022888184,30.42799997329712,0.026999950408935547
30.401000022888184,30.419000148773193,0.018000125885009766
30.401000022888184,30.42799997329712,0.026999950408935547
30.401000022888184,30.42799997329712,0.026999950408935547
30.401000022888184,30.42799997329712,0.026999950408935547
30.401999950408936,30.47699999809265,0.07500004768371582
30.403000116348267,30.42799997329712,0.02499985694885254
30.450000047683716,30.528000116348267,0.07800006866455078
30.450000047683716,30.528000116348267,0.07800006866455078
30.450000047683716,30.528000116348267,0.07800006866455078
30.450000047683716,30.528000116348267,0.07800006866455078
30.450000047683716,30.47699999809265,0.026999950408935547
30.4520001411438,30.52900004386902,0.07699990272521973
30.4520001411438,30.47699999809265,0.02499985694885254
30.4520001411438,30.47699999809265,0.02499985694885254
30.4520001411438,30.477999925613403,0.025999784469604492
30.4520001411438,30.47699999809265,0.02499985694885254
30.5,30.52999997138977,0.029999971389770508
30.5,30.52999997138977,0.029999971389770508
30.5,30.562999963760376,0.06299996376037598
30.5,30.52999997138977,0.029999971389770508
30.5,30.52999997138977,0.029999971389770508
30.5,30.52900004386902,0.029000043869018555
30.500999927520752,30.562999963760376,0.06200003623962402
30.500999927520752,30.52900004386902,0.0280001163482666
30.500999927520752,30.52900004386902,0.0280001163482666
30.500999927520752,30.528000116348267,0.02700018882751465
30.549999952316284,30.562999963760376,0.013000011444091797
30.549999952316284,30.61300015449524,0.06300020217895508
30.549999952316284,30.61300015449524,0.06300020217895508
30.549999952316284,30.562999963760376,0.013000011444091797
30.549999952316284,30.562999963760376,0.013000011444091797
30.549999952316284,30.562999963760376,0.013000011444091797
30.549999952316284,30.562999963760376,0.013000011444091797
30.551000118255615,30.61300015449524,0.06200003623962402
30.552000045776367,30.562999963760376,0.010999917984008789
30.552000045776367,30.61300015449524,0.06100010871887207
30.598999977111816,30.628999948501587,0.029999971389770508
30.6010000705719,30.63100004196167,0.029999971389770508
30.6010000705719,30.63100004196167,0.029999971389770508
30.6010000705719,30.63100004196167,0.029999971389770508
30.6010000705719,30.628000020980835,0.026999950408935547
30.60199999809265,30.630000114440918,0.0280001163482666
30.60199999809265,30.63100004196167,0.029000043869018555
30.60199999809265,30.63100004196167,0.029000043869018555
30.60199999809265,30.63100004196167,0.029000043869018555
30.602999925613403,30.628000020980835,0.02500009536743164
30.6489999294281,30.725000143051147,0.07600021362304688
30.651999950408936,30.674000024795532,0.02200007438659668
30.651999950408936,30.725000143051147,0.07300019264221191
30.651999950408936,30.725000143051147,0.07300019264221191
30.651999950408936,30.674000024795532,0.02200007438659668
30.651999950408936,30.725000143051147,0.07300019264221191
30.651999950408936,30.674000024795532,0.02200007438659668
30.651999950408936,30.674000024795532,0.02200007438659668
30.651999950408936,30.674000024795532,0.02200007438659668
30.651999950408936,30.674000024795532,0.02200007438659668
30.697999954223633,30.72699999809265,0.029000043869018555
30.700999975204468,30.72699999809265,0.026000022888183594
30.700999975204468,30.72699999809265,0.026000022888183594
30.700999975204468,30.72699999809265,0.026000022888183594
30.700999975204468,30.72699999809265,0.026000022888183594
30.700999975204468,30.72699999809265,0.026000022888183594
30.700999975204468,30.72699999809265,0.026000022888183594
30.700999975204468,30.725000143051147,0.024000167846679688
30.700999975204468,30.725000143051147,0.024000167846679688
30.700999975204468,30.725000143051147,0.024000167846679688
30.75,30.76699995994568,0.01699995994567871
30.75,30.812999963760376,0.06299996376037598
30.75,30.814000129699707,0.06400012969970703
30.75,30.814000129699707,0.06400012969970703
30.750999927520752,30.76699995994568,0.016000032424926758
30.750999927520752,30.76699995994568,0.016000032424926758
30.750999927520752,30.814000129699707,0.06300020217895508
30.750999927520752,30.812999963760376,0.06200003623962402
30.752000093460083,30.76699995994568,0.014999866485595703
30.752000093460083,30.76699995994568,0.014999866485595703
30.799999952316284,30.824000120162964,0.024000167846679688
30.801000118255615,30.824000120162964,0.023000001907348633
30.801000118255615,30.86300015449524,0.06200003623962402
30.801000118255615,30.861999988555908,0.06099987030029297
30.801000118255615,30.861999988555908,0.06099987030029297
30.801000118255615,30.824000120162964,0.023000001907348633
30.802000045776367,30.824000120162964,0.02200007438659668
30.802000045776367,30.86300015449524,0.06100010871887207
30.802000045776367,30.861999988555908,0.059999942779541016
30.802000045776367,30.86300015449524,0.06100010871887207
30.848999977111816,30.86300015449524,0.014000177383422852
30.8510000705719,30.871999979019165,0.020999908447265625
30.8510000705719,30.871999979019165,0.020999908447265625
30.8510000705719,30.914000034332275,0.06299996376037598
30.8510000705719,30.871999979019165,0.020999908447265625
30.8510000705719,30.871999979019165,0.020999908447265625
30.8510000705719,30.871999979019165,0.020999908447265625
30.8510000705719,30.914000034332275,0.06299996376037598
30.85199999809265,30.871999979019165,0.019999980926513672
30.85199999809265,30.871000051498413,0.01900005340576172
30.90000009536743,30.97699999809265,0.07699990272521973
30.90000009536743,30.914000034332275,0.01399993896484375
30.901000022888184,30.913000106811523,0.012000083923339844
30.901000022888184,30.97699999809265,0.07599997520446777
30.901000022888184,30.97699999809265,0.07599997520446777
30.901000022888184,30.97699999809265,0.07599997520446777
30.901000022888184,30.913000106811523,0.012000083923339844
30.901000022888184,30.913000106811523,0.012000083923339844
30.901000022888184,30.913000106811523,0.012000083923339844
30.901000022888184,30.97699999809265,0.07599997520446777
30.950000047683716,30.98200011253357,0.032000064849853516
30.950000047683716,30.980000019073486,0.029999971389770508
30.950000047683716,31.022000074386597,0.07200002670288086
30.950000047683716,30.98200011253357,0.032000064849853516
30.950000047683716,30.98200011253357,0.032000064849853516
30.950000047683716,30.98200011253357,0.032000064849853516
30.950000047683716,30.98200011253357,0.032000064849853516
30.950000047683716,30.98200011253357,0.032000064849853516
30.9520001411438,30.979000091552734,0.026999950408935547
30.9520001411438,30.98200011253357,0.029999971389770508
30.999000072479248,31.02300000190735,0.023999929428100586
31.000999927520752,31.07200002670288,0.0710000991821289
31.000999927520752,31.022000074386597,0.021000146865844727
31.000999927520752,31.022000074386597,0.021000146865844727
31.000999927520752,31.022000074386597,0.021000146865844727
31.000999927520752,31.07200002670288,0.0710000991821289
31.000999927520752,31.07100009918213,0.07000017166137695
31.000999927520752,31.022000074386597,0.021000146865844727
31.000999927520752,31.022000074386597,0.021000146865844727
31.000999927520752,31.02300000190735,0.02200007438659668
31.049999952316284,31.07200002670288,0.02200007438659668
31.049999952316284,31.115999937057495,0.06599998474121094
31.051000118255615,31.115999937057495,0.06499981880187988
31.051000118255615,31.115999937057495,0.06499981880187988
31.052000045776367,31.115999937057495,0.06399989128112793
31.052000045776367,31.07100009918213,0.01900005340576172
31.052000045776367,31.07200002670288,0.019999980926513672
31.052000045776367,31.07100009918213,0.01900005340576172
31.05299997329712,31.115999937057495,0.06299996376037598
31.05299997329712,31.07100009918213,0.018000125885009766
31.100000143051147,31.115999937057495,0.015999794006347656
31.100000143051147,31.177000045776367,0.07699990272521973
31.100000143051147,31.125,0.02499985694885254
31.100000143051147,31.174999952316284,0.07499980926513672
31.100000143051147,31.125,0.02499985694885254
31.1010000705719,31.115999937057495,0.014999866485595703
31.1010000705719,31.125,0.023999929428100586
31.1010000705719,31.125,0.023999929428100586
31.1010000705719,31.177000045776367,0.07599997520446777
31.102999925613403,31.125,0.02200007438659668
31.1489999294281,31.2260000705719,0.07700014114379883
31.151000022888184,31.183000087738037,0.032000064849853516
31.151000022888184,31.2260000705719,0.07500004768371582
31.151000022888184,31.182000160217285,0.031000137329101562
31.151000022888184,31.183000087738037,0.032000064849853516
31.151999950408936,31.2260000705719,0.07400012016296387
31.151999950408936,31.2260000705719,0.07400012016296387
31.151999950408936,31.182000160217285,0.03000020980834961
31.153000116348267,31.182000160217285,0.029000043869018555
31.15400004386902,31.2260000705719,0.07200002670288086
31.197999954223633,31.227999925613403,0.029999971389770508
31.200000047683716,31.2260000705719,0.026000022888183594
31.200999975204468,31.227999925613403,0.026999950408935547
31.200999975204468,31.2260000705719,0.02500009536743164
31.2020001411438,31.227999925613403,0.025999784469604492
31.2020001411438,31.227999925613403,0.025999784469604492
31.2020001411438,31.227999925613403,0.025999784469604492
31.2020001411438,31.227999925613403,0.025999784469604492
31.2020001411438,31.27300000190735,0.0709998607635498
31.2020001411438,31.227999925613403,0.025999784469604492
31.249000072479248,31.31599998474121,0.06699991226196289
31.249000072479248,31.27300000190735,0.023999929428100586
31.250999927520752,31.27300000190735,0.02200007438659668
31.250999927520752,31.272000074386597,0.021000146865844727
31.252000093460083,31.31599998474121,0.06399989128112793
31.252000093460083,31.27300000190735,0.020999908447265625
31.252000093460083,31.27300000190735,0.020999908447265625
31.252000093460083,31.31599998474121,0.06399989128112793
31.252000093460083,31.31599998474121,0.06399989128112793
31.252000093460083,31.27300000190735,0.020999908447265625
31.299999952316284,31.31599998474121,0.016000032424926758
31.299999952316284,31.31599998474121,0.016000032424926758
31.301000118255615,31.31599998474121,0.014999866485595703
31.301000118255615,31.31599998474121,0.014999866485595703
31.301000118255615,31.36400008201599,0.06299996376037598
31.301000118255615,31.31599998474121,0.014999866485595703
31.301000118255615,31.36400008201599,0.06299996376037598
31.302000045776367,31.36400008201599,0.06200003623962402
31.302000045776367,31.36300015449524,0.06100010871887207
31.302000045776367,31.36300015449524,0.06100010871887207
31.350000143051147,31.378000020980835,0.0279998779296875
31.350000143051147,31.378999948501587,0.028999805450439453
31.350000143051147,31.378999948501587,0.028999805450439453
31.350000143051147,31.378999948501587,0.028999805450439453
31.35199999809265,31.42300009727478,0.0710000991821289
31.35199999809265,31.378999948501587,0.026999950408935547
31.35199999809265,31.378999948501587,0.026999950408935547
31.35199999809265,31.377000093460083,0.02500009536743164
31.352999925613403,31.378999948501587,0.026000022888183594
31.352999925613403,31.378999948501587,0.026000022888183594
31.39800000190735,31.42300009727478,0.02500009536743164
31.40000009536743,31.42300009727478,0.023000001907348633
31.40000009536743,31.42300009727478,0.023000001907348633
31.40000009536743,31.42199993133545,0.021999835968017578
31.40000009536743,31.42300009727478,0.023000001907348633
31.40000009536743,31.47099995613098,0.0709998607635498
31.40000009536743,31.47099995613098,0.0709998607635498
31.401000022888184,31.42300009727478,0.02200007438659668
31.401000022888184,31.47000002861023,0.0690000057220459
31.401000022888184,31.42199993133545,0.020999908447265625
31.450000047683716,31.47099995613098,0.020999908447265625
31.450000047683716,31.47099995613098,0.020999908447265625
31.450000047683716,31.47099995613098,0.020999908447265625
31.450999975204468,31.516000032424927,0.06500005722045898
31.450999975204468,31.516000032424927,0.06500005722045898
31.450999975204468,31.515000104904175,0.06400012969970703
31.450999975204468,31.47099995613098,0.019999980926513672
31.450999975204468,31.515000104904175,0.06400012969970703
31.4520001411438,31.516000032424927,0.06399989128112793
31.45300006866455,31.47099995613098,0.017999887466430664
31.499000072479248,31.5310001373291,0.032000064849853516
31.500999927520752,31.52999997138977,0.029000043869018555
31.500999927520752,31.5310001373291,0.03000020980834961
31.500999927520752,31.52999997138977,0.029000043869018555
31.500999927520752,31.5770001411438,0.07600021362304688
31.500999927520752,31.5310001373291,0.03000020980834961
31.500999927520752,31.5310001373291,0.03000020980834961
31.502000093460083,31.52999997138977,0.0279998779296875
31.502000093460083,31.515000104904175,0.013000011444091797
31.502000093460083,31.5770001411438,0.07500004768371582
31.549999952316284,31.5770001411438,0.02700018882751465
31.551000118255615,31.5770001411438,0.026000022888183594
31.552000045776367,31.5770001411438,0.02500009536743164
31.552000045776367,31.625999927520752,0.07399988174438477
31.552000045776367,31.625999927520752,0.07399988174438477
31.552000045776367,31.625999927520752,0.07399988174438477
31.552000045776367,31.625999927520752,0.07399988174438477
31.552000045776367,31.5770001411438,0.02500009536743164
31.552000045776367,31.625999927520752,0.07399988174438477
31.552000045776367,31.5770001411438,0.02500009536743164
31.598000049591064,31.664000034332275,0.06599998474121094
31.60199999809265,31.625999927520752,0.023999929428100586
31.60199999809265,31.663000106811523,0.06100010871887207
31.60199999809265,31.625999927520752,0.023999929428100586
31.60199999809265,31.625999927520752,0.023999929428100586
31.60199999809265,31.625999927520752,0.023999929428100586
31.60199999809265,31.625999927520752,0.023999929428100586
31.60199999809265,31.664999961853027,0.06299996376037598
31.60199999809265,31.663000106811523,0.06100010871887207
31.60199999809265,31.664000034332275,0.06200003623962402
31.65000009536743,31.667999982833862,0.017999887466430664
31.65000009536743,31.667999982833862,0.017999887466430664
31.651000022888184,31.667999982833862,0.01699995994567871
31.651000022888184,31.663000106811523,0.012000083923339844
31.651000022888184,31.712000131607056,0.06100010871887207
31.651000022888184,31.664000034332275,0.013000011444091797
31.651000022888184,31.667999982833862,0.01699995994567871
31.651000022888184,31.667999982833862,0.01699995994567871
31.651000022888184,31.667999982833862,0.01699995994567871
31.651999950408936,31.667999982833862,0.016000032424926758
31.700000047683716,31.712000131607056,0.012000083923339844
31.700000047683716,31.712000131607056,0.012000083923339844
31.700000047683716,31.727999925613403,0.0279998779296875
31.700000047683716,31.712000131607056,0.012000083923339844
31.700000047683716,31.727999925613403,0.0279998779296875
31.700999975204468,31.727999925613403,0.026999950408935547
31.7020001411438,31.727999925613403,0.025999784469604492
31.7020001411438,31.727999925613403,0.025999784469604492
31.7020001411438,31.727999925613403,0.025999784469604492
31.7020001411438,31.77500009536743,0.07299995422363281
31.75,31.819999933242798,0.06999993324279785
31.752000093460083,31.776999950408936,0.02499985694885254
31.752000093460083,31.776000022888184,0.023999929428100586
31.752000093460083,31.776000022888184,0.023999929428100586
31.752000093460083,31.77500009536743,0.023000001907348633
31.752000093460083,31.819999933242798,0.06799983978271484
31.753000020980835,31.776999950408936,0.023999929428100586
31.753000020980835,31.776999950408936,0.023999929428100586
31.753000020980835,31.776999950408936,0.023999929428100586
31.753000020980835,31.776999950408936,0.023999929428100586
31.799999952316284,31.865999937057495,0.06599998474121094
31.802000045776367,31.865999937057495,0.06399989128112793
31.802000045776367,31.865999937057495,0.06399989128112793
31.802000045776367,31.819999933242798,0.017999887466430664
31.802000045776367,31.819999933242798,0.017999887466430664
31.802000045776367,31.865999937057495,0.06399989128112793
31.802000045776367,31.819999933242798,0.017999887466430664
31.802000045776367,31.819999933242798,0.017999887466430664
31.802000045776367,31.865999937057495,0.06399989128112793
31.802000045776367,31.819999933242798,0.017999887466430664
31.848000049591064,31.865999937057495,0.017999887466430664
31.8510000705719,31.867000102996826,0.016000032424926758
31.8510000705719,31.865999937057495,0.014999866485595703
31.8510000705719,31.867000102996826,0.016000032424926758
31.8510000705719,31.867000102996826,0.016000032424926758
31.8510000705719,31.865999937057495,0.014999866485595703
31.8510000705719,31.867000102996826,0.016000032424926758
31.8510000705719,31.867000102996826,0.016000032424926758
31.85199999809265,31.865999937057495,0.01399993896484375
31.85199999809265,31.867000102996826,0.015000104904174805
31.8989999294281,31.919000148773193,0.020000219345092773
31.901000022888184,31.973000049591064,0.07200002670288086
31.901000022888184,31.92799997329712,0.026999950408935547
31.901000022888184,31.972000122070312,0.0710000991821289
31.901000022888184,31.92799997329712,0.026999950408935547
31.901000022888184,31.972000122070312,0.0710000991821289
31.901999950408936,31.972000122070312,0.07000017166137695
31.901999950408936,31.92799997329712,0.026000022888183594
31.901999950408936,31.92799997329712,0.026000022888183594
31.901999950408936,31.92799997329712,0.026000022888183594
31.950000047683716,31.973999977111816,0.023999929428100586
31.950000047683716,31.975000143051147,0.02500009536743164
31.9520001411438,31.973999977111816,0.021999835968017578
31.9520001411438,31.975000143051147,0.023000001907348633
31.9520001411438,31.972000122070312,0.019999980926513672
31.9520001411438,32.021000146865845,0.0690000057220459
31.9520001411438,31.975000143051147,0.023000001907348633
31.9520001411438,31.972000122070312,0.019999980926513672
31.9520001411438,31.973999977111816,0.021999835968017578
31.9520001411438,31.975000143051147,0.023000001907348633
32.0,32.0220000743866,0.02200007438659668
32.00200009346008,32.0220000743866,0.019999980926513672
32.00200009346008,32.062999963760376,0.06099987030029297
32.00200009346008,32.0220000743866,0.019999980926513672
32.00200009346008,32.062999963760376,0.06099987030029297
32.00200009346008,32.062999963760376,0.06099987030029297
32.00200009346008,32.062999963760376,0.06099987030029297
32.00200009346008,32.0220000743866,0.019999980926513672
32.00200009346008,32.0220000743866,0.019999980926513672
32.003000020980835,32.021000146865845,0.018000125885009766
32.04900002479553,32.062999963760376,0.01399993896484375
32.051000118255615,32.111000061035156,0.059999942779541016
32.051000118255615,32.062999963760376,0.011999845504760742
32.051000118255615,32.111000061035156,0.059999942779541016
32.051000118255615,32.062999963760376,0.011999845504760742
32.051000118255615,32.062999963760376,0.011999845504760742
32.051000118255615,32.062999963760376,0.011999845504760742
32.051000118255615,32.111000061035156,0.059999942779541016
32.051000118255615,32.062999963760376,0.011999845504760742
32.051000118255615,32.111000061035156,0.059999942779541016
32.10000014305115,32.176000118255615,0.07599997520446777
32.10000014305115,32.176000118255615,0.07599997520446777
32.1010000705719,32.12400007247925,0.023000001907348633
32.1010000705719,32.17700004577637,0.07599997520446777
32.1010000705719,32.12400007247925,0.023000001907348633
32.1010000705719,32.176000118255615,0.07500004768371582
32.1010000705719,32.12400007247925,0.023000001907348633
32.1010000705719,32.176000118255615,0.07500004768371582
32.1010000705719,32.12400007247925,0.023000001907348633
32.10199999809265,32.12400007247925,0.02200007438659668
32.15000009536743,32.17799997329712,0.0279998779296875
32.15000009536743,32.17799997329712,0.0279998779296875
32.15000009536743,32.176000118255615,0.026000022888183594
32.15000009536743,32.17799997329712,0.0279998779296875
32.15000009536743,32.17799997329712,0.0279998779296875
32.15000009536743,32.176000118255615,0.026000022888183594
32.151999950408936,32.176000118255615,0.024000167846679688
32.151999950408936,32.17799997329712,0.026000022888183594
32.151999950408936,32.17799997329712,0.026000022888183594
32.15300011634827,32.17799997329712,0.02499985694885254
32.200000047683716,32.21300005912781,0.013000011444091797
32.200000047683716,32.26699995994568,0.06699991226196289
32.200000047683716,32.212000131607056,0.012000083923339844
32.200000047683716,32.212000131607056,0.012000083923339844
32.20099997520447,32.26600003242493,0.06500005722045898
32.2020001411438,32.21300005912781,0.010999917984008789
32.2020001411438,32.21300005912781,0.010999917984008789
32.2020001411438,32.212000131607056,0.009999990463256836
32.2020001411438,32.26699995994568,0.06499981880187988
32.2020001411438,32.212000131607056,0.009999990463256836
32.248000144958496,32.27800011634827,0.029999971389770508
32.25200009346008,32.27800011634827,0.026000022888183594
32.25200009346008,32.32599997520447,0.07399988174438477
32.25200009346008,32.32599997520447,0.07399988174438477
32.25200009346008,32.27800011634827,0.026000022888183594
32.25200009346008,32.276999950408936,0.02499985694885254
32.25200009346008,32.32599997520447,0.07399988174438477
32.25200009346008,32.276999950408936,0.02499985694885254
32.253000020980835,32.32599997520447,0.07299995422363281
32.253000020980835,32.32599997520447,0.07299995422363281
32.29900002479553,32.32599997520447,0.026999950408935547
32.301000118255615,32.365999937057495,0.06499981880187988
32.301000118255615,32.32800006866455,0.026999950408935547
32.301000118255615,32.32800006866455,0.026999950408935547
32.301000118255615,32.32800006866455,0.026999950408935547
32.301000118255615,32.32800006866455,0.026999950408935547
32.301000118255615,32.32800006866455,0.026999950408935547
32.301000118255615,32.32800006866455,0.026999950408935547
32.301000118255615,32.32800006866455,0.026999950408935547
32.301000118255615,32.32599997520447,0.02499985694885254
32.35000014305115,32.365999937057495,0.015999794006347656
32.3510000705719,32.41499996185303,0.06399989128112793
32.3510000705719,32.365999937057495,0.014999866485595703
32.3510000705719,32.365999937057495,0.014999866485595703
32.35199999809265,32.41499996185303,0.06299996376037598
32.35199999809265,32.365999937057495,0.01399993896484375
32.35199999809265,32.365999937057495,0.01399993896484375
32.35199999809265,32.41499996185303,0.06299996376037598
32.35199999809265,32.41499996185303,0.06299996376037598
32.35199999809265,32.365999937057495,0.01399993896484375
32.40000009536743,32.41499996185303,0.014999866485595703
32.40000009536743,32.430999994277954,0.03099989891052246
32.40000009536743,32.430999994277954,0.03099989891052246
32.40000009536743,32.4300000667572,0.029999971389770508
32.40000009536743,32.4300000667572,0.029999971389770508
32.401000022888184,32.41499996185303,0.01399993896484375
32.401000022888184,32.41499996185303,0.01399993896484375
32.40300011634827,32.46300005912781,0.059999942779541016
32.40300011634827,32.462000131607056,0.05900001525878906
32.40700006484985,32.462000131607056,0.05500006675720215
32.450000047683716,32.4760000705719,0.026000022888183594
32.450000047683716,32.4760000705719,0.026000022888183594
32.450000047683716,32.4760000705719,0.026000022888183594
32.450000047683716,32.4760000705719,0.026000022888183594
32.450000047683716,32.4760000705719,0.026000022888183594
32.450000047683716,32.5239999294281,0.07399988174438477
32.450000047683716,32.47500014305115,0.02500009536743164
32.45300006866455,32.5239999294281,0.0709998607635498
32.45300006866455,32.4760000705719,0.023000001907348633
32.45300006866455,32.5239999294281,0.0709998607635498
32.5,32.5699999332428,0.06999993324279785
32.5,32.5699999332428,0.06999993324279785
32.5,32.5239999294281,0.023999929428100586
32.5,32.5239999294281,0.023999929428100586
32.5,32.5699999332428,0.06999993324279785
32.5,32.5239999294281,0.023999929428100586
32.5,32.5699999332428,0.06999993324279785
32.5,32.5239999294281,0.023999929428100586
32.50200009346008,32.5699999332428,0.06799983978271484
32.50200009346008,32.5699999332428,0.06799983978271484
32.54900002479553,32.57200002670288,0.023000001907348633
32.54900002479553,32.57200002670288,0.023000001907348633
32.549999952316284,32.57100009918213,0.021000146865844727
32.549999952316284,32.57200002670288,0.02200007438659668
32.549999952316284,32.57200002670288,0.02200007438659668
32.549999952316284,32.57200002670288,0.02200007438659668
32.551000118255615,32.5699999332428,0.018999814987182617
32.551000118255615,32.57200002670288,0.020999908447265625
32.551000118255615,32.5699999332428,0.018999814987182617
32.551000118255615,32.5699999332428,0.018999814987182617
32.598999977111816,32.63000011444092,0.031000137329101562
32.60000014305115,32.67300009727478,0.07299995422363281
32.6010000705719,32.67300009727478,0.07200002670288086
32.6010000705719,32.63000011444092,0.029000043869018555
32.6010000705719,32.63000011444092,0.029000043869018555
32.6010000705719,32.67300009727478,0.07200002670288086
32.6010000705719,32.63000011444092,0.029000043869018555
32.60199999809265,32.63000011444092,0.0280001163482666
32.60199999809265,32.63000011444092,0.0280001163482666
32.60199999809265,32.63000011444092,0.0280001163482666
32.65000009536743,32.67300009727478,0.023000001907348633
32.651000022888184,32.72000002861023,0.0690000057220459
32.651000022888184,32.72099995613098,0.06999993324279785
32.651000022888184,32.67300009727478,0.02200007438659668
32.651000022888184,32.72000002861023,0.0690000057220459
32.651999950408936,32.67300009727478,0.021000146865844727
32.651999950408936,32.72000002861023,0.06800007820129395
32.65300011634827,32.67300009727478,0.019999980926513672
32.65300011634827,32.72099995613098,0.06799983978271484
32.65300011634827,32.67300009727478,0.019999980926513672
32.700000047683716,32.763999938964844,0.06399989128112793
32.700000047683716,32.723000049591064,0.023000001907348633
32.700000047683716,32.723000049591064,0.023000001907348633
32.700000047683716,32.723000049591064,0.023000001907348633
32.700000047683716,32.723000049591064,0.023000001907348633
32.700000047683716,32.723000049591064,0.023000001907348633
32.700000047683716,32.723000049591064,0.023000001907348633
32.70099997520447,32.723000049591064,0.02200007438659668
32.70300006866455,32.72000002861023,0.01699995994567871
32.70300006866455,32.72000002861023,0.01699995994567871
32.74900007247925,32.763999938964844,0.014999866485595703
32.75099992752075,32.81500005722046,0.06400012969970703
32.75099992752075,32.81500005722046,0.06400012969970703
32.75200009346008,32.763999938964844,0.011999845504760742
32.75200009346008,32.81500005722046,0.06299996376037598
32.75200009346008,32.81500005722046,0.06299996376037598
32.75200009346008,32.763999938964844,0.011999845504760742
32.75200009346008,32.81500005722046,0.06299996376037598
32.75200009346008,32.81500005722046,0.06299996376037598
32.75200009346008,32.763999938964844,0.011999845504760742
32.799999952316284,32.825000047683716,0.02500009536743164
32.799999952316284,32.871999979019165,0.07200002670288086
32.799999952316284,32.871999979019165,0.07200002670288086
32.801000118255615,32.871999979019165,0.0709998607635498
32.80200004577637,32.871999979019165,0.06999993324279785
32.80200004577637,32.871999979019165,0.06999993324279785
32.80200004577637,32.824000120162964,0.02200007438659668
32.80200004577637,32.871999979019165,0.06999993324279785
32.80200004577637,32.824000120162964,0.02200007438659668
32.80299997329712,32.824000120162964,0.021000146865844727
32.85000014305115,32.87400007247925,0.023999929428100586
32.8510000705719,32.87400007247925,0.023000001907348633
32.8510000705719,32.873000144958496,0.02200007438659668
32.8510000705719,32.873000144958496,0.02200007438659668
32.8510000705719,32.871999979019165,0.020999908447265625
32.8510000705719,32.871999979019165,0.020999908447265625
32.8510000705719,32.873000144958496,0.02200007438659668
32.85199999809265,32.91900014877319,0.06700015068054199
32.85199999809265,32.87400007247925,0.02200007438659668
32.8529999256134,32.87400007247925,0.021000146865844727
32.89800000190735,32.91799998283386,0.019999980926513672
32.901000022888184,32.97500014305115,0.07400012016296387
32.901000022888184,32.91799998283386,0.01699995994567871
32.901000022888184,32.97500014305115,0.07400012016296387
32.901000022888184,32.91799998283386,0.01699995994567871
32.901000022888184,32.91799998283386,0.01699995994567871
32.901000022888184,32.91799998283386,0.01699995994567871
32.901000022888184,32.91900014877319,0.018000125885009766
32.901999950408936,32.91900014877319,0.017000198364257812
32.90300011634827,32.9760000705719,0.07299995422363281
32.949000120162964,32.98099994659424,0.031999826431274414
32.95099997520447,33.02500009536743,0.07400012016296387
32.95099997520447,33.02500009536743,0.07400012016296387
32.95099997520447,32.98099994659424,0.029999971389770508
32.95099997520447,33.02500009536743,0.07400012016296387
32.95099997520447,32.97500014305115,0.024000167846679688
32.95099997520447,32.98099994659424,0.029999971389770508
32.95099997520447,32.98099994659424,0.029999971389770508
32.95099997520447,32.98099994659424,0.029999971389770508
32.95099997520447,33.02500009536743,0.07400012016296387
32.996999979019165,33.02500009536743,0.0280001163482666
33.0,33.026000022888184,0.026000022888183594
33.0,33.02500009536743,0.02500009536743164
33.0,33.026000022888184,0.026000022888183594
33.0,33.026000022888184,0.026000022888183594
33.0,33.026000022888184,0.026000022888183594
33.0,33.026000022888184,0.026000022888183594
33.0,33.026000022888184,0.026000022888183594
33.00099992752075,33.026000022888184,0.02500009536743164
33.00200009346008,33.02500009536743,0.023000001907348633
33.049999952316284,33.11400008201599,0.06400012969970703
33.049999952316284,33.06599998474121,0.016000032424926758
33.049999952316284,33.06599998474121,0.016000032424926758
33.049999952316284,33.11400008201599,0.06400012969970703
33.049999952316284,33.06700015068054,0.017000198364257812
33.051000118255615,33.11400008201599,0.06299996376037598
33.051000118255615,33.06599998474121,0.014999866485595703
33.05200004577637,33.06599998474121,0.01399993896484375
33.05200004577637,33.06599998474121,0.01399993896484375
33.05200004577637,33.06599998474121,0.01399993896484375
33.10000014305115,33.13000011444092,0.029999971389770508
33.10000014305115,33.11400008201599,0.01399993896484375
33.1010000705719,33.11400008201599,0.013000011444091797
33.1010000705719,33.11400008201599,0.013000011444091797
33.1010000705719,33.16600012779236,0.06500005722045898
33.1010000705719,33.13000011444092,0.029000043869018555
33.1010000705719,33.16600012779236,0.06500005722045898
33.10199999809265,33.16600012779236,0.06400012969970703
33.10199999809265,33.13000011444092,0.0280001163482666
33.1029999256134,33.16600012779236,0.06300020217895508
33.1489999294281,33.17400002479553,0.02500009536743164
33.151000022888184,33.17400002479553,0.023000001907348633
33.151999950408936,33.17400002479553,0.02200007438659668
33.151999950408936,33.17400002479553,0.02200007438659668
33.151999950408936,33.21799993515015,0.06599998474121094
33.151999950408936,33.17400002479553,0.02200007438659668
33.151999950408936,33.17400002479553,0.02200007438659668
33.151999950408936,33.21900010108948,0.06700015068054199
33.15300011634827,33.17400002479553,0.020999908447265625
33.15300011634827,33.21799993515015,0.06499981880187988
33.200000047683716,33.21799993515015,0.017999887466430664
33.2020001411438,33.21799993515015,0.015999794006347656
33.2020001411438,33.26100015640259,0.05900001525878906
33.2020001411438,33.26200008392334,0.059999942779541016
33.2020001411438,33.21900010108948,0.01699995994567871
33.2020001411438,33.26100015640259,0.05900001525878906
33.2020001411438,33.21799993515015,0.015999794006347656
33.2020001411438,33.21799993515015,0.015999794006347656
33.2020001411438,33.26200008392334,0.059999942779541016
33.2020001411438,33.21900010108948,0.01699995994567871
33.25,33.26200008392334,0.012000083923339844
33.25099992752075,33.26100015640259,0.010000228881835938
33.25200009346008,33.26800012588501,0.016000032424926758
33.25200009346008,33.26200008392334,0.009999990463256836
33.25200009346008,33.26800012588501,0.016000032424926758
33.25200009346008,33.26800012588501,0.016000032424926758
33.253000020980835,33.2810001373291,0.0280001163482666
33.253000020980835,33.26800012588501,0.015000104904174805
33.253000020980835,33.26699995994568,0.01399993896484375
33.253000020980835,33.2810001373291,0.0280001163482666
33.29900002479553,33.38100004196167,0.0820000171661377
33.301000118255615,33.3289999961853,0.0279998779296875
33.301000118255615,33.38199996948242,0.08099985122680664
33.301000118255615,33.3289999961853,0.0279998779296875
33.301000118255615,33.38199996948242,0.08099985122680664
33.30200004577637,33.3289999961853,0.026999950408935547
33.30200004577637,33.3289999961853,0.026999950408935547
33.30200004577637,33.3289999961853,0.026999950408935547
33.30200004577637,33.38100004196167,0.07899999618530273
33.30200004577637,33.38100004196167,0.07899999618530273
33.35000014305115,33.42300009727478,0.07299995422363281
33.35000014305115,33.42199993133545,0.07199978828430176
33.35000014305115,33.38100004196167,0.03099989891052246
33.35000014305115,33.38199996948242,0.031999826431274414
33.3510000705719,33.42199993133545,0.0709998607635498
33.3510000705719,33.42199993133545,0.0709998607635498
33.35199999809265,33.42300009727478,0.0710000991821289
33.35199999809265,33.38100004196167,0.029000043869018555
33.35199999809265,33.38100004196167,0.029000043869018555
33.3529999256134,33.42199993133545,0.0690000057220459
33.40000009536743,33.42400002479553,0.023999929428100586
33.40000009536743,33.42199993133545,0.021999835968017578
33.401000022888184,33.42400002479553,0.023000001907348633
33.401000022888184,33.42199993133545,0.020999908447265625
33.401000022888184,33.42400002479553,0.023000001907348633
33.401000022888184,33.42199993133545,0.020999908447265625
33.401999950408936,33.42400002479553,0.02200007438659668
33.401999950408936,33.42400002479553,0.02200007438659668
33.401999950408936,33.42300009727478,0.021000146865844727
33.40300011634827,33.42400002479553,0.020999908447265625
33.449000120162964,33.47099995613098,0.021999835968017578
33.45099997520447,33.479000091552734,0.0280001163482666
33.45099997520447,33.521000146865845,0.07000017166137695
33.45099997520447,33.479000091552734,0.0280001163482666
33.45099997520447,33.521000146865845,0.07000017166137695
33.45099997520447,33.479000091552734,0.0280001163482666
33.45099997520447,33.479000091552734,0.0280001163482666
33.45099997520447,33.521000146865845,0.07000017166137695
33.45099997520447,33.479000091552734,0.0280001163482666
33.45099997520447,33.5220000743866,0.0710000991821289
33.5,33.52500009536743,0.02500009536743164
33.5,33.568000078201294,0.06800007820129395
33.50099992752075,33.52500009536743,0.024000167846679688
33.50099992752075,33.52500009536743,0.024000167846679688
33.50099992752075,33.52500009536743,0.024000167846679688
33.50200009346008,33.52500009536743,0.023000001907348633
33.50200009346008,33.52500009536743,0.023000001907348633
33.50200009346008,33.521000146865845,0.01900005340576172
33.50200009346008,33.521000146865845,0.01900005340576172
33.50200009346008,33.52500009536743,0.023000001907348633
33.54900002479553,33.61800003051758,0.0690000057220459
33.549999952316284,33.568000078201294,0.018000125885009766
33.551000118255615,33.61800003051758,0.06699991226196289
33.551000118255615,33.568000078201294,0.01699995994567871
33.551000118255615,33.568000078201294,0.01699995994567871
33.551000118255615,33.568000078201294,0.01699995994567871
33.551000118255615,33.568000078201294,0.01699995994567871
33.551000118255615,33.61800003051758,0.06699991226196289
33.551000118255615,33.61800003051758,0.06699991226196289
33.55200004577637,33.568000078201294,0.016000032424926758
33.60000014305115,33.61800003051758,0.017999887466430664
33.60000014305115,33.62599992752075,0.025999784469604492
33.60000014305115,33.62599992752075,0.025999784469604492
33.6010000705719,33.66799998283386,0.06699991226196289
33.60199999809265,33.66799998283386,0.06599998474121094
33.60199999809265,33.66799998283386,0.06599998474121094
33.60199999809265,33.62599992752075,0.023999929428100586
33.60199999809265,33.66799998283386,0.06599998474121094
33.60199999809265,33.62599992752075,0.023999929428100586
33.60199999809265,33.61800003051758,0.016000032424926758
33.64800000190735,33.67799997329712,0.029999971389770508
33.65000009536743,33.72699999809265,0.07699990272521973
33.65000009536743,33.67799997329712,0.0279998779296875
33.65000009536743,33.67799997329712,0.0279998779296875
33.65000009536743,33.67799997329712,0.0279998779296875
33.65000009536743,33.67799997329712,0.0279998779296875
33.65000009536743,33.7260000705719,0.07599997520446777
33.651000022888184,33.7260000705719,0.07500004768371582
33.651999950408936,33.72699999809265,0.07500004768371582
33.65300011634827,33.7260000705719,0.07299995422363281
33.699000120162964,33.76800012588501,0.0690000057220459
33.700000047683716,33.76699995994568,0.06699991226196289
33.700000047683716,33.76699995994568,0.06699991226196289
33.700000047683716,33.76800012588501,0.06800007820129395
33.70099997520447,33.76699995994568,0.06599998474121094
33.70099997520447,33.76800012588501,0.06700015068054199
33.70099997520447,33.7260000705719,0.02500009536743164
33.7020001411438,33.7260000705719,0.023999929428100586
33.7020001411438,33.7260000705719,0.023999929428100586
33.7020001411438,33.7260000705719,0.023999929428100586
33.74900007247925,33.76900005340576,0.019999980926513672
33.75200009346008,33.812000036239624,0.059999942779541016
33.75200009346008,33.76900005340576,0.01699995994567871
33.75200009346008,33.76900005340576,0.01699995994567871
33.75200009346008,33.76900005340576,0.01699995994567871
33.75200009346008,33.76900005340576,0.01699995994567871
33.75200009346008,33.76800012588501,0.016000032424926758
33.75200009346008,33.812000036239624,0.059999942779541016
33.75200009346008,33.76900005340576,0.01699995994567871
33.75200009346008,33.76699995994568,0.014999866485595703
33.79900002479553,33.812000036239624,0.013000011444091797
33.799999952316284,33.812000036239624,0.012000083923339844
33.799999952316284,33.830000162124634,0.03000020980834961
33.799999952316284,33.87700009346008,0.07700014114379883
33.799999952316284,33.830000162124634,0.03000020980834961
33.799999952316284,33.830000162124634,0.03000020980834961
33.799999952316284,33.830000162124634,0.03000020980834961
33.80200004577637,33.87599992752075,0.07399988174438477
33.80200004577637,33.830000162124634,0.0280001163482666
33.80200004577637,33.812000036239624,0.009999990463256836
33.85000014305115,33.87899994850159,0.028999805450439453
33.8510000705719,33.878000020980835,0.026999950408935547
33.8510000705719,33.878000020980835,0.026999950408935547
33.8510000705719,33.878000020980835,0.026999950408935547
33.8510000705719,33.92400002479553,0.07299995422363281
33.8510000705719,33.87899994850159,0.0279998779296875
33.8510000705719,33.87700009346008,0.026000022888183594
33.85199999809265,33.878000020980835,0.026000022888183594
33.85199999809265,33.87700009346008,0.02500009536743164
33.8529999256134,33.878000020980835,0.02500009536743164
33.8989999294281,33.92400002479553,0.02500009536743164
33.90000009536743,33.92400002479553,0.023999929428100586
33.90000009536743,33.962000131607056,0.06200003623962402
33.901000022888184,33.962000131607056,0.06100010871887207
33.901000022888184,33.962000131607056,0.06100010871887207
33.901000022888184,33.92400002479553,0.023000001907348633
33.901000022888184,33.92400002479553,0.023000001907348633
33.901000022888184,33.92400002479553,0.023000001907348633
33.901000022888184,33.92400002479553,0.023000001907348633
33.901000022888184,33.92400002479553,0.023000001907348633
33.94799995422363,33.962000131607056,0.014000177383422852
33.95099997520447,34.013999938964844,0.06299996376037598
33.9520001411438,33.962000131607056,0.009999990463256836
33.9520001411438,34.013999938964844,0.06199979782104492
33.9520001411438,34.015000104904175,0.06299996376037598
33.9520001411438,33.962000131607056,0.009999990463256836
33.9520001411438,33.96300005912781,0.010999917984008789
33.9520001411438,34.013999938964844,0.06199979782104492
33.95300006866455,34.013999938964844,0.06099987030029297
33.95300006866455,34.013999938964844,0.06099987030029297
33.99900007247925,34.02999997138977,0.03099989891052246
34.00200009346008,34.02999997138977,0.0279998779296875
34.00200009346008,34.02999997138977,0.0279998779296875
34.00200009346008,34.02999997138977,0.0279998779296875
34.00200009346008,34.02999997138977,0.0279998779296875
34.00200009346008,34.02999997138977,0.0279998779296875
34.00200009346008,34.02500009536743,0.023000001907348633
34.00200009346008,34.02500009536743,0.023000001907348633
34.003000020980835,34.02500009536743,0.02200007438659668
34.003000020980835,34.02900004386902,0.026000022888183594
34.04900002479553,34.07200002670288,0.023000001907348633
34.049999952316284,34.07200002670288,0.02200007438659668
34.049999952316284,34.07200002670288,0.02200007438659668
34.051000118255615,34.07200002670288,0.020999908447265625
34.051000118255615,34.07200002670288,0.020999908447265625
34.051000118255615,34.07200002670288,0.020999908447265625
34.051000118255615,34.07200002670288,0.020999908447265625
34.05200004577637,34.11500000953674,0.06299996376037598
34.05200004577637,34.11500000953674,0.06299996376037598
34.05299997329712,34.11400008201599,0.06100010871887207
34.10000014305115,34.11500000953674,0.014999866485595703
34.10000014305115,34.11500000953674,0.014999866485595703
34.10000014305115,34.16700005531311,0.06699991226196289
34.10000014305115,34.11500000953674,0.014999866485595703
34.10199999809265,34.11500000953674,0.013000011444091797
34.10199999809265,34.11500000953674,0.013000011444091797
34.10199999809265,34.16700005531311,0.06500005722045898
34.10199999809265,34.16700005531311,0.06500005722045898
34.10199999809265,34.11400008201599,0.012000083923339844
34.1029999256134,34.16799998283386,0.06500005722045898
34.15000009536743,34.17799997329712,0.0279998779296875
34.15000009536743,34.17799997329712,0.0279998779296875
34.15000009536743,34.1710000038147,0.020999908447265625
34.15000009536743,34.17799997329712,0.0279998779296875
34.15000009536743,34.17799997329712,0.0279998779296875
34.15000009536743,34.16700005531311,0.01699995994567871
34.151000022888184,34.17799997329712,0.026999950408935547
34.151000022888184,34.22500014305115,0.07400012016296387
34.151000022888184,34.17799997329712,0.026999950408935547
34.151000022888184,34.17799997329712,0.026999950408935547
34.200000047683716,34.22500014305115,0.02500009536743164
34.200000047683716,34.22500014305115,0.02500009536743164
34.200000047683716,34.27300000190735,0.07299995422363281
34.200000047683716,34.22500014305115,0.02500009536743164
34.200000047683716,34.27300000190735,0.07299995422363281
34.20099997520447,34.22500014305115,0.024000167846679688
34.20099997520447,34.27300000190735,0.07200002670288086
34.20099997520447,34.22500014305115,0.024000167846679688
34.20099997520447,34.22500014305115,0.024000167846679688
34.20099997520447,34.27300000190735,0.07200002670288086
34.25,34.27500009536743,0.02500009536743164
34.25,34.27500009536743,0.02500009536743164
34.25,34.27300000190735,0.023000001907348633
34.25,34.27500009536743,0.02500009536743164
34.25200009346008,34.27500009536743,0.023000001907348633
34.25200009346008,34.27300000190735,0.020999908447265625
34.25200009346008,34.27500009536743,0.023000001907348633
34.25200009346008,34.27500009536743,0.023000001907348633
34.25200009346008,34.27300000190735,0.020999908447265625
34.25200009346008,34.27500009536743,0.023000001907348633
34.299999952316284,34.31100010871887,0.01100015640258789
34.301000118255615,34.367000102996826,0.06599998474121094
34.301000118255615,34.31100010871887,0.009999990463256836
34.301000118255615,34.31100010871887,0.009999990463256836
34.301000118255615,34.31100010871887,0.009999990463256836
34.301000118255615,34.367000102996826,0.06599998474121094
34.301000118255615,34.30999994277954,0.008999824523925781
34.30200004577637,34.367000102996826,0.06500005722045898
34.30200004577637,34.30999994277954,0.007999897003173828
34.30200004577637,34.30999994277954,0.007999897003173828
34.35000014305115,34.378000020980835,0.0279998779296875
34.3510000705719,34.42900013923645,0.07800006866455078
34.3510000705719,34.42900013923645,0.07800006866455078
34.3510000705719,34.378000020980835,0.026999950408935547
34.35199999809265,34.378000020980835,0.026000022888183594
34.35199999809265,34.42900013923645,0.07700014114379883
34.35199999809265,34.37700009346008,0.02500009536743164
34.35199999809265,34.42799997329712,0.07599997520446777
34.35199999809265,34.42799997329712,0.07599997520446777
34.35199999809265,34.42900013923645,0.07700014114379883
34.40000009536743,34.42799997329712,0.0279998779296875
34.401999950408936,34.4300000667572,0.0280001163482666
34.401999950408936,34.430999994277954,0.029000043869018555
34.401999950408936,34.430999994277954,0.029000043869018555
34.401999950408936,34.42900013923645,0.02700018882751465
34.401999950408936,34.4300000667572,0.0280001163482666
34.401999950408936,34.430999994277954,0.029000043869018555
34.401999950408936,34.430999994277954,0.029000043869018555
34.401999950408936,34.430999994277954,0.029000043869018555
34.401999950408936,34.430999994277954,0.029000043869018555
34.450000047683716,34.46500015258789,0.015000104904174805
34.450000047683716,34.51300001144409,0.06299996376037598
34.450000047683716,34.46500015258789,0.015000104904174805
34.450000047683716,34.46500015258789,0.015000104904174805
34.450000047683716,34.46500015258789,0.015000104904174805
34.450000047683716,34.46500015258789,0.015000104904174805
34.450000047683716,34.46500015258789,0.015000104904174805
34.450000047683716,34.46500015258789,0.015000104904174805
34.4520001411438,34.51300001144409,0.06099987030029297
34.4520001411438,34.513999938964844,0.06199979782104492
34.5,34.51300001144409,0.013000011444091797
34.5,34.51300001144409,0.013000011444091797
34.5,34.56700015068054,0.06700015068054199
34.5,34.51300001144409,0.013000011444091797
34.50099992752075,34.56700015068054,0.06600022315979004
34.50099992752075,34.56700015068054,0.06600022315979004
34.50099992752075,34.51300001144409,0.012000083923339844
34.50099992752075,34.56700015068054,0.06600022315979004
34.503000020980835,34.56700015068054,0.06400012969970703
34.503000020980835,34.56700015068054,0.06400012969970703
34.54900002479553,34.5770001411438,0.0280001163482666
34.551000118255615,34.5770001411438,0.026000022888183594
34.551000118255615,34.57599997520447,0.02499985694885254
34.551000118255615,34.621999979019165,0.0709998607635498
34.551000118255615,34.5770001411438,0.026000022888183594
34.551000118255615,34.5770001411438,0.026000022888183594
34.551000118255615,34.621999979019165,0.0709998607635498
34.55200004577637,34.621999979019165,0.06999993324279785
34.55200004577637,34.57599997520447,0.023999929428100586
34.55299997329712,34.621999979019165,0.0690000057220459
34.598000049591064,34.621999979019165,0.023999929428100586
34.60000014305115,34.621999979019165,0.021999835968017578
34.60000014305115,34.66900014877319,0.0690000057220459
34.60000014305115,34.66900014877319,0.0690000057220459
34.60000014305115,34.66900014877319,0.0690000057220459
34.60000014305115,34.66900014877319,0.0690000057220459
34.60000014305115,34.621999979019165,0.021999835968017578
34.60000014305115,34.621999979019165,0.021999835968017578
34.6010000705719,34.66900014877319,0.06800007820129395
34.60199999809265,34.66900014877319,0.06700015068054199
34.65000009536743,34.66900014877319,0.01900005340576172
34.65000009536743,34.6710000038147,0.020999908447265625
34.65000009536743,34.71399998664856,0.06399989128112793
34.65000009536743,34.670000076293945,0.019999980926513672
34.651999950408936,34.670000076293945,0.018000125885009766
34.651999950408936,34.71399998664856,0.06200003623962402
34.651999950408936,34.6710000038147,0.01900005340576172
34.651999950408936,34.6710000038147,0.01900005340576172
34.651999950408936,34.670000076293945,0.018000125885009766
34.65300011634827,34.670000076293945,0.01699995994567871
34.699000120162964,34.71500015258789,0.016000032424926758
34.699000120162964,34.71399998664856,0.014999866485595703
34.700000047683716,34.71399998664856,0.01399993896484375
34.70099997520447,34.765000104904175,0.06400012969970703
34.7020001411438,34.765000104904175,0.06299996376037598
34.7020001411438,34.765000104904175,0.06299996376037598
34.7020001411438,34.76600003242493,0.06399989128112793
34.7020001411438,34.765000104904175,0.06299996376037598
34.7020001411438,34.71399998664856,0.011999845504760742
34.7020001411438,34.76600003242493,0.06399989128112793
34.75,34.8199999332428,0.06999993324279785
34.75099992752075,34.8199999332428,0.0690000057220459
34.75099992752075,34.77800011634827,0.02700018882751465
34.75099992752075,34.8199999332428,0.0690000057220459
34.75099992752075,34.77800011634827,0.02700018882751465
34.75099992752075,34.77800011634827,0.02700018882751465
34.75200009346008,34.77800011634827,0.026000022888183594
34.75200009346008,34.8199999332428,0.06799983978271484
34.75200009346008,34.8199999332428,0.06799983978271484
34.753000020980835,34.77800011634827,0.02500009536743164
34.799999952316284,34.86400008201599,0.06400012969970703
34.799999952316284,34.86400008201599,0.06400012969970703
34.799999952316284,34.86400008201599,0.06400012969970703
34.799999952316284,34.86400008201599,0.06400012969970703
34.799999952316284,34.8199999332428,0.019999980926513672
34.799999952316284,34.8199999332428,0.019999980926513672
34.799999952316284,34.8199999332428,0.019999980926513672
34.801000118255615,34.8199999332428,0.018999814987182617
34.801000118255615,34.86400008201599,0.06299996376037598
34.80200004577637,34.86400008201599,0.06200003623962402
34.85000014305115,34.86899995803833,0.018999814987182617
34.85000014305115,34.86400008201599,0.01399993896484375
34.85199999809265,34.91199994087219,0.059999942779541016
34.85199999809265,34.86400008201599,0.012000083923339844
34.85199999809265,34.91199994087219,0.059999942779541016
34.85199999809265,34.86899995803833,0.01699995994567871
34.85199999809265,34.86899995803833,0.01699995994567871
34.85199999809265,34.86899995803833,0.01699995994567871
34.85199999809265,34.86899995803833,0.01699995994567871
34.85199999809265,34.91199994087219,0.059999942779541016
34.90000009536743,34.98099994659424,0.08099985122680664
34.90000009536743,34.9300000667572,0.029999971389770508
34.90000009536743,34.980000019073486,0.07999992370605469
34.90000009536743,34.9300000667572,0.029999971389770508
34.901999950408936,34.98099994659424,0.07899999618530273
34.901999950408936,34.92900013923645,0.02700018882751465
34.901999950408936,34.930999994277954,0.029000043869018555
34.901999950408936,34.980000019073486,0.07800006866455078
34.901999950408936,34.92900013923645,0.02700018882751465
34.90300011634827,34.9300000667572,0.026999950408935547
34.950000047683716,34.98300004005432,0.03299999237060547
34.950000047683716,34.98300004005432,0.03299999237060547
34.950000047683716,34.98300004005432,0.03299999237060547
34.950000047683716,34.980000019073486,0.029999971389770508
34.950000047683716,34.98300004005432,0.03299999237060547
34.950000047683716,34.98300004005432,0.03299999237060547
34.9520001411438,34.98300004005432,0.03099989891052246
34.9520001411438,34.98099994659424,0.028999805450439453
34.9520001411438,34.98200011253357,0.029999971389770508
34.9520001411438,34.980000019073486,0.0279998779296875
35.0,35.015000104904175,0.015000104904174805
35.00099992752075,35.015000104904175,0.014000177383422852
35.00099992752075,35.06400012969971,0.06300020217895508
35.00200009346008,35.06400012969971,0.06200003623962402
35.00200009346008,35.015000104904175,0.013000011444091797
35.00200009346008,35.015000104904175,0.013000011444091797
35.00200009346008,35.015000104904175,0.013000011444091797
35.00200009346008,35.015000104904175,0.013000011444091797
35.00200009346008,35.06400012969971,0.06200003623962402
35.00200009346008,35.015000104904175,0.013000011444091797
35.04800009727478,35.111000061035156,0.06299996376037598
35.051000118255615,35.111000061035156,0.059999942779541016
35.051000118255615,35.0789999961853,0.0279998779296875
35.051000118255615,35.111000061035156,0.059999942779541016
35.051000118255615,35.0789999961853,0.0279998779296875
35.051000118255615,35.0789999961853,0.0279998779296875
35.051000118255615,35.111000061035156,0.059999942779541016
35.051000118255615,35.0789999961853,0.0279998779296875
35.051000118255615,35.111000061035156,0.059999942779541016
35.051000118255615,35.06400012969971,0.013000011444091797
35.10000014305115,35.121999979019165,0.021999835968017578
35.10199999809265,35.16600012779236,0.06400012969970703
35.10199999809265,35.12100005149841,0.01900005340576172
35.10199999809265,35.121999979019165,0.019999980926513672
35.10199999809265,35.121999979019165,0.019999980926513672
35.10199999809265,35.12100005149841,0.01900005340576172
35.10199999809265,35.12100005149841,0.01900005340576172
35.10199999809265,35.111000061035156,0.009000062942504883
35.10199999809265,35.121999979019165,0.019999980926513672
35.10199999809265,35.16600012779236,0.06400012969970703
35.15000009536743,35.21399998664856,0.06399989128112793
35.15000009536743,35.21399998664856,0.06399989128112793
35.15000009536743,35.16600012779236,0.016000032424926758
35.15000009536743,35.16600012779236,0.016000032424926758
35.15000009536743,35.21500015258789,0.06500005722045898
35.151999950408936,35.21399998664856,0.06200003623962402
35.151999950408936,35.16700005531311,0.015000104904174805
35.151999950408936,35.21399998664856,0.06200003623962402
35.151999950408936,35.21399998664856,0.06200003623962402
35.15300011634827,35.16600012779236,0.013000011444091797
35.199000120162964,35.265000104904175,0.06599998474121094
35.200000047683716,35.21399998664856,0.01399993896484375
35.200000047683716,35.265000104904175,0.06500005722045898
35.200000047683716,35.230000019073486,0.029999971389770508
35.200000047683716,35.230000019073486,0.029999971389770508
35.20099997520447,35.21399998664856,0.013000011444091797
35.20099997520447,35.265000104904175,0.06400012969970703
35.2020001411438,35.230000019073486,0.0279998779296875
35.2020001411438,35.230000019073486,0.0279998779296875
35.2020001411438,35.21399998664856,0.011999845504760742
35.25,35.31500005722046,0.06500005722045898
35.25,35.2739999294281,0.023999929428100586
35.25,35.2739999294281,0.023999929428100586
35.25,35.2739999294281,0.023999929428100586
35.25,35.27300000190735,0.023000001907348633
35.25,35.31500005722046,0.06500005722045898
35.25200009346008,35.2739999294281,0.021999835968017578
35.253000020980835,35.2739999294281,0.020999908447265625
35.253000020980835,35.27300000190735,0.019999980926513672
35.253000020980835,35.263999938964844,0.010999917984008789
35.299999952316284,35.365999937057495,0.06599998474121094
35.301000118255615,35.31599998474121,0.014999866485595703
35.301000118255615,35.365999937057495,0.06499981880187988
35.301000118255615,35.31500005722046,0.01399993896484375
35.301000118255615,35.365999937057495,0.06499981880187988
35.30200004577637,35.365999937057495,0.06399989128112793
35.30200004577637,35.31500005722046,0.013000011444091797
35.30200004577637,35.31500005722046,0.013000011444091797
35.30200004577637,35.31500005722046,0.013000011444091797
35.30200004577637,35.367000102996826,0.06500005722045898
35.35000014305115,35.365999937057495,0.015999794006347656
35.35000014305115,35.365999937057495,0.015999794006347656
35.35000014305115,35.38000011444092,0.029999971389770508
35.35000014305115,35.38000011444092,0.029999971389770508
35.35000014305115,35.367000102996826,0.01699995994567871
35.3510000705719,35.38000011444092,0.029000043869018555
35.3510000705719,35.42199993133545,0.0709998607635498
35.35199999809265,35.42199993133545,0.06999993324279785
35.3529999256134,35.38000011444092,0.02700018882751465
35.3529999256134,35.38000011444092,0.02700018882751465
35.40000009536743,35.42199993133545,0.021999835968017578
35.40000009536743,35.42700004577637,0.026999950408935547
35.40000009536743,35.426000118255615,0.026000022888183594
35.401000022888184,35.426000118255615,0.02500009536743164
35.401000022888184,35.42700004577637,0.026000022888183594
35.401000022888184,35.42700004577637,0.026000022888183594
35.401000022888184,35.42199993133545,0.020999908447265625
35.401000022888184,35.42700004577637,0.026000022888183594
35.401999950408936,35.42700004577637,0.02500009536743164
35.401999950408936,35.47699999809265,0.07500004768371582
35.450000047683716,35.51600003242493,0.06599998474121094
35.450000047683716,35.47699999809265,0.026999950408935547
35.450000047683716,35.515000104904175,0.06500005722045898
35.450000047683716,35.515000104904175,0.06500005722045898
35.450000047683716,35.47699999809265,0.026999950408935547
35.450000047683716,35.47699999809265,0.026999950408935547
35.450000047683716,35.47699999809265,0.026999950408935547
35.45099997520447,35.515000104904175,0.06400012969970703
35.45099997520447,35.47699999809265,0.026000022888183594
35.45300006866455,35.47699999809265,0.023999929428100586
35.498000144958496,35.568000078201294,0.06999993324279785
35.50099992752075,35.568000078201294,0.06700015068054199
35.50099992752075,35.515000104904175,0.014000177383422852
35.50099992752075,35.568000078201294,0.06700015068054199
35.50099992752075,35.515000104904175,0.014000177383422852
35.50099992752075,35.515000104904175,0.014000177383422852
35.50099992752075,35.51600003242493,0.015000104904174805
35.50099992752075,35.568000078201294,0.06700015068054199
35.50099992752075,35.568000078201294,0.06700015068054199
35.50099992752075,35.568000078201294,0.06700015068054199
35.549999952316284,35.57599997520447,0.026000022888183594
35.551000118255615,35.57599997520447,0.02499985694885254
35.551000118255615,35.62100005149841,0.06999993324279785
35.55200004577637,35.62100005149841,0.0690000057220459
35.55200004577637,35.57599997520447,0.023999929428100586
35.55200004577637,35.62100005149841,0.0690000057220459
35.55200004577637,35.62000012397766,0.06800007820129395
35.55200004577637,35.568000078201294,0.016000032424926758
35.55299997329712,35.62100005149841,0.06800007820129395
35.55299997329712,35.57599997520447,0.023000001907348633
35.598999977111816,35.66199994087219,0.06299996376037598
35.60199999809265,35.66199994087219,0.059999942779541016
35.60199999809265,35.623000144958496,0.021000146865844727
35.60199999809265,35.62100005149841,0.01900005340576172
35.60199999809265,35.623000144958496,0.021000146865844727
35.60199999809265,35.623000144958496,0.021000146865844727
35.60199999809265,35.623000144958496,0.021000146865844727
35.60199999809265,35.66199994087219,0.059999942779541016
35.60199999809265,35.623000144958496,0.021000146865844727
35.60199999809265,35.66300010681152,0.06100010871887207
35.6489999294281,35.67199993133545,0.023000001907348633
35.65000009536743,35.6710000038147,0.020999908447265625
35.65000009536743,35.6710000038147,0.020999908447265625
35.65000009536743,35.67199993133545,0.021999835968017578
35.651000022888184,35.6710000038147,0.019999980926513672
35.651000022888184,35.66300010681152,0.012000083923339844
35.651000022888184,35.66199994087219,0.010999917984008789
35.651999950408936,35.66199994087219,0.009999990463256836
35.65300011634827,35.6710000038147,0.017999887466430664
35.65300011634827,35.6710000038147,0.017999887466430664
35.700000047683716,35.72699999809265,0.026999950408935547
35.7020001411438,35.72699999809265,0.02499985694885254
35.7020001411438,35.72699999809265,0.02499985694885254
35.7020001411438,35.72699999809265,0.02499985694885254
35.7020001411438,35.7720000743866,0.06999993324279785
35.7020001411438,35.7720000743866,0.06999993324279785
35.7020001411438,35.7720000743866,0.06999993324279785
35.7020001411438,35.72699999809265,0.02499985694885254
35.7020001411438,35.72699999809265,0.02499985694885254
35.7020001411438,35.717000007629395,0.014999866485595703
35.748000144958496,35.7720000743866,0.023999929428100586
35.74900007247925,35.7720000743866,0.023000001907348633
35.74900007247925,35.776000022888184,0.026999950408935547
35.75,35.77500009536743,0.02500009536743164
35.75,35.77500009536743,0.02500009536743164
35.75,35.776000022888184,0.026000022888183594
35.75099992752075,35.7720000743866,0.021000146865844727
35.75099992752075,35.776000022888184,0.02500009536743164
35.75099992752075,35.77500009536743,0.024000167846679688
35.75099992752075,35.77500009536743,0.024000167846679688
35.799999952316284,35.865999937057495,0.06599998474121094
35.799999952316284,35.86500000953674,0.06500005722045898
35.799999952316284,35.81700015068054,0.017000198364257812
35.799999952316284,35.81700015068054,0.017000198364257812
35.799999952316284,35.865999937057495,0.06599998474121094
35.801000118255615,35.865999937057495,0.06499981880187988
35.801000118255615,35.81599998474121,0.014999866485595703
35.801000118255615,35.81700015068054,0.016000032424926758
35.801000118255615,35.865999937057495,0.06499981880187988
35.80299997329712,35.81700015068054,0.014000177383422852
35.85000014305115,35.88000011444092,0.029999971389770508
35.8510000705719,35.88000011444092,0.029000043869018555
35.8510000705719,35.865999937057495,0.014999866485595703
35.8510000705719,35.88000011444092,0.029000043869018555
35.8510000705719,35.88000011444092,0.029000043869018555
35.85199999809265,35.88000011444092,0.0280001163482666
35.85199999809265,35.88000011444092,0.0280001163482666
35.85199999809265,35.92799997329712,0.07599997520446777
35.85199999809265,35.865999937057495,0.01399993896484375
35.85199999809265,35.865999937057495,0.01399993896484375
35.90000009536743,35.92799997329712,0.0279998779296875
35.901000022888184,35.9300000667572,0.029000043869018555
35.901999950408936,35.92799997329712,0.026000022888183594
35.901999950408936,35.9300000667572,0.0280001163482666
35.901999950408936,35.9300000667572,0.0280001163482666
35.901999950408936,35.9300000667572,0.0280001163482666
35.901999950408936,35.92799997329712,0.026000022888183594
35.901999950408936,35.9300000667572,0.0280001163482666
35.90300011634827,35.9300000667572,0.026999950408935547
35.90300011634827,35.9300000667572,0.026999950408935547
35.950000047683716,36.01900005340576,0.0690000057220459
35.950000047683716,35.973000049591064,0.023000001907348633
35.95099997520447,36.01900005340576,0.06800007820129395
35.95099997520447,35.973000049591064,0.02200007438659668
35.9520001411438,35.973000049591064,0.020999908447265625
35.9520001411438,36.01900005340576,0.06699991226196289
35.9520001411438,36.01800012588501,0.06599998474121094
35.9520001411438,35.973000049591064,0.020999908447265625
35.9520001411438,35.973000049591064,0.020999908447265625
35.9520001411438,36.019999980926514,0.06799983978271484
36.0,36.0220000743866,0.02200007438659668
36.00200009346008,36.06500005722046,0.06299996376037598
36.00200009346008,36.01900005340576,0.01699995994567871
36.00200009346008,36.0220000743866,0.019999980926513672
36.00200009346008,36.0220000743866,0.019999980926513672
36.00200009346008,36.0220000743866,0.019999980926513672
36.00200009346008,36.0220000743866,0.019999980926513672
36.00200009346008,36.0220000743866,0.019999980926513672
36.00200009346008,36.019999980926514,0.017999887466430664
36.00200009346008,36.0220000743866,0.019999980926513672
36.049999952316284,36.06500005722046,0.015000104904174805
36.051000118255615,36.07800006866455,0.026999950408935547
36.051000118255615,36.12400007247925,0.07299995422363281
36.051000118255615,36.12400007247925,0.07299995422363281
36.051000118255615,36.06500005722046,0.01399993896484375
36.05200004577637,36.0789999961853,0.026999950408935547
36.05200004577637,36.07800006866455,0.026000022888183594
36.05200004577637,36.07800006866455,0.026000022888183594
36.05200004577637,36.07800006866455,0.026000022888183594
36.05200004577637,36.12400007247925,0.07200002670288086
36.098999977111816,36.12400007247925,0.02500009536743164
36.10000014305115,36.12400007247925,0.023999929428100586
36.10000014305115,36.125,0.02499985694885254
36.10000014305115,36.12400007247925,0.023999929428100586
36.1010000705719,36.12599992752075,0.02499985694885254
36.1010000705719,36.125,0.023999929428100586
36.1010000705719,36.125,0.023999929428100586
36.10199999809265,36.125,0.023000001907348633
36.10199999809265,36.12599992752075,0.023999929428100586
36.10199999809265,36.125,0.023000001907348633
36.15000009536743,36.22000002861023,0.06999993324279785
36.15000009536743,36.22000002861023,0.06999993324279785
36.15000009536743,36.16900014877319,0.01900005340576172
36.151999950408936,36.22000002861023,0.06800007820129395
36.151999950408936,36.16900014877319,0.017000198364257812
36.151999950408936,36.16900014877319,0.017000198364257812
36.151999950408936,36.22000002861023,0.06800007820129395
36.151999950408936,36.16900014877319,0.017000198364257812
36.151999950408936,36.16900014877319,0.017000198364257812
36.151999950408936,36.21900010108948,0.06700015068054199
36.19799995422363,36.22200012207031,0.024000167846679688
36.200000047683716,36.22099995613098,0.020999908447265625
36.200000047683716,36.22099995613098,0.020999908447265625
36.200000047683716,36.22000002861023,0.019999980926513672
36.200000047683716,36.22099995613098,0.020999908447265625
36.20099997520447,36.22099995613098,0.019999980926513672
36.20099997520447,36.22200012207031,0.021000146865844727
36.20099997520447,36.22099995613098,0.019999980926513672
36.20099997520447,36.22000002861023,0.01900005340576172
36.20099997520447,36.22000002861023,0.01900005340576172
36.25,36.276000022888184,0.026000022888183594
36.25,36.31700015068054,0.06700015068054199
36.25099992752075,36.276000022888184,0.02500009536743164
36.25200009346008,36.276000022888184,0.023999929428100586
36.25200009346008,36.276000022888184,0.023999929428100586
36.25200009346008,36.31700015068054,0.06500005722045898
36.25200009346008,36.31700015068054,0.06500005722045898
36.25200009346008,36.276000022888184,0.023999929428100586
36.25200009346008,36.31700015068054,0.06500005722045898
36.25200009346008,36.276000022888184,0.023999929428100586
36.29900002479553,36.318000078201294,0.01900005340576172
36.299999952316284,36.31700015068054,0.017000198364257812
36.299999952316284,36.318000078201294,0.018000125885009766
36.299999952316284,36.361000061035156,0.06100010871887207
36.299999952316284,36.36199998855591,0.06200003623962402
36.299999952316284,36.36199998855591,0.06200003623962402
36.301000118255615,36.318000078201294,0.01699995994567871
36.301000118255615,36.36199998855591,0.06099987030029297
36.30200004577637,36.36199998855591,0.059999942779541016
36.30200004577637,36.361000061035156,0.05900001525878906
36.348999977111816,36.38199996948242,0.03299999237060547
36.35199999809265,36.38199996948242,0.029999971389770508
36.35199999809265,36.367000102996826,0.015000104904174805
36.35199999809265,36.38199996948242,0.029999971389770508
36.35199999809265,36.38100004196167,0.029000043869018555
36.354000091552734,36.38100004196167,0.026999950408935547
36.354000091552734,36.367000102996826,0.013000011444091797
36.354000091552734,36.38199996948242,0.0279998779296875
36.354000091552734,36.367000102996826,0.013000011444091797
36.354000091552734,36.367000102996826,0.013000011444091797
36.3989999294281,36.42199993133545,0.023000001907348633
36.401999950408936,36.42300009727478,0.021000146865844727
36.401999950408936,36.4300000667572,0.0280001163482666
36.401999950408936,36.4300000667572,0.0280001163482666
36.401999950408936,36.4300000667572,0.0280001163482666
36.401999950408936,36.473000049591064,0.0710000991821289
36.401999950408936,36.4300000667572,0.0280001163482666
36.401999950408936,36.4300000667572,0.0280001163482666
36.401999950408936,36.4300000667572,0.0280001163482666
36.401999950408936,36.4300000667572,0.0280001163482666
36.450000047683716,36.473000049591064,0.023000001907348633
36.4520001411438,36.473000049591064,0.020999908447265625
36.4520001411438,36.473000049591064,0.020999908447265625
36.4520001411438,36.473000049591064,0.020999908447265625
36.4520001411438,36.47200012207031,0.019999980926513672
36.4520001411438,36.51200008392334,0.059999942779541016
36.4520001411438,36.51200008392334,0.059999942779541016
36.4520001411438,36.51200008392334,0.059999942779541016
36.4520001411438,36.473000049591064,0.020999908447265625
36.4520001411438,36.51200008392334,0.059999942779541016
36.5,36.51200008392334,0.012000083923339844
36.50099992752075,36.51200008392334,0.01100015640258789
36.50099992752075,36.51699995994568,0.016000032424926758
36.50099992752075,36.51699995994568,0.016000032424926758
36.50099992752075,36.51699995994568,0.016000032424926758
36.50099992752075,36.51699995994568,0.016000032424926758
36.50099992752075,36.51699995994568,0.016000032424926758
36.50200009346008,36.51699995994568,0.014999866485595703
36.503000020980835,36.51300001144409,0.009999990463256836
36.503000020980835,36.51699995994568,0.01399993896484375
36.549999952316284,36.5770001411438,0.02700018882751465
36.551000118255615,36.61800003051758,0.06699991226196289
36.551000118255615,36.57800006866455,0.026999950408935547
36.55200004577637,36.57800006866455,0.026000022888183594
36.55200004577637,36.5770001411438,0.02500009536743164
36.55200004577637,36.568000078201294,0.016000032424926758
36.55200004577637,36.568000078201294,0.016000032424926758
36.55200004577637,36.57800006866455,0.026000022888183594
36.55200004577637,36.5770001411438,0.02500009536743164
36.55299997329712,36.617000102996826,0.06400012969970703
36.598999977111816,36.61800003051758,0.01900005340576172
36.6010000705719,36.625,0.023999929428100586
36.6010000705719,36.625,0.023999929428100586
36.6010000705719,36.625,0.023999929428100586
36.60199999809265,36.62599992752075,0.023999929428100586
36.60199999809265,36.625,0.023000001907348633
36.60199999809265,36.625,0.023000001907348633
36.60199999809265,36.66900014877319,0.06700015068054199
36.60199999809265,36.66900014877319,0.06700015068054199
36.60199999809265,36.625,0.023000001907348633
36.6489999294281,36.66900014877319,0.020000219345092773
36.651000022888184,36.66900014877319,0.018000125885009766
36.651000022888184,36.66900014877319,0.018000125885009766
36.651000022888184,36.71600008010864,0.06500005722045898
36.651000022888184,36.71600008010864,0.06500005722045898
36.651000022888184,36.717000007629395,0.06599998474121094
36.651000022888184,36.717000007629395,0.06599998474121094
36.651000022888184,36.71600008010864,0.06500005722045898
36.651000022888184,36.66900014877319,0.018000125885009766
36.651000022888184,36.66900014877319,0.018000125885009766
36.700000047683716,36.717000007629395,0.01699995994567871
36.700000047683716,36.71900010108948,0.01900005340576172
36.700000047683716,36.763999938964844,0.06399989128112793
36.700000047683716,36.717000007629395,0.01699995994567871
36.7020001411438,36.71900010108948,0.01699995994567871
36.7020001411438,36.71900010108948,0.01699995994567871
36.70300006866455,36.765000104904175,0.06200003623962402
36.70300006866455,36.72000002861023,0.01699995994567871
36.70300006866455,36.71900010108948,0.016000032424926758
36.705000162124634,36.765000104904175,0.059999942779541016
36.74900007247925,36.7739999294281,0.02499985694885254
36.75099992752075,36.7739999294281,0.023000001907348633
36.75099992752075,36.77800011634827,0.02700018882751465
36.75099992752075,36.77800011634827,0.02700018882751465
36.75099992752075,36.77800011634827,0.02700018882751465
36.75200009346008,36.77800011634827,0.026000022888183594
36.75200009346008,36.77800011634827,0.026000022888183594
36.75200009346008,36.77800011634827,0.026000022888183594
36.75200009346008,36.7739999294281,0.021999835968017578
36.75200009346008,36.77800011634827,0.026000022888183594
36.799999952316284,36.8199999332428,0.019999980926513672
36.799999952316284,36.8199999332428,0.019999980926513672
36.799999952316284,36.867000102996826,0.06700015068054199
36.801000118255615,36.867000102996826,0.06599998474121094
36.801000118255615,36.867000102996826,0.06599998474121094
36.801000118255615,36.8199999332428,0.018999814987182617
36.801000118255615,36.8199999332428,0.018999814987182617
36.80200004577637,36.8199999332428,0.017999887466430664
36.80200004577637,36.8199999332428,0.017999887466430664
36.80299997329712,36.8199999332428,0.01699995994567871
36.85000014305115,36.91199994087219,0.06199979782104492
36.85000014305115,36.865999937057495,0.015999794006347656
36.85000014305115,36.91199994087219,0.06199979782104492
36.85000014305115,36.91199994087219,0.06199979782104492
36.85000014305115,36.91199994087219,0.06199979782104492
36.85199999809265,36.91199994087219,0.059999942779541016
36.85199999809265,36.865999937057495,0.01399993896484375
36.85199999809265,36.91199994087219,0.059999942779541016
36.85199999809265,36.865999937057495,0.01399993896484375
36.8529999256134,36.865999937057495,0.013000011444091797
36.90000009536743,36.960999965667725,0.06099987030029297
36.90000009536743,36.960999965667725,0.06099987030029297
36.90000009536743,36.91499996185303,0.014999866485595703
36.901000022888184,36.91499996185303,0.01399993896484375
36.901000022888184,36.960999965667725,0.059999942779541016
36.901000022888184,36.91499996185303,0.01399993896484375
36.901000022888184,36.91499996185303,0.01399993896484375
36.901000022888184,36.91499996185303,0.01399993896484375
36.901000022888184,36.960999965667725,0.059999942779541016
36.901999950408936,36.960999965667725,0.05900001525878906
36.949000120162964,36.97500014305115,0.026000022888183594
36.95099997520447,37.026000022888184,0.07500004768371582
36.95099997520447,37.026000022888184,0.07500004768371582
36.95099997520447,37.026000022888184,0.07500004768371582
36.9520001411438,36.97500014305115,0.023000001907348633
36.9520001411438,36.97500014305115,0.023000001907348633
36.9520001411438,36.97500014305115,0.023000001907348633
36.9520001411438,37.026000022888184,0.07399988174438477
36.9520001411438,37.026000022888184,0.07399988174438477
36.9520001411438,36.97500014305115,0.023000001907348633
37.0,37.026000022888184,0.026000022888183594
37.00099992752075,37.062999963760376,0.06200003623962402
37.00099992752075,37.026999950408936,0.026000022888183594
37.00099992752075,37.026999950408936,0.026000022888183594
37.00200009346008,37.02800011634827,0.026000022888183594
37.003000020980835,37.026000022888184,0.023000001907348633
37.003000020980835,37.026999950408936,0.023999929428100586
37.003000020980835,37.026999950408936,0.023999929428100586
37.003000020980835,37.02800011634827,0.02500009536743164
37.003000020980835,37.026999950408936,0.023999929428100586
37.04800009727478,37.062999963760376,0.014999866485595703
37.051000118255615,37.110000133514404,0.05900001525878906
37.051000118255615,37.06400012969971,0.013000011444091797
37.051000118255615,37.062999963760376,0.011999845504760742
37.051000118255615,37.110000133514404,0.05900001525878906
37.051000118255615,37.062999963760376,0.011999845504760742
37.051000118255615,37.062999963760376,0.011999845504760742
37.051000118255615,37.110000133514404,0.05900001525878906
37.051000118255615,37.110000133514404,0.05900001525878906
37.051000118255615,37.06400012969971,0.013000011444091797
37.098999977111816,37.128000020980835,0.029000043869018555
37.10000014305115,37.110000133514404,0.009999990463256836
37.10000014305115,37.128000020980835,0.0279998779296875
37.10000014305115,37.128000020980835,0.0279998779296875
37.10000014305115,37.110000133514404,0.009999990463256836
37.10000014305115,37.128000020980835,0.0279998779296875
37.10000014305115,37.128000020980835,0.0279998779296875
37.1010000705719,37.17700004577637,0.07599997520446777
37.1010000705719,37.128000020980835,0.026999950408935547
37.1029999256134,37.128000020980835,0.02500009536743164
37.15000009536743,37.223000049591064,0.07299995422363281
37.15000009536743,37.223000049591064,0.07299995422363281
37.15000009536743,37.17700004577637,0.026999950408935547
37.15000009536743,37.17700004577637,0.026999950408935547
37.15000009536743,37.22200012207031,0.07200002670288086
37.15000009536743,37.223000049591064,0.07299995422363281
37.15000009536743,37.223000049591064,0.07299995422363281
37.15300011634827,37.17700004577637,0.023999929428100586
37.15300011634827,37.17700004577637,0.023999929428100586
37.15300011634827,37.223000049591064,0.06999993324279785
37.199000120162964,37.26600003242493,0.06699991226196289
37.200000047683716,37.223999977111816,0.023999929428100586
37.20099997520447,37.223999977111816,0.023000001907348633
37.20099997520447,37.265000104904175,0.06400012969970703
37.20099997520447,37.223000049591064,0.02200007438659668
37.20099997520447,37.22500014305115,0.024000167846679688
37.20099997520447,37.22500014305115,0.024000167846679688
37.2020001411438,37.223999977111816,0.021999835968017578
37.20300006866455,37.223999977111816,0.020999908447265625
37.20300006866455,37.223999977111816,0.020999908447265625
37.25,37.26600003242493,0.016000032424926758
37.25,37.265000104904175,0.015000104904174805
37.25099992752075,37.318000078201294,0.06700015068054199
37.25200009346008,37.26600003242493,0.01399993896484375
37.25200009346008,37.318000078201294,0.06599998474121094
37.25200009346008,37.318000078201294,0.06599998474121094
37.25200009346008,37.265000104904175,0.013000011444091797
37.25200009346008,37.26600003242493,0.01399993896484375
37.25200009346008,37.265000104904175,0.013000011444091797
37.25200009346008,37.265000104904175,0.013000011444091797
37.299999952316284,37.373000144958496,0.07300019264221191
37.30200004577637,37.373000144958496,0.0710000991821289
37.30200004577637,37.32800006866455,0.026000022888183594
37.30200004577637,37.371999979019165,0.06999993324279785
37.30200004577637,37.32800006866455,0.026000022888183594
37.30200004577637,37.32800006866455,0.026000022888183594
37.30200004577637,37.371999979019165,0.06999993324279785
37.30200004577637,37.371999979019165,0.06999993324279785
37.30200004577637,37.32800006866455,0.026000022888183594
37.30200004577637,37.371999979019165,0.06999993324279785
37.348000049591064,37.37400007247925,0.026000022888183594
37.348999977111816,37.37400007247925,0.02500009536743164
37.348999977111816,37.37400007247925,0.02500009536743164
37.35000014305115,37.375,0.02499985694885254
37.35000014305115,37.37400007247925,0.023999929428100586
37.35000014305115,37.371999979019165,0.021999835968017578
37.3510000705719,37.37400007247925,0.023000001907348633
37.3510000705719,37.373000144958496,0.02200007438659668
37.3510000705719,37.414000034332275,0.06299996376037598
37.3510000705719,37.375,0.023999929428100586
37.3989999294281,37.460999965667725,0.06200003623962402
37.401999950408936,37.414000034332275,0.012000083923339844
37.401999950408936,37.414000034332275,0.012000083923339844
37.401999950408936,37.414000034332275,0.012000083923339844
37.401999950408936,37.414000034332275,0.012000083923339844
37.401999950408936,37.414000034332275,0.012000083923339844
37.401999950408936,37.460999965667725,0.05900001525878906
37.401999950408936,37.460999965667725,0.05900001525878906
37.401999950408936,37.414000034332275,0.012000083923339844
37.401999950408936,37.462000131607056,0.06000018119812012
37.449000120162964,37.460999965667725,0.011999845504760742
37.450000047683716,37.4779999256134,0.0279998779296875
37.450000047683716,37.4779999256134,0.0279998779296875
37.450000047683716,37.460999965667725,0.010999917984008789
37.450000047683716,37.4779999256134,0.0279998779296875
37.45099997520447,37.4779999256134,0.026999950408935547
37.45099997520447,37.460999965667725,0.009999990463256836
37.4520001411438,37.4779999256134,0.025999784469604492
37.4520001411438,37.4779999256134,0.025999784469604492
37.4520001411438,37.5310001373291,0.07899999618530273
37.5,37.53200006484985,0.032000064849853516
37.5,37.52999997138977,0.029999971389770508
37.5,37.52999997138977,0.029999971389770508
37.50099992752075,37.53200006484985,0.031000137329101562
37.50099992752075,37.53200006484985,0.031000137329101562
37.50099992752075,37.5310001373291,0.03000020980834961
37.50099992752075,37.53200006484985,0.031000137329101562
37.50200009346008,37.53200006484985,0.029999971389770508
37.50200009346008,37.53200006484985,0.029999971389770508
37.503000020980835,37.53200006484985,0.029000043869018555
37.54900002479553,37.568000078201294,0.01900005340576172
37.549999952316284,37.568000078201294,0.018000125885009766
37.55200004577637,37.61400008201599,0.06200003623962402
37.55200004577637,37.568000078201294,0.016000032424926758
37.55200004577637,37.568000078201294,0.016000032424926758
37.55200004577637,37.568000078201294,0.016000032424926758
37.55200004577637,37.568000078201294,0.016000032424926758
37.55200004577637,37.61400008201599,0.06200003623962402
37.55200004577637,37.61400008201599,0.06200003623962402
37.55200004577637,37.568000078201294,0.016000032424926758
37.60000014305115,37.61400008201599,0.01399993896484375
37.60199999809265,37.61400008201599,0.012000083923339844
37.60199999809265,37.6710000038147,0.0690000057220459
37.60199999809265,37.61400008201599,0.012000083923339844
37.60199999809265,37.61400008201599,0.012000083923339844
37.60199999809265,37.6710000038147,0.0690000057220459
37.60199999809265,37.67199993133545,0.06999993324279785
37.60199999809265,37.6710000038147,0.0690000057220459
37.60199999809265,37.61400008201599,0.012000083923339844
37.6029999256134,37.67199993133545,0.0690000057220459
37.64800000190735,37.680999994277954,0.03299999237060547
37.651000022888184,37.680999994277954,0.029999971389770508
37.651000022888184,37.72500014305115,0.07400012016296387
37.651999950408936,37.72500014305115,0.07300019264221191
37.651999950408936,37.72500014305115,0.07300019264221191
37.651999950408936,37.72500014305115,0.07300019264221191
37.651999950408936,37.680999994277954,0.029000043869018555
37.651999950408936,37.6800000667572,0.0280001163482666
37.651999950408936,37.72500014305115,0.07300019264221191
37.651999950408936,37.72500014305115,0.07300019264221191
37.69799995422363,37.72500014305115,0.02700018882751465
37.70099997520447,37.72699999809265,0.026000022888183594
37.7020001411438,37.72699999809265,0.02499985694885254
37.7020001411438,37.72699999809265,0.02499985694885254
37.7020001411438,37.77300000190735,0.0709998607635498
37.7020001411438,37.72699999809265,0.02499985694885254
37.7020001411438,37.72699999809265,0.02499985694885254
37.7020001411438,37.72699999809265,0.02499985694885254
37.7020001411438,37.72699999809265,0.02499985694885254
37.7020001411438,37.72500014305115,0.023000001907348633
37.74900007247925,37.77300000190735,0.023999929428100586
37.75,37.80900001525879,0.05900001525878906
37.75,37.80900001525879,0.05900001525878906
37.75200009346008,37.77300000190735,0.020999908447265625
37.75200009346008,37.80900001525879,0.056999921798706055
37.75200009346008,37.77300000190735,0.020999908447265625
37.75200009346008,37.77300000190735,0.020999908447265625
37.75200009346008,37.77300000190735,0.020999908447265625
37.75200009346008,37.77300000190735,0.020999908447265625
37.75200009346008,37.80900001525879,0.056999921798706055
37.79699993133545,37.80900001525879,0.012000083923339844
37.799999952316284,37.80900001525879,0.009000062942504883
37.799999952316284,37.80900001525879,0.009000062942504883
37.799999952316284,37.865999937057495,0.06599998474121094
37.799999952316284,37.865999937057495,0.06599998474121094
37.799999952316284,37.80900001525879,0.009000062942504883
37.799999952316284,37.86500000953674,0.06500005722045898
37.799999952316284,37.80900001525879,0.009000062942504883
37.799999952316284,37.865999937057495,0.06599998474121094
37.801000118255615,37.86500000953674,0.06399989128112793
37.85000014305115,37.87700009346008,0.026999950408935547
37.85199999809265,37.92199993133545,0.06999993324279785
37.85199999809265,37.87700009346008,0.02500009536743164
37.85199999809265,37.87700009346008,0.02500009536743164
37.85199999809265,37.87700009346008,0.02500009536743164
37.85199999809265,37.92199993133545,0.06999993324279785
37.85199999809265,37.87599992752075,0.023999929428100586
37.8529999256134,37.87599992752075,0.023000001907348633
37.8529999256134,37.87700009346008,0.024000167846679688
37.8529999256134,37.92199993133545,0.0690000057220459
37.8989999294281,37.92199993133545,0.023000001907348633
37.90000009536743,37.96799993515015,0.06799983978271484
37.90000009536743,37.92199993133545,0.021999835968017578
37.901000022888184,37.92199993133545,0.020999908447265625
37.901999950408936,37.967000007629395,0.06500005722045898
37.901999950408936,37.96799993515015,0.06599998474121094
37.901999950408936,37.92199993133545,0.019999980926513672
37.901999950408936,37.92199993133545,0.019999980926513672
37.901999950408936,37.96799993515015,0.06599998474121094
37.901999950408936,37.96799993515015,0.06599998474121094
37.950000047683716,38.013999938964844,0.06399989128112793
37.9520001411438,37.967000007629395,0.014999866485595703
37.9520001411438,37.96799993515015,0.015999794006347656
37.9520001411438,37.967000007629395,0.014999866485595703
37.9520001411438,38.013999938964844,0.06199979782104492
37.9520001411438,37.96799993515015,0.015999794006347656
37.9520001411438,38.01300001144409,0.06099987030029297
37.9520001411438,38.013999938964844,0.06199979782104492
37.9520001411438,38.013999938964844,0.06199979782104492
37.9520001411438,38.013999938964844,0.06199979782104492
37.998000144958496,38.013999938964844,0.015999794006347656
38.00099992752075,38.03200006484985,0.031000137329101562
38.00099992752075,38.013999938964844,0.013000011444091797
38.00200009346008,38.03200006484985,0.029999971389770508
38.00200009346008,38.013999938964844,0.011999845504760742
38.003000020980835,38.062000036239624,0.05900001525878906
38.003000020980835,38.062000036239624,0.05900001525878906
38.003000020980835,38.062000036239624,0.05900001525878906
38.00399994850159,38.0310001373291,0.02700018882751465
38.00399994850159,38.062000036239624,0.05800008773803711
38.049999952316284,38.07599997520447,0.026000022888183594
38.049999952316284,38.07599997520447,0.026000022888183594
38.05200004577637,38.11899995803833,0.06699991226196289
38.05200004577637,38.07599997520447,0.023999929428100586
38.05200004577637,38.07599997520447,0.023999929428100586
38.05200004577637,38.07599997520447,0.023999929428100586
38.05200004577637,38.07599997520447,0.023999929428100586
38.05200004577637,38.11899995803833,0.06699991226196289
38.05200004577637,38.07599997520447,0.023999929428100586
38.05299997329712,38.11899995803833,0.06599998474121094
38.10000014305115,38.16799998283386,0.06799983978271484
38.10000014305115,38.11899995803833,0.018999814987182617
38.10000014305115,38.11899995803833,0.018999814987182617
38.10000014305115,38.16799998283386,0.06799983978271484
38.10000014305115,38.16799998283386,0.06799983978271484
38.10000014305115,38.16799998283386,0.06799983978271484
38.1010000705719,38.11899995803833,0.017999887466430664
38.1010000705719,38.16799998283386,0.06699991226196289
38.10199999809265,38.11899995803833,0.01699995994567871
38.10199999809265,38.11899995803833,0.01699995994567871
38.15000009536743,38.21399998664856,0.06399989128112793
38.151000022888184,38.21399998664856,0.06299996376037598
38.151000022888184,38.21300005912781,0.06200003623962402
38.151000022888184,38.16799998283386,0.01699995994567871
38.151000022888184,38.21300005912781,0.06200003623962402
38.151000022888184,38.21300005912781,0.06200003623962402
38.151999950408936,38.16799998283386,0.016000032424926758
38.151999950408936,38.16799998283386,0.016000032424926758
38.151999950408936,38.16799998283386,0.016000032424926758
38.151999950408936,38.21300005912781,0.06100010871887207
38.199000120162964,38.2279999256134,0.028999805450439453
38.20099997520447,38.2279999256134,0.026999950408935547
38.20099997520447,38.276999950408936,0.07599997520446777
38.20099997520447,38.21300005912781,0.012000083923339844
38.20099997520447,38.22699999809265,0.026000022888183594
38.2020001411438,38.2279999256134,0.025999784469604492
38.2020001411438,38.2279999256134,0.025999784469604492
38.2020001411438,38.276999950408936,0.07499980926513672
38.2020001411438,38.22699999809265,0.02499985694885254
38.2020001411438,38.22699999809265,0.02499985694885254
38.248000144958496,38.318000078201294,0.06999993324279785
38.25099992752075,38.318000078201294,0.06700015068054199
38.25099992752075,38.276999950408936,0.026000022888183594
38.25099992752075,38.276999950408936,0.026000022888183594
38.25099992752075,38.276999950408936,0.026000022888183594
38.25099992752075,38.318000078201294,0.06700015068054199
38.25099992752075,38.31700015068054,0.06600022315979004
38.25099992752075,38.31700015068054,0.06600022315979004
38.25099992752075,38.276999950408936,0.026000022888183594
38.25099992752075,38.276999950408936,0.026000022888183594
38.299999952316284,38.319000005722046,0.01900005340576172
38.299999952316284,38.318000078201294,0.018000125885009766
38.299999952316284,38.31700015068054,0.017000198364257812
38.299999952316284,38.319000005722046,0.01900005340576172
38.301000118255615,38.319000005722046,0.017999887466430664
38.30200004577637,38.319000005722046,0.01699995994567871
38.30200004577637,38.31700015068054,0.015000104904174805
38.30200004577637,38.319000005722046,0.01699995994567871
38.30200004577637,38.318000078201294,0.016000032424926758
38.30200004577637,38.319000005722046,0.01699995994567871
38.35000014305115,38.36300015449524,0.013000011444091797
38.35000014305115,38.36300015449524,0.013000011444091797
38.35000014305115,38.36300015449524,0.013000011444091797
38.35000014305115,38.36199998855591,0.011999845504760742
38.35199999809265,38.40700006484985,0.05500006675720215
38.35199999809265,38.4060001373291,0.054000139236450195
38.35199999809265,38.4060001373291,0.054000139236450195
38.35199999809265,38.4060001373291,0.054000139236450195
38.35199999809265,38.40700006484985,0.05500006675720215
38.35199999809265,38.36199998855591,0.009999990463256836
38.39800000190735,38.424999952316284,0.026999950408935547
38.401000022888184,38.47099995613098,0.06999993324279785
38.401000022888184,38.424999952316284,0.023999929428100586
38.401000022888184,38.47099995613098,0.06999993324279785
38.401000022888184,38.424999952316284,0.023999929428100586
38.401000022888184,38.47099995613098,0.06999993324279785
38.401000022888184,38.47099995613098,0.06999993324279785
38.401000022888184,38.47099995613098,0.06999993324279785
38.401000022888184,38.424999952316284,0.023999929428100586
38.401000022888184,38.47099995613098,0.06999993324279785
38.44799995422363,38.47099995613098,0.023000001907348633
38.4520001411438,38.47099995613098,0.018999814987182617
38.4520001411438,38.47200012207031,0.019999980926513672
38.4520001411438,38.47099995613098,0.018999814987182617
38.4520001411438,38.47099995613098,0.018999814987182617
38.4520001411438,38.47099995613098,0.018999814987182617
38.4520001411438,38.47099995613098,0.018999814987182617
38.4520001411438,38.47099995613098,0.018999814987182617
38.4520001411438,38.47200012207031,0.019999980926513672
38.4520001411438,38.47200012207031,0.019999980926513672
38.49900007247925,38.51300001144409,0.01399993896484375
38.50099992752075,38.562000036239624,0.06100010871887207
38.50099992752075,38.51300001144409,0.012000083923339844
38.50099992752075,38.51300001144409,0.012000083923339844
38.50099992752075,38.51300001144409,0.012000083923339844
38.50200009346008,38.51300001144409,0.010999917984008789
38.50200009346008,38.51300001144409,0.010999917984008789
38.50200009346008,38.562000036239624,0.059999942779541016
38.50200009346008,38.562000036239624,0.059999942779541016
38.50200009346008,38.51300001144409,0.010999917984008789
38.549999952316284,38.562000036239624,0.012000083923339844
38.549999952316284,38.562000036239624,0.012000083923339844
38.549999952316284,38.60899996757507,0.05900001525878906
38.549999952316284,38.562000036239624,0.012000083923339844
38.549999952316284,38.562000036239624,0.012000083923339844
38.549999952316284,38.562000036239624,0.012000083923339844
38.55200004577637,38.60899996757507,0.056999921798706055
38.55200004577637,38.60899996757507,0.056999921798706055
38.55299997329712,38.60899996757507,0.0559999942779541
38.55299997329712,38.60899996757507,0.0559999942779541
38.60000014305115,38.66900014877319,0.0690000057220459
38.60199999809265,38.66900014877319,0.06700015068054199
38.60199999809265,38.670000076293945,0.06800007820129395
38.60199999809265,38.62400007247925,0.02200007438659668
38.60199999809265,38.670000076293945,0.06800007820129395
38.60199999809265,38.62400007247925,0.02200007438659668
38.60199999809265,38.670000076293945,0.06800007820129395
38.60199999809265,38.62400007247925,0.02200007438659668
38.60199999809265,38.66900014877319,0.06700015068054199
38.60199999809265,38.62400007247925,0.02200007438659668
38.65000009536743,38.6710000038147,0.020999908447265625
38.65000009536743,38.6710000038147,0.020999908447265625
38.65000009536743,38.71300005912781,0.06299996376037598
38.65000009536743,38.6710000038147,0.020999908447265625
38.65000009536743,38.6710000038147,0.020999908447265625
38.651999950408936,38.6710000038147,0.01900005340576172
38.651999950408936,38.6710000038147,0.01900005340576172
38.651999950408936,38.71300005912781,0.06100010871887207
38.651999950408936,38.6710000038147,0.01900005340576172
38.65300011634827,38.66900014877319,0.016000032424926758
38.699000120162964,38.76200008392334,0.06299996376037598
38.70099997520447,38.71300005912781,0.012000083923339844
38.70099997520447,38.76200008392334,0.06100010871887207
38.70099997520447,38.76200008392334,0.06100010871887207
38.70099997520447,38.71300005912781,0.012000083923339844
38.70099997520447,38.76200008392334,0.06100010871887207
38.70099997520447,38.71300005912781,0.012000083923339844
38.70099997520447,38.71300005912781,0.012000083923339844
38.70099997520447,38.71300005912781,0.012000083923339844
38.70099997520447,38.76200008392334,0.06100010871887207
38.75,38.76200008392334,0.012000083923339844
38.75,38.77999997138977,0.029999971389770508
38.75099992752075,38.82599997520447,0.07500004768371582
38.75099992752075,38.82599997520447,0.07500004768371582
38.75099992752075,38.77999997138977,0.029000043869018555
38.75099992752075,38.77999997138977,0.029000043869018555
38.75200009346008,38.77999997138977,0.0279998779296875
38.75200009346008,38.77999997138977,0.0279998779296875
38.75200009346008,38.77999997138977,0.0279998779296875
38.75200009346008,38.77999997138977,0.0279998779296875
38.799999952316284,38.82599997520447,0.026000022888183594
38.799999952316284,38.87100005149841,0.0710000991821289
38.799999952316284,38.87100005149841,0.0710000991821289
38.799999952316284,38.87100005149841,0.0710000991821289
38.799999952316284,38.825000047683716,0.02500009536743164
38.799999952316284,38.87100005149841,0.0710000991821289
38.799999952316284,38.825000047683716,0.02500009536743164
38.80299997329712,38.825000047683716,0.02200007438659668
38.80299997329712,38.82599997520447,0.023000001907348633
38.80299997329712,38.82599997520447,0.023000001907348633
38.85000014305115,38.871999979019165,0.021999835968017578
38.85000014305115,38.871999979019165,0.021999835968017578
38.85000014305115,38.871999979019165,0.021999835968017578
38.85000014305115,38.871999979019165,0.021999835968017578
38.85000014305115,38.87100005149841,0.020999908447265625
38.85199999809265,38.871999979019165,0.019999980926513672
38.85199999809265,38.87100005149841,0.01900005340576172
38.85199999809265,38.871999979019165,0.019999980926513672
38.85199999809265,38.87100005149841,0.01900005340576172
38.85199999809265,38.87100005149841,0.01900005340576172
38.8989999294281,38.91300010681152,0.014000177383422852
38.901999950408936,38.91300010681152,0.01100015640258789
38.901999950408936,38.91300010681152,0.01100015640258789
38.901999950408936,38.96600008010864,0.06400012969970703
38.901999950408936,38.91300010681152,0.01100015640258789
38.901999950408936,38.91300010681152,0.01100015640258789
38.901999950408936,38.96600008010864,0.06400012969970703
38.901999950408936,38.91300010681152,0.01100015640258789
38.901999950408936,38.91300010681152,0.01100015640258789
38.901999950408936,38.96600008010864,0.06400012969970703
38.950000047683716,38.98200011253357,0.032000064849853516
38.950000047683716,38.98099994659424,0.03099989891052246
38.950000047683716,38.98099994659424,0.03099989891052246
38.950000047683716,38.98099994659424,0.03099989891052246
38.950000047683716,38.98099994659424,0.03099989891052246
38.950000047683716,38.98099994659424,0.03099989891052246
38.950000047683716,38.98099994659424,0.03099989891052246
38.95099997520447,38.980000019073486,0.029000043869018555
38.95099997520447,38.98099994659424,0.029999971389770508
38.95099997520447,38.980000019073486,0.029000043869018555
39.0,39.0220000743866,0.02200007438659668
39.0,39.0220000743866,0.02200007438659668
39.0,39.0220000743866,0.02200007438659668
39.0,39.0220000743866,0.02200007438659668
39.0,39.07200002670288,0.07200002670288086
39.00099992752075,39.07200002670288,0.0710000991821289
39.00099992752075,39.0220000743866,0.021000146865844727
39.00099992752075,39.0220000743866,0.021000146865844727
39.00099992752075,39.0220000743866,0.021000146865844727
39.00200009346008,39.07200002670288,0.06999993324279785
39.049999952316284,39.07200002670288,0.02200007438659668
39.051000118255615,39.07200002670288,0.020999908447265625
39.051000118255615,39.11400008201599,0.06299996376037598
39.051000118255615,39.11400008201599,0.06299996376037598
39.05200004577637,39.11400008201599,0.06200003623962402
39.05200004577637,39.07200002670288,0.019999980926513672
39.05200004577637,39.11400008201599,0.06200003623962402
39.05200004577637,39.11400008201599,0.06200003623962402
39.05200004577637,39.07200002670288,0.019999980926513672
39.05200004577637,39.11400008201599,0.06200003623962402
39.098999977111816,39.11400008201599,0.015000104904174805
39.098999977111816,39.11800003051758,0.01900005340576172
39.1010000705719,39.11800003051758,0.01699995994567871
39.1010000705719,39.11400008201599,0.013000011444091797
39.1010000705719,39.11800003051758,0.01699995994567871
39.10199999809265,39.16300010681152,0.06100010871887207
39.10199999809265,39.11800003051758,0.016000032424926758
39.10199999809265,39.16300010681152,0.06100010871887207
39.10199999809265,39.16300010681152,0.06100010871887207
39.10199999809265,39.16300010681152,0.06100010871887207
39.1489999294281,39.16300010681152,0.014000177383422852
39.15000009536743,39.2260000705719,0.07599997520446777
39.15000009536743,39.17799997329712,0.0279998779296875
39.15000009536743,39.17900013923645,0.029000043869018555
39.15000009536743,39.22500014305115,0.07500004768371582
39.151000022888184,39.22500014305115,0.07400012016296387
39.151000022888184,39.17799997329712,0.026999950408935547
39.151000022888184,39.17799997329712,0.026999950408935547
39.151999950408936,39.17799997329712,0.026000022888183594
39.151999950408936,39.22500014305115,0.07300019264221191
39.200000047683716,39.26900005340576,0.0690000057220459
39.200000047683716,39.2279999256134,0.0279998779296875
39.200000047683716,39.2279999256134,0.0279998779296875
39.200000047683716,39.2279999256134,0.0279998779296875
39.200000047683716,39.2279999256134,0.0279998779296875
39.200000047683716,39.2279999256134,0.0279998779296875
39.2020001411438,39.2260000705719,0.023999929428100586
39.2020001411438,39.2279999256134,0.025999784469604492
39.20300006866455,39.2260000705719,0.023000001907348633
39.20300006866455,39.2279999256134,0.02499985694885254
39.25,39.26900005340576,0.01900005340576172
39.25200009346008,39.26900005340576,0.01699995994567871
39.25200009346008,39.31500005722046,0.06299996376037598
39.25200009346008,39.26900005340576,0.01699995994567871
39.25200009346008,39.26900005340576,0.01699995994567871
39.25200009346008,39.31500005722046,0.06299996376037598
39.25200009346008,39.26900005340576,0.01699995994567871
39.25200009346008,39.26900005340576,0.01699995994567871
39.25200009346008,39.31500005722046,0.06299996376037598
39.25200009346008,39.26900005340576,0.01699995994567871
39.299999952316284,39.31500005722046,0.015000104904174805
39.299999952316284,39.32800006866455,0.0280001163482666
39.299999952316284,39.32800006866455,0.0280001163482666
39.301000118255615,39.31500005722046,0.01399993896484375
39.30200004577637,39.32800006866455,0.026000022888183594
39.30200004577637,39.32800006866455,0.026000022888183594
39.30200004577637,39.37700009346008,0.07500004768371582
39.30200004577637,39.37700009346008,0.07500004768371582
39.30200004577637,39.31500005722046,0.013000011444091797
39.30200004577637,39.32800006866455,0.026000022888183594
39.35000014305115,39.37899994850159,0.028999805450439453
39.35000014305115,39.37899994850159,0.028999805450439453
39.3510000705719,39.37700009346008,0.026000022888183594
39.3510000705719,39.4210000038147,0.06999993324279785
39.35199999809265,39.37700009346008,0.02500009536743164
39.35199999809265,39.37899994850159,0.026999950408935547
39.35199999809265,39.37899994850159,0.026999950408935547
39.35199999809265,39.37899994850159,0.026999950408935547
39.35199999809265,39.37899994850159,0.026999950408935547
39.3529999256134,39.37899994850159,0.026000022888183594
39.39800000190735,39.4210000038147,0.023000001907348633
39.40000009536743,39.47000002861023,0.06999993324279785
39.40000009536743,39.420000076293945,0.019999980926513672
39.40000009536743,39.420000076293945,0.019999980926513672
39.40000009536743,39.4210000038147,0.020999908447265625
39.40000009536743,39.4210000038147,0.020999908447265625
39.40000009536743,39.47000002861023,0.06999993324279785
39.40000009536743,39.47000002861023,0.06999993324279785
39.401000022888184,39.420000076293945,0.01900005340576172
39.401000022888184,39.47000002861023,0.0690000057220459
39.450000047683716,39.513999938964844,0.06399989128112793
39.45099997520447,39.513999938964844,0.06299996376037598
39.45099997520447,39.47000002861023,0.01900005340576172
39.45099997520447,39.513999938964844,0.06299996376037598
39.45099997520447,39.51300001144409,0.06200003623962402
39.45099997520447,39.513999938964844,0.06299996376037598
39.4520001411438,39.513999938964844,0.06199979782104492
39.4520001411438,39.47000002861023,0.017999887466430664
39.4520001411438,39.47000002861023,0.017999887466430664
39.45300006866455,39.47000002861023,0.01699995994567871
39.5,39.513999938964844,0.01399993896484375
39.5,39.513999938964844,0.01399993896484375
39.50200009346008,39.52800011634827,0.026000022888183594
39.50200009346008,39.52800011634827,0.026000022888183594
39.50200009346008,39.51800012588501,0.016000032424926758
39.50200009346008,39.51699995994568,0.014999866485595703
39.503000020980835,39.52800011634827,0.02500009536743164
39.503000020980835,39.52800011634827,0.02500009536743164
39.503000020980835,39.52800011634827,0.02500009536743164
39.50500011444092,39.52800011634827,0.023000001907348633
39.549999952316284,39.574000120162964,0.024000167846679688
39.549999952316284,39.62400007247925,0.07400012016296387
39.549999952316284,39.62400007247925,0.07400012016296387
39.551000118255615,39.62400007247925,0.07299995422363281
39.551000118255615,39.574000120162964,0.023000001907348633
39.551000118255615,39.62400007247925,0.07299995422363281
39.55200004577637,39.62400007247925,0.07200002670288086
39.55200004577637,39.62400007247925,0.07200002670288086
39.55299997329712,39.574000120162964,0.021000146865844727
39.55299997329712,39.574000120162964,0.021000146865844727
39.60000014305115,39.62599992752075,0.025999784469604492
39.60000014305115,39.62400007247925,0.023999929428100586
39.60000014305115,39.66199994087219,0.06199979782104492
39.60000014305115,39.62599992752075,0.025999784469604492
39.6010000705719,39.62700009346008,0.026000022888183594
39.60199999809265,39.62700009346008,0.02500009536743164
39.60199999809265,39.62400007247925,0.02200007438659668
39.60199999809265,39.62700009346008,0.02500009536743164
39.60199999809265,39.66199994087219,0.059999942779541016
39.60199999809265,39.62700009346008,0.02500009536743164
39.6489999294281,39.66199994087219,0.013000011444091797
39.651999950408936,39.66100001335144,0.009000062942504883
39.651999950408936,39.717000007629395,0.06500005722045898
39.651999950408936,39.66199994087219,0.009999990463256836
39.651999950408936,39.717000007629395,0.06500005722045898
39.651999950408936,39.717000007629395,0.06500005722045898
39.651999950408936,39.66100001335144,0.009000062942504883
39.651999950408936,39.66100001335144,0.009000062942504883
39.651999950408936,39.717000007629395,0.06500005722045898
39.651999950408936,39.717000007629395,0.06500005722045898
39.700000047683716,39.7260000705719,0.026000022888183594
39.700000047683716,39.7260000705719,0.026000022888183594
39.70099997520447,39.729000091552734,0.0280001163482666
39.70099997520447,39.729000091552734,0.0280001163482666
39.7020001411438,39.729000091552734,0.026999950408935547
39.7020001411438,39.729000091552734,0.026999950408935547
39.7020001411438,39.729000091552734,0.026999950408935547
39.7020001411438,39.729000091552734,0.026999950408935547
39.7020001411438,39.729000091552734,0.026999950408935547
39.70300006866455,39.7260000705719,0.023000001907348633
39.75,39.7720000743866,0.02200007438659668
39.75,39.7720000743866,0.02200007438659668
39.75200009346008,39.81700015068054,0.06500005722045898
39.75200009346008,39.7720000743866,0.019999980926513672
39.75200009346008,39.7720000743866,0.019999980926513672
39.75200009346008,39.81700015068054,0.06500005722045898
39.75200009346008,39.7720000743866,0.019999980926513672
39.75200009346008,39.7720000743866,0.019999980926513672
39.75200009346008,39.81700015068054,0.06500005722045898
39.75200009346008,39.81700015068054,0.06500005722045898
39.79900002479553,39.81700015068054,0.018000125885009766
39.801000118255615,39.85899996757507,0.05799984931945801
39.801000118255615,39.85899996757507,0.05799984931945801
39.801000118255615,39.85899996757507,0.05799984931945801
39.801000118255615,39.81700015068054,0.016000032424926758
39.801000118255615,39.81700015068054,0.016000032424926758
39.801000118255615,39.85800004005432,0.056999921798706055
39.801000118255615,39.85899996757507,0.05799984931945801
39.80200004577637,39.85800004005432,0.0559999942779541
39.80200004577637,39.81700015068054,0.015000104904174805
39.848999977111816,39.85800004005432,0.009000062942504883
39.8510000705719,39.88000011444092,0.029000043869018555
39.8510000705719,39.88000011444092,0.029000043869018555
39.8510000705719,39.87899994850159,0.0279998779296875
39.8510000705719,39.87899994850159,0.0279998779296875
39.8510000705719,39.86500000953674,0.01399993896484375
39.8510000705719,39.86500000953674,0.01399993896484375
39.85199999809265,39.88000011444092,0.0280001163482666
39.8529999256134,39.88000011444092,0.02700018882751465
39.8529999256134,39.88000011444092,0.02700018882751465
39.90000009536743,39.92700004577637,0.026999950408935547
39.901999950408936,39.92700004577637,0.02500009536743164
39.901999950408936,39.97500014305115,0.07300019264221191
39.901999950408936,39.92799997329712,0.026000022888183594
39.901999950408936,39.973999977111816,0.07200002670288086
39.901999950408936,39.973999977111816,0.07200002670288086
39.901999950408936,39.92700004577637,0.02500009536743164
39.901999950408936,39.97500014305115,0.07300019264221191
39.90300011634827,39.92700004577637,0.023999929428100586
39.90300011634827,39.92700004577637,0.023999929428100586
39.950000047683716,40.015000104904175,0.06500005722045898
39.950000047683716,39.97500014305115,0.02500009536743164
39.950000047683716,39.97500014305115,0.02500009536743164
39.950000047683716,40.015000104904175,0.06500005722045898
39.950000047683716,40.015000104904175,0.06500005722045898
39.9520001411438,39.973999977111816,0.021999835968017578
39.9520001411438,39.97500014305115,0.023000001907348633
39.9520001411438,39.973999977111816,0.021999835968017578
39.9520001411438,39.973999977111816,0.021999835968017578
39.9520001411438,40.015000104904175,0.06299996376037598
40.0,40.01699995994568,0.01699995994567871
40.0,40.01699995994568,0.01699995994567871
40.0,40.01699995994568,0.01699995994567871
40.0,40.01699995994568,0.01699995994567871
40.0,40.01699995994568,0.01699995994567871
40.00200009346008,40.015000104904175,0.013000011444091797
40.00200009346008,40.015000104904175,0.013000011444091797
40.00200009346008,40.015000104904175,0.013000011444091797
40.00200009346008,40.01699995994568,0.014999866485595703
40.003000020980835,40.01699995994568,0.01399993896484375
40.04900002479553,40.125,0.07599997520446777
40.049999952316284,40.0789999961853,0.029000043869018555
40.05200004577637,40.125,0.07299995422363281
40.05200004577637,40.0789999961853,0.026999950408935547
40.05200004577637,40.0789999961853,0.026999950408935547
40.05200004577637,40.12400007247925,0.07200002670288086
40.05200004577637,40.0789999961853,0.026999950408935547
40.05200004577637,40.07100009918213,0.01900005340576172
40.05299997329712,40.0789999961853,0.026000022888183594
40.05299997329712,40.0789999961853,0.026000022888183594
40.098999977111816,40.170000076293945,0.0710000991821289
40.1010000705719,40.170000076293945,0.0690000057220459
40.1010000705719,40.170000076293945,0.0690000057220459
40.1010000705719,40.170000076293945,0.0690000057220459
40.1010000705719,40.125,0.023999929428100586
40.1010000705719,40.170000076293945,0.0690000057220459
40.10199999809265,40.125,0.023000001907348633
40.10199999809265,40.12400007247925,0.02200007438659668
40.10199999809265,40.125,0.023000001907348633
40.10199999809265,40.170000076293945,0.06800007820129395
40.14800000190735,40.170000076293945,0.02200007438659668
40.151999950408936,40.170000076293945,0.018000125885009766
40.151999950408936,40.22200012207031,0.07000017166137695
40.151999950408936,40.223000049591064,0.0710000991821289
40.151999950408936,40.22200012207031,0.07000017166137695
40.151999950408936,40.22200012207031,0.07000017166137695
40.151999950408936,40.22200012207031,0.07000017166137695
40.151999950408936,40.170000076293945,0.018000125885009766
40.151999950408936,40.170000076293945,0.018000125885009766
40.151999950408936,40.22200012207031,0.07000017166137695
40.199000120162964,40.223999977111816,0.02499985694885254
40.20099997520447,40.22200012207031,0.021000146865844727
40.20099997520447,40.223999977111816,0.023000001907348633
40.20099997520447,40.26300001144409,0.06200003623962402
40.20099997520447,40.223999977111816,0.023000001907348633
40.2020001411438,40.22200012207031,0.019999980926513672
40.2020001411438,40.223999977111816,0.021999835968017578
40.2020001411438,40.223999977111816,0.021999835968017578
40.2020001411438,40.223999977111816,0.021999835968017578
40.2020001411438,40.26300001144409,0.06099987030029297
40.248000144958496,40.27800011634827,0.029999971389770508
40.25099992752075,40.27800011634827,0.02700018882751465
40.25099992752075,40.27800011634827,0.02700018882751465
40.25099992752075,40.32100009918213,0.07000017166137695
40.25099992752075,40.32100009918213,0.07000017166137695
40.25099992752075,40.26300001144409,0.012000083923339844
40.25099992752075,40.32200002670288,0.0710000991821289
40.25099992752075,40.32200002670288,0.0710000991821289
40.25200009346008,40.32200002670288,0.06999993324279785
40.25200009346008,40.32100009918213,0.0690000057220459
40.29800009727478,40.3289999961853,0.03099989891052246
40.301000118255615,40.36800003051758,0.06699991226196289
40.301000118255615,40.3289999961853,0.0279998779296875
40.301000118255615,40.3289999961853,0.0279998779296875
40.301000118255615,40.3289999961853,0.0279998779296875
40.301000118255615,40.36800003051758,0.06699991226196289
40.301000118255615,40.36800003051758,0.06699991226196289
40.301000118255615,40.3289999961853,0.0279998779296875
40.301000118255615,40.3289999961853,0.0279998779296875
40.301000118255615,40.3289999961853,0.0279998779296875
40.35000014305115,40.41799998283386,0.06799983978271484
40.3510000705719,40.41799998283386,0.06699991226196289
40.35199999809265,40.36800003051758,0.016000032424926758
40.35199999809265,40.36800003051758,0.016000032424926758
40.35199999809265,40.36800003051758,0.016000032424926758
40.35199999809265,40.41799998283386,0.06599998474121094
40.35199999809265,40.41900014877319,0.06700015068054199
40.35199999809265,40.41900014877319,0.06700015068054199
40.35199999809265,40.367000102996826,0.015000104904174805
40.35199999809265,40.36800003051758,0.016000032424926758
40.40000009536743,40.46799993515015,0.06799983978271484
40.40000009536743,40.41799998283386,0.017999887466430664
40.40000009536743,40.41799998283386,0.017999887466430664
40.401000022888184,40.46799993515015,0.06699991226196289
40.401000022888184,40.41799998283386,0.01699995994567871
40.401000022888184,40.41799998283386,0.01699995994567871
40.401999950408936,40.41799998283386,0.016000032424926758
40.40300011634827,40.46900010108948,0.06599998474121094
40.40300011634827,40.46799993515015,0.06499981880187988
40.40300011634827,40.46799993515015,0.06499981880187988
40.449000120162964,40.4760000705719,0.026999950408935547
40.4520001411438,40.4779999256134,0.025999784469604492
40.4520001411438,40.479000091552734,0.026999950408935547
40.4520001411438,40.479000091552734,0.026999950408935547
40.4520001411438,40.479000091552734,0.026999950408935547
40.4520001411438,40.47699999809265,0.02499985694885254
40.4520001411438,40.4779999256134,0.025999784469604492
40.4520001411438,40.479000091552734,0.026999950408935547
40.4520001411438,40.521000146865845,0.0690000057220459
40.45300006866455,40.4779999256134,0.02499985694885254
40.49900007247925,40.521000146865845,0.02200007438659668
40.49900007247925,40.521000146865845,0.02200007438659668
40.50099992752075,40.521000146865845,0.020000219345092773
40.50099992752075,40.521000146865845,0.020000219345092773
40.50099992752075,40.56500005722046,0.06400012969970703
40.50099992752075,40.56500005722046,0.06400012969970703
40.50099992752075,40.56500005722046,0.06400012969970703
40.50099992752075,40.521000146865845,0.020000219345092773
40.50200009346008,40.56500005722046,0.06299996376037598
40.50200009346008,40.521000146865845,0.01900005340576172
40.549999952316284,40.61800003051758,0.06800007820129395
40.549999952316284,40.56500005722046,0.015000104904174805
40.549999952316284,40.56500005722046,0.015000104904174805
40.549999952316284,40.61899995803833,0.0690000057220459
40.549999952316284,40.61800003051758,0.06800007820129395
40.549999952316284,40.61899995803833,0.0690000057220459
40.549999952316284,40.61899995803833,0.0690000057220459
40.551000118255615,40.56500005722046,0.01399993896484375
40.551000118255615,40.61899995803833,0.06799983978271484
40.551000118255615,40.61800003051758,0.06699991226196289
40.6010000705719,40.63000011444092,0.029000043869018555
40.6010000705719,40.63000011444092,0.029000043869018555
40.60199999809265,40.63000011444092,0.0280001163482666
40.60199999809265,40.63000011444092,0.0280001163482666
40.60199999809265,40.62899994850159,0.026999950408935547
40.60199999809265,40.63000011444092,0.0280001163482666
40.6029999256134,40.67400002479553,0.0710000991821289
40.6029999256134,40.67400002479553,0.0710000991821289
40.6029999256134,40.63000011444092,0.02700018882751465
40.6029999256134,40.67300009727478,0.07000017166137695
40.6489999294281,40.67400002479553,0.02500009536743164
40.65000009536743,40.67300009727478,0.023000001907348633
40.65000009536743,40.67300009727478,0.023000001907348633
40.651999950408936,40.7279999256134,0.07599997520446777
40.651999950408936,40.7279999256134,0.07599997520446777
40.651999950408936,40.7279999256134,0.07599997520446777
40.651999950408936,40.729000091552734,0.07700014114379883
40.651999950408936,40.7279999256134,0.07599997520446777
40.65300011634827,40.67400002479553,0.020999908447265625
40.65300011634827,40.7279999256134,0.07499980926513672
40.700000047683716,40.73099994659424,0.03099989891052246
40.700000047683716,40.73099994659424,0.03099989891052246
40.700000047683716,40.73099994659424,0.03099989891052246
40.700000047683716,40.730000019073486,0.029999971389770508
40.700000047683716,40.73099994659424,0.03099989891052246
40.700000047683716,40.76300001144409,0.06299996376037598
40.70099997520447,40.7279999256134,0.026999950408935547
40.70099997520447,40.7279999256134,0.026999950408935547
40.70099997520447,40.73099994659424,0.029999971389770508
40.70300006866455,40.73099994659424,0.0279998779296875
40.75,40.76300001144409,0.013000011444091797
40.75,40.76300001144409,0.013000011444091797
40.75,40.812000036239624,0.06200003623962402
40.75,40.76300001144409,0.013000011444091797
40.75,40.812000036239624,0.06200003623962402
40.75,40.76300001144409,0.013000011444091797
40.75,40.812000036239624,0.06200003623962402
40.75200009346008,40.76300001144409,0.010999917984008789
40.75200009346008,40.81100010871887,0.05900001525878906
40.753000020980835,40.76300001144409,0.009999990463256836
40.79900002479553,40.830000162124634,0.031000137329101562
40.79900002479553,40.87599992752075,0.07699990272521973
40.799999952316284,40.830000162124634,0.03000020980834961
40.80200004577637,40.87599992752075,0.07399988174438477
40.80200004577637,40.87599992752075,0.07399988174438477
40.80200004577637,40.8289999961853,0.026999950408935547
40.80200004577637,40.87599992752075,0.07399988174438477
40.80200004577637,40.812000036239624,0.009999990463256836
40.80200004577637,40.8289999961853,0.026999950408935547
40.80200004577637,40.87599992752075,0.07399988174438477
40.848999977111816,40.87700009346008,0.0280001163482666
40.85199999809265,40.87700009346008,0.02500009536743164
40.85199999809265,40.87599992752075,0.023999929428100586
40.85199999809265,40.878000020980835,0.026000022888183594
40.85199999809265,40.87700009346008,0.02500009536743164
40.85199999809265,40.87700009346008,0.02500009536743164
40.85199999809265,40.92400002479553,0.07200002670288086
40.85199999809265,40.87700009346008,0.02500009536743164
40.85199999809265,40.87599992752075,0.023999929428100586
40.85199999809265,40.87700009346008,0.02500009536743164
40.90000009536743,40.92400002479553,0.023999929428100586
40.901000022888184,40.92400002479553,0.023000001907348633
40.901000022888184,40.92400002479553,0.023000001907348633
40.901000022888184,40.962000131607056,0.06100010871887207
40.901000022888184,40.92400002479553,0.023000001907348633
40.901000022888184,40.960999965667725,0.059999942779541016
40.901999950408936,40.960999965667725,0.05900001525878906
40.901999950408936,40.92400002479553,0.02200007438659668
40.901999950408936,40.960999965667725,0.05900001525878906
40.90300011634827,40.92400002479553,0.020999908447265625
40.950000047683716,40.960999965667725,0.010999917984008789
40.950000047683716,41.01800012588501,0.06800007820129395
40.950000047683716,41.01699995994568,0.06699991226196289
40.950000047683716,41.01800012588501,0.06800007820129395
40.950000047683716,40.960999965667725,0.010999917984008789
40.950000047683716,41.01699995994568,0.06699991226196289
40.950000047683716,40.960999965667725,0.010999917984008789
40.950000047683716,40.960999965667725,0.010999917984008789
40.95300006866455,41.01800012588501,0.06500005722045898
40.95300006866455,41.01699995994568,0.06399989128112793
40.998000144958496,41.02900004386902,0.03099989891052246
41.00099992752075,41.02999997138977,0.029000043869018555
41.00099992752075,41.02900004386902,0.0280001163482666
41.00099992752075,41.02900004386902,0.0280001163482666
41.00099992752075,41.026999950408936,0.026000022888183594
41.00099992752075,41.02900004386902,0.0280001163482666
41.00099992752075,41.07100009918213,0.07000017166137695
41.00099992752075,41.0699999332428,0.0690000057220459
41.00099992752075,41.02900004386902,0.0280001163482666
41.00099992752075,41.02900004386902,0.0280001163482666
41.049999952316284,41.07100009918213,0.021000146865844727
41.051000118255615,41.07100009918213,0.019999980926513672
41.051000118255615,41.11500000953674,0.06399989128112793
41.051000118255615,41.0699999332428,0.018999814987182617
41.051000118255615,41.07100009918213,0.019999980926513672
41.051000118255615,41.11500000953674,0.06399989128112793
41.051000118255615,41.11500000953674,0.06399989128112793
41.05200004577637,41.0699999332428,0.017999887466430664
41.05200004577637,41.11500000953674,0.06299996376037598
41.05200004577637,41.11500000953674,0.06299996376037598
41.10000014305115,41.11800003051758,0.017999887466430664
41.10199999809265,41.11500000953674,0.013000011444091797
41.10199999809265,41.117000102996826,0.015000104904174805
41.10199999809265,41.117000102996826,0.015000104904174805
41.10199999809265,41.117000102996826,0.015000104904174805
41.10199999809265,41.16300010681152,0.06100010871887207
41.10199999809265,41.117000102996826,0.015000104904174805
41.10199999809265,41.11800003051758,0.016000032424926758
41.10199999809265,41.117000102996826,0.015000104904174805
41.1029999256134,41.11500000953674,0.012000083923339844
41.1489999294281,41.17900013923645,0.03000020980834961
41.151000022888184,41.17900013923645,0.0280001163482666
41.151000022888184,41.17900013923645,0.0280001163482666
41.151000022888184,41.2260000705719,0.07500004768371582
41.151000022888184,41.2260000705719,0.07500004768371582
41.151000022888184,41.17900013923645,0.0280001163482666
41.151999950408936,41.2260000705719,0.07400012016296387
41.151999950408936,41.2260000705719,0.07400012016296387
41.151999950408936,41.17900013923645,0.02700018882751465
41.151999950408936,41.17900013923645,0.02700018882751465
41.200000047683716,41.2279999256134,0.0279998779296875
41.200000047683716,41.2279999256134,0.0279998779296875
41.200000047683716,41.2260000705719,0.026000022888183594
41.200000047683716,41.2279999256134,0.0279998779296875
41.2020001411438,41.2279999256134,0.025999784469604492
41.2020001411438,41.2260000705719,0.023999929428100586
41.2020001411438,41.2279999256134,0.025999784469604492
41.2020001411438,41.2279999256134,0.025999784469604492
41.2020001411438,41.271000146865845,0.0690000057220459
41.2020001411438,41.2279999256134,0.025999784469604492
41.25,41.2720000743866,0.02200007438659668
41.25,41.2720000743866,0.02200007438659668
41.25,41.271000146865845,0.021000146865844727
41.25,41.31700015068054,0.06700015068054199
41.25200009346008,41.31700015068054,0.06500005722045898
41.25200009346008,41.2720000743866,0.019999980926513672
41.25200009346008,41.2720000743866,0.019999980926513672
41.25200009346008,41.31700015068054,0.06500005722045898
41.25200009346008,41.271000146865845,0.01900005340576172
41.25200009346008,41.271000146865845,0.01900005340576172
41.299999952316284,41.365999937057495,0.06599998474121094
41.301000118255615,41.31700015068054,0.016000032424926758
41.301000118255615,41.365999937057495,0.06499981880187988
41.301000118255615,41.31700015068054,0.016000032424926758
41.301000118255615,41.367000102996826,0.06599998474121094
41.301000118255615,41.31700015068054,0.016000032424926758
41.301000118255615,41.31700015068054,0.016000032424926758
41.301000118255615,41.365999937057495,0.06499981880187988
41.30200004577637,41.365999937057495,0.06399989128112793
41.30299997329712,41.365999937057495,0.06299996376037598
41.348999977111816,41.37899994850159,0.029999971389770508
41.35000014305115,41.41900014877319,0.0690000057220459
41.3510000705719,41.41900014877319,0.06800007820129395
41.3510000705719,41.41900014877319,0.06800007820129395
41.3510000705719,41.41900014877319,0.06800007820129395
41.3510000705719,41.41900014877319,0.06800007820129395
41.3510000705719,41.365999937057495,0.014999866485595703
41.3510000705719,41.37899994850159,0.0279998779296875
41.3510000705719,41.37899994850159,0.0279998779296875
41.3510000705719,41.37899994850159,0.0279998779296875
41.3989999294281,41.42799997329712,0.029000043869018555
41.40000009536743,41.42799997329712,0.0279998779296875
41.40000009536743,41.42799997329712,0.0279998779296875
41.40000009536743,41.42799997329712,0.0279998779296875
41.40000009536743,41.42799997329712,0.0279998779296875
41.401999950408936,41.47200012207031,0.07000017166137695
41.401999950408936,41.42799997329712,0.026000022888183594
41.401999950408936,41.47200012207031,0.07000017166137695
41.401999950408936,41.42799997329712,0.026000022888183594
41.401999950408936,41.47200012207031,0.07000017166137695
41.449000120162964,41.47200012207031,0.023000001907348633
41.45099997520447,41.47200012207031,0.021000146865844727
41.45099997520447,41.47200012207031,0.021000146865844727
41.45099997520447,41.47200012207031,0.021000146865844727
41.45099997520447,41.51800012588501,0.06700015068054199
41.45099997520447,41.51699995994568,0.06599998474121094
41.45099997520447,41.51699995994568,0.06599998474121094
41.45099997520447,41.51699995994568,0.06599998474121094
41.45099997520447,41.47200012207031,0.021000146865844727
41.45099997520447,41.51800012588501,0.06700015068054199
41.5,41.56500005722046,0.06500005722045898
41.5,41.56500005722046,0.06500005722045898
41.5,41.56500005722046,0.06500005722045898
41.5,41.51699995994568,0.01699995994567871
41.50099992752075,41.51699995994568,0.016000032424926758
41.50099992752075,41.51800012588501,0.017000198364257812
41.50099992752075,41.51699995994568,0.016000032424926758
41.50099992752075,41.51699995994568,0.016000032424926758
41.50200009346008,41.51699995994568,0.014999866485595703
41.503000020980835,41.56500005722046,0.06200003623962402
41.54900002479553,41.56500005722046,0.016000032424926758
41.549999952316284,41.56500005722046,0.015000104904174805
41.549999952316284,41.56500005722046,0.015000104904174805
41.549999952316284,41.56500005722046,0.015000104904174805
41.551000118255615,41.615999937057495,0.06499981880187988
41.55200004577637,41.615999937057495,0.06399989128112793
41.55200004577637,41.615999937057495,0.06399989128112793
41.55299997329712,41.615999937057495,0.06299996376037598
41.55299997329712,41.615999937057495,0.06299996376037598
41.555999994277954,41.615999937057495,0.059999942779541016
41.60000014305115,41.6710000038147,0.0709998607635498
41.60000014305115,41.6710000038147,0.0709998607635498
41.60000014305115,41.67199993133545,0.07199978828430176
41.60000014305115,41.62599992752075,0.025999784469604492
41.60000014305115,41.62599992752075,0.025999784469604492
41.60000014305115,41.6710000038147,0.0709998607635498
41.6010000705719,41.67199993133545,0.0709998607635498
41.6010000705719,41.6710000038147,0.06999993324279785
41.6010000705719,41.62599992752075,0.02499985694885254
41.6029999256134,41.62599992752075,0.023000001907348633
41.65000009536743,41.67400002479553,0.023999929428100586
41.65000009536743,41.67400002479553,0.023999929428100586
41.651000022888184,41.67400002479553,0.023000001907348633
41.651000022888184,41.67199993133545,0.020999908447265625
41.651000022888184,41.67400002479553,0.023000001907348633
41.651000022888184,41.67400002479553,0.023000001907348633
41.651000022888184,41.67400002479553,0.023000001907348633
41.651000022888184,41.71900010108948,0.06800007820129395
41.65300011634827,41.71900010108948,0.06599998474121094
41.65300011634827,41.67400002479553,0.020999908447265625
41.700000047683716,41.77500009536743,0.07500004768371582
41.700000047683716,41.77500009536743,0.07500004768371582
41.700000047683716,41.71900010108948,0.01900005340576172
41.700000047683716,41.71900010108948,0.01900005340576172
41.700000047683716,41.77500009536743,0.07500004768371582
41.700000047683716,41.71900010108948,0.01900005340576172
41.700000047683716,41.776000022888184,0.07599997520446777
41.70099997520447,41.71900010108948,0.018000125885009766
41.70099997520447,41.77500009536743,0.07400012016296387
41.7020001411438,41.71900010108948,0.01699995994567871
41.75,41.825000047683716,0.07500004768371582
41.75,41.78400015830994,0.03400015830993652
41.75,41.825000047683716,0.07500004768371582
41.75,41.78500008583069,0.03500008583068848
41.75,41.78400015830994,0.03400015830993652
41.75099992752075,41.78500008583069,0.03400015830993652
41.75200009346008,41.825000047683716,0.07299995422363281
41.75200009346008,41.78500008583069,0.03299999237060547
41.75200009346008,41.825000047683716,0.07299995422363281
41.75200009346008,41.78500008583069,0.03299999237060547
41.799999952316284,41.875,0.07500004768371582
41.801000118255615,41.825000047683716,0.023999929428100586
41.801000118255615,41.825000047683716,0.023999929428100586
41.80200004577637,41.875,0.07299995422363281
41.80200004577637,41.87400007247925,0.07200002670288086
41.80200004577637,41.825000047683716,0.023000001907348633
41.80200004577637,41.825000047683716,0.023000001907348633
41.80200004577637,41.875,0.07299995422363281
41.80299997329712,41.875,0.07200002670288086
41.80299997329712,41.825000047683716,0.02200007438659668
41.85000014305115,41.87700009346008,0.026999950408935547
41.85000014305115,41.875,0.02499985694885254
41.85000014305115,41.87700009346008,0.026999950408935547
41.85000014305115,41.878000020980835,0.0279998779296875
41.85000014305115,41.87700009346008,0.026999950408935547
41.85000014305115,41.875,0.02499985694885254
41.85000014305115,41.875,0.02499985694885254
41.85000014305115,41.87700009346008,0.026999950408935547
41.8529999256134,41.87700009346008,0.024000167846679688
41.8529999256134,41.87700009346008,0.024000167846679688
41.89800000190735,41.967000007629395,0.0690000057220459
41.901000022888184,41.91300010681152,0.012000083923339844
41.901000022888184,41.91300010681152,0.012000083923339844
41.901000022888184,41.91300010681152,0.012000083923339844
41.901000022888184,41.91300010681152,0.012000083923339844
41.901000022888184,41.91300010681152,0.012000083923339844
41.901000022888184,41.91300010681152,0.012000083923339844
41.901000022888184,41.91300010681152,0.012000083923339844
41.901000022888184,41.967000007629395,0.06599998474121094
41.901000022888184,41.967000007629395,0.06599998474121094
41.950000047683716,41.967000007629395,0.01699995994567871
41.95099997520447,42.02300000190735,0.07200002670288086
41.95099997520447,41.980000019073486,0.029000043869018555
41.95099997520447,41.980000019073486,0.029000043869018555
41.95099997520447,42.02300000190735,0.07200002670288086
41.9520001411438,42.02300000190735,0.0709998607635498
41.9520001411438,42.02300000190735,0.0709998607635498
41.9520001411438,42.02300000190735,0.0709998607635498
41.95300006866455,42.02300000190735,0.06999993324279785
41.95300006866455,41.980000019073486,0.026999950408935547
41.99900007247925,42.026999950408936,0.0279998779296875
42.00099992752075,42.026000022888184,0.02500009536743164
42.00099992752075,42.026000022888184,0.02500009536743164
42.00099992752075,42.026999950408936,0.026000022888183594
42.00099992752075,42.026999950408936,0.026000022888183594
42.00099992752075,42.07599997520447,0.07500004768371582
42.00099992752075,42.026000022888184,0.02500009536743164
42.00099992752075,42.026999950408936,0.026000022888183594
42.00099992752075,42.07599997520447,0.07500004768371582
42.00200009346008,42.02300000190735,0.020999908447265625
42.04900002479553,42.10899996757507,0.059999942779541016
42.049999952316284,42.07599997520447,0.026000022888183594
42.049999952316284,42.10899996757507,0.05900001525878906
42.049999952316284,42.10899996757507,0.05900001525878906
42.049999952316284,42.10899996757507,0.05900001525878906
42.051000118255615,42.10899996757507,0.05799984931945801
42.051000118255615,42.075000047683716,0.023999929428100586
42.051000118255615,42.07599997520447,0.02499985694885254
42.05200004577637,42.07599997520447,0.023999929428100586
42.05299997329712,42.10899996757507,0.0559999942779541
42.098999977111816,42.10899996757507,0.009999990463256836
42.1010000705719,42.15900015830994,0.05800008773803711
42.1010000705719,42.15900015830994,0.05800008773803711
42.10199999809265,42.15900015830994,0.057000160217285156
42.10199999809265,42.10899996757507,0.006999969482421875
42.10199999809265,42.121999979019165,0.019999980926513672
42.10199999809265,42.16000008583069,0.05800008773803711
42.10199999809265,42.121999979019165,0.019999980926513672
42.10199999809265,42.16000008583069,0.05800008773803711
42.10199999809265,42.16000008583069,0.05800008773803711
42.15000009536743,42.176000118255615,0.026000022888183594
42.15000009536743,42.22699999809265,0.07699990272521973
42.15000009536743,42.22699999809265,0.07699990272521973
42.15000009536743,42.176000118255615,0.026000022888183594
42.15000009536743,42.22699999809265,0.07699990272521973
42.15000009536743,42.22699999809265,0.07699990272521973
42.15000009536743,42.22699999809265,0.07699990272521973
42.15000009536743,42.174999952316284,0.02499985694885254
42.151000022888184,42.22699999809265,0.07599997520446777
42.151000022888184,42.176000118255615,0.02500009536743164
42.200000047683716,42.2279999256134,0.0279998779296875
42.200000047683716,42.229000091552734,0.029000043869018555
42.200000047683716,42.229000091552734,0.029000043869018555
42.200000047683716,42.2279999256134,0.0279998779296875
42.200000047683716,42.2279999256134,0.0279998779296875
42.20099997520447,42.2279999256134,0.026999950408935547
42.20099997520447,42.229000091552734,0.0280001163482666
42.20099997520447,42.2279999256134,0.026999950408935547
42.20099997520447,42.22699999809265,0.026000022888183594
42.20300006866455,42.2279999256134,0.02499985694885254
42.25,42.265000104904175,0.015000104904174805
42.25,42.265000104904175,0.015000104904174805
42.25,42.265000104904175,0.015000104904174805
42.25,42.31700015068054,0.06700015068054199
42.25,42.265000104904175,0.015000104904174805
42.25200009346008,42.31700015068054,0.06500005722045898
42.25200009346008,42.31700015068054,0.06500005722045898
42.25200009346008,42.265000104904175,0.013000011444091797
42.25200009346008,42.263999938964844,0.011999845504760742
42.25200009346008,42.265000104904175,0.013000011444091797
42.299999952316284,42.31599998474121,0.016000032424926758
42.301000118255615,42.330000162124634,0.029000043869018555
42.301000118255615,42.3289999961853,0.0279998779296875
42.301000118255615,42.38100004196167,0.07999992370605469
42.301000118255615,42.330000162124634,0.029000043869018555
42.30200004577637,42.330000162124634,0.0280001163482666
42.30200004577637,42.38100004196167,0.07899999618530273
42.30200004577637,42.330000162124634,0.0280001163482666
42.30299997329712,42.330000162124634,0.02700018882751465
42.30299997329712,42.38199996948242,0.07899999618530273
42.348999977111816,42.38199996948242,0.03299999237060547
42.35199999809265,42.38300013542175,0.031000137329101562
42.35199999809265,42.38199996948242,0.029999971389770508
42.35199999809265,42.38300013542175,0.031000137329101562
42.35199999809265,42.38199996948242,0.029999971389770508
42.35199999809265,42.38100004196167,0.029000043869018555
42.35199999809265,42.38300013542175,0.031000137329101562
42.35199999809265,42.38300013542175,0.031000137329101562
42.35199999809265,42.38199996948242,0.029999971389770508
42.35199999809265,42.38100004196167,0.029000043869018555
42.40000009536743,42.45900011062622,0.05900001525878906
42.40000009536743,42.41700005531311,0.01699995994567871
42.40000009536743,42.41700005531311,0.01699995994567871
42.40000009536743,42.41700005531311,0.01699995994567871
42.40000009536743,42.41700005531311,0.01699995994567871
42.401000022888184,42.41700005531311,0.016000032424926758
42.401000022888184,42.45900011062622,0.05800008773803711
42.401000022888184,42.41700005531311,0.016000032424926758
42.401000022888184,42.41700005531311,0.016000032424926758
42.401000022888184,42.45900011062622,0.05800008773803711
42.449000120162964,42.48200011253357,0.03299999237060547
42.45099997520447,42.48200011253357,0.031000137329101562
42.45099997520447,42.48099994659424,0.029999971389770508
42.45099997520447,42.51600003242493,0.06500005722045898
42.45099997520447,42.45900011062622,0.00800013542175293
42.45099997520447,42.51699995994568,0.06599998474121094
42.45099997520447,42.51600003242493,0.06500005722045898
42.45099997520447,42.48200011253357,0.031000137329101562
42.45099997520447,42.48099994659424,0.029999971389770508
42.4520001411438,42.48099994659424,0.028999805450439453
42.498000144958496,42.58200001716614,0.0839998722076416
42.50099992752075,42.58299994468689,0.0820000171661377
42.50099992752075,42.58299994468689,0.0820000171661377
42.50099992752075,42.526999950408936,0.026000022888183594
42.50099992752075,42.526999950408936,0.026000022888183594
42.50099992752075,42.526999950408936,0.026000022888183594
42.50099992752075,42.526999950408936,0.026000022888183594
42.50099992752075,42.526999950408936,0.026000022888183594
42.50099992752075,42.526999950408936,0.026000022888183594
42.50099992752075,42.526999950408936,0.026000022888183594
42.549999952316284,42.58800005912781,0.03800010681152344
42.549999952316284,42.58800005912781,0.03800010681152344
42.549999952316284,42.58800005912781,0.03800010681152344
42.549999952316284,42.58800005912781,0.03800010681152344
42.549999952316284,42.58800005912781,0.03800010681152344
42.55200004577637,42.585999965667725,0.03399991989135742
42.55200004577637,42.58800005912781,0.03600001335144043
42.55200004577637,42.58800005912781,0.03600001335144043
42.55200004577637,42.58200001716614,0.029999971389770508
42.55200004577637,42.58500003814697,0.03299999237060547
42.598000049591064,42.66000008583069,0.06200003623962402
42.60000014305115,42.61500000953674,0.014999866485595703
42.60000014305115,42.61500000953674,0.014999866485595703
42.60000014305115,42.61500000953674,0.014999866485595703
42.60000014305115,42.61500000953674,0.014999866485595703
42.60000014305115,42.61500000953674,0.014999866485595703
42.60000014305115,42.61500000953674,0.014999866485595703
42.6010000705719,42.66000008583069,0.05900001525878906
42.6010000705719,42.66000008583069,0.05900001525878906
42.6010000705719,42.61500000953674,0.01399993896484375
42.65000009536743,42.66000008583069,0.009999990463256836
42.65000009536743,42.71500015258789,0.06500005722045898
42.65000009536743,42.66000008583069,0.009999990463256836
42.65000009536743,42.71500015258789,0.06500005722045898
42.65000009536743,42.71500015258789,0.06500005722045898
42.65000009536743,42.66000008583069,0.009999990463256836
42.65000009536743,42.66000008583069,0.009999990463256836
42.651000022888184,42.71500015258789,0.06400012969970703
42.651999950408936,42.71500015258789,0.06300020217895508
42.65300011634827,42.71500015258789,0.06200003623962402
42.700000047683716,42.72500014305115,0.02500009536743164
42.700000047683716,42.71500015258789,0.015000104904174805
42.700000047683716,42.72500014305115,0.02500009536743164
42.70099997520447,42.72500014305115,0.024000167846679688
42.70099997520447,42.72500014305115,0.024000167846679688
42.70099997520447,42.72500014305115,0.024000167846679688
42.7020001411438,42.771000146865845,0.0690000057220459
42.7020001411438,42.72500014305115,0.023000001907348633
42.7020001411438,42.72500014305115,0.023000001907348633
42.7020001411438,42.71900010108948,0.01699995994567871
42.75,42.81500005722046,0.06500005722045898
42.75200009346008,42.771000146865845,0.01900005340576172
42.75200009346008,42.771000146865845,0.01900005340576172
42.75200009346008,42.81500005722046,0.06299996376037598
42.75200009346008,42.81500005722046,0.06299996376037598
42.75200009346008,42.81500005722046,0.06299996376037598
42.75200009346008,42.771000146865845,0.01900005340576172
42.75200009346008,42.769999980926514,0.017999887466430664
42.75200009346008,42.769999980926514,0.017999887466430664
42.75200009346008,42.769999980926514,0.017999887466430664
42.799999952316284,42.81700015068054,0.017000198364257812
42.799999952316284,42.81700015068054,0.017000198364257812
42.799999952316284,42.81700015068054,0.017000198364257812
42.799999952316284,42.81700015068054,0.017000198364257812
42.799999952316284,42.81700015068054,0.017000198364257812
42.799999952316284,42.81700015068054,0.017000198364257812
42.799999952316284,42.81500005722046,0.015000104904174805
42.799999952316284,42.81500005722046,0.015000104904174805
42.80299997329712,42.81700015068054,0.014000177383422852
42.80299997329712,42.81500005722046,0.012000083923339844
42.848999977111816,42.86800003051758,0.01900005340576172
42.8510000705719,42.88000011444092,0.029000043869018555
42.8510000705719,42.88000011444092,0.029000043869018555
42.85199999809265,42.92300009727478,0.0710000991821289
42.85199999809265,42.88000011444092,0.0280001163482666
42.85199999809265,42.92300009727478,0.0710000991821289
42.85199999809265,42.92300009727478,0.0710000991821289
42.85199999809265,42.88000011444092,0.0280001163482666
42.85199999809265,42.92300009727478,0.0710000991821289
42.8529999256134,42.92199993133545,0.0690000057220459
42.90000009536743,42.926000118255615,0.026000022888183594
42.90000009536743,42.967000007629395,0.06699991226196289
42.90000009536743,42.926000118255615,0.026000022888183594
42.90000009536743,42.926000118255615,0.026000022888183594
42.90000009536743,42.926000118255615,0.026000022888183594
42.90000009536743,42.967000007629395,0.06699991226196289
42.90000009536743,42.926000118255615,0.026000022888183594
42.90000009536743,42.926000118255615,0.026000022888183594
42.90000009536743,42.926000118255615,0.026000022888183594
42.90300011634827,42.92300009727478,0.019999980926513672
42.950000047683716,43.01699995994568,0.06699991226196289
42.950000047683716,43.01600003242493,0.06599998474121094
42.950000047683716,42.967000007629395,0.01699995994567871
42.950000047683716,42.967000007629395,0.01699995994567871
42.950000047683716,43.01699995994568,0.06699991226196289
42.950000047683716,42.967000007629395,0.01699995994567871
42.95099997520447,43.01699995994568,0.06599998474121094
42.95300006866455,42.967000007629395,0.01399993896484375
42.95300006866455,42.967000007629395,0.01399993896484375
42.95300006866455,42.967000007629395,0.01399993896484375
43.0,43.01699995994568,0.01699995994567871
43.0,43.01699995994568,0.01699995994567871
43.0,43.01699995994568,0.01699995994567871
43.0,43.02800011634827,0.0280001163482666
43.00200009346008,43.06599998474121,0.06399989128112793
43.00200009346008,43.02800011634827,0.026000022888183594
43.00200009346008,43.06599998474121,0.06399989128112793
43.00200009346008,43.02800011634827,0.026000022888183594
43.00200009346008,43.06599998474121,0.06399989128112793
43.00399994850159,43.02800011634827,0.024000167846679688
43.04900002479553,43.11899995803833,0.06999993324279785
43.051000118255615,43.11899995803833,0.06799983978271484
43.051000118255615,43.075000047683716,0.023999929428100586
43.051000118255615,43.075000047683716,0.023999929428100586
43.051000118255615,43.075000047683716,0.023999929428100586
43.051000118255615,43.075000047683716,0.023999929428100586
43.05200004577637,43.075000047683716,0.023000001907348633
43.05200004577637,43.075000047683716,0.023000001907348633
43.05200004577637,43.11899995803833,0.06699991226196289
43.05200004577637,43.07599997520447,0.023999929428100586
43.10000014305115,43.16300010681152,0.06299996376037598
43.10000014305115,43.16300010681152,0.06299996376037598
43.10000014305115,43.16300010681152,0.06299996376037598
43.10199999809265,43.11899995803833,0.01699995994567871
43.10199999809265,43.164000034332275,0.06200003623962402
43.10199999809265,43.11899995803833,0.01699995994567871
43.10199999809265,43.11899995803833,0.01699995994567871
43.10199999809265,43.16300010681152,0.06100010871887207
43.10199999809265,43.11899995803833,0.01699995994567871
43.10199999809265,43.164000034332275,0.06200003623962402
43.15000009536743,43.16600012779236,0.016000032424926758
43.15000009536743,43.16300010681152,0.013000011444091797
43.15000009536743,43.16600012779236,0.016000032424926758
43.15000009536743,43.16600012779236,0.016000032424926758
43.15000009536743,43.16600012779236,0.016000032424926758
43.15000009536743,43.16600012779236,0.016000032424926758
43.15000009536743,43.16600012779236,0.016000032424926758
43.151000022888184,43.16600012779236,0.015000104904174805
43.151999950408936,43.164000034332275,0.012000083923339844
43.151999950408936,43.16300010681152,0.01100015640258789
43.19799995422363,43.230000019073486,0.032000064849853516
43.20099997520447,43.230000019073486,0.029000043869018555
43.20099997520447,43.27500009536743,0.07400012016296387
43.20099997520447,43.27500009536743,0.07400012016296387
43.20099997520447,43.230000019073486,0.029000043869018555
43.20099997520447,43.27500009536743,0.07400012016296387
43.20099997520447,43.230000019073486,0.029000043869018555
43.2020001411438,43.27500009536743,0.07299995422363281
43.2020001411438,43.27500009536743,0.07299995422363281
43.20300006866455,43.27500009536743,0.07200002670288086
43.25,43.319000005722046,0.0690000057220459
43.25,43.27500009536743,0.02500009536743164
43.25,43.276999950408936,0.026999950408935547
43.25,43.276999950408936,0.026999950408935547
43.25,43.276000022888184,0.026000022888183594
43.25,43.319000005722046,0.0690000057220459
43.25,43.276000022888184,0.026000022888183594
43.25,43.276000022888184,0.026000022888183594
43.253000020980835,43.276000022888184,0.023000001907348633
43.253000020980835,43.276999950408936,0.023999929428100586
43.29900002479553,43.36500000953674,0.06599998474121094
43.301000118255615,43.36400008201599,0.06299996376037598
43.301000118255615,43.319000005722046,0.017999887466430664
43.301000118255615,43.319000005722046,0.017999887466430664
43.301000118255615,43.319000005722046,0.017999887466430664
43.301000118255615,43.36400008201599,0.06299996376037598
43.301000118255615,43.319000005722046,0.017999887466430664
43.30200004577637,43.36500000953674,0.06299996376037598
43.30200004577637,43.319000005722046,0.01699995994567871
43.30299997329712,43.319000005722046,0.016000032424926758
43.35000014305115,43.36400008201599,0.01399993896484375
43.35000014305115,43.36400008201599,0.01399993896484375
43.35000014305115,43.36400008201599,0.01399993896484375
43.35000014305115,43.420000076293945,0.06999993324279785
43.35000014305115,43.36400008201599,0.01399993896484375
43.35000014305115,43.420000076293945,0.06999993324279785
43.3510000705719,43.36400008201599,0.013000011444091797
43.3529999256134,43.36500000953674,0.012000083923339844
43.3529999256134,43.36400008201599,0.01100015640258789
43.3529999256134,43.4210000038147,0.06800007820129395
43.40000009536743,43.42900013923645,0.029000043869018555
43.40000009536743,43.42900013923645,0.029000043869018555
43.401000022888184,43.479000091552734,0.07800006866455078
43.401999950408936,43.479000091552734,0.07700014114379883
43.401999950408936,43.42900013923645,0.02700018882751465
43.401999950408936,43.479000091552734,0.07700014114379883
43.401999950408936,43.42900013923645,0.02700018882751465
43.40300011634827,43.479000091552734,0.07599997520446777
43.40300011634827,43.42900013923645,0.026000022888183594
43.40300011634827,43.479000091552734,0.07599997520446777
43.450000047683716,43.479000091552734,0.029000043869018555
43.450000047683716,43.479000091552734,0.029000043869018555
43.450000047683716,43.521000146865845,0.0710000991821289
43.450000047683716,43.519999980926514,0.06999993324279785
43.4520001411438,43.519999980926514,0.06799983978271484
43.4520001411438,43.479000091552734,0.026999950408935547
43.4520001411438,43.519999980926514,0.06799983978271484
43.4520001411438,43.519999980926514,0.06799983978271484
43.4520001411438,43.519999980926514,0.06799983978271484
43.4520001411438,43.479000091552734,0.026999950408935547
43.498000144958496,43.5220000743866,0.023999929428100586
43.50099992752075,43.519999980926514,0.01900005340576172
43.50099992752075,43.5220000743866,0.021000146865844727
43.50099992752075,43.5220000743866,0.021000146865844727
43.50099992752075,43.519999980926514,0.01900005340576172
43.50099992752075,43.5220000743866,0.021000146865844727
43.50099992752075,43.5220000743866,0.021000146865844727
43.50099992752075,43.56599998474121,0.06500005722045898
43.50099992752075,43.5220000743866,0.021000146865844727
43.50099992752075,43.5220000743866,0.021000146865844727
43.549999952316284,43.56599998474121,0.016000032424926758
43.549999952316284,43.56599998474121,0.016000032424926758
43.551000118255615,43.56700015068054,0.016000032424926758
43.551000118255615,43.623000144958496,0.07200002670288086
43.551000118255615,43.56700015068054,0.016000032424926758
43.551000118255615,43.56599998474121,0.014999866485595703
43.55200004577637,43.621999979019165,0.06999993324279785
43.55200004577637,43.623000144958496,0.0710000991821289
43.55200004577637,43.56599998474121,0.01399993896484375
43.55200004577637,43.621999979019165,0.06999993324279785
43.598999977111816,43.6800000667572,0.08100008964538574
43.60199999809265,43.6800000667572,0.07800006866455078
43.60199999809265,43.628000020980835,0.026000022888183594
43.60199999809265,43.628000020980835,0.026000022888183594
43.60199999809265,43.628000020980835,0.026000022888183594
43.60199999809265,43.6800000667572,0.07800006866455078
43.60199999809265,43.67900013923645,0.07700014114379883
43.60199999809265,43.67900013923645,0.07700014114379883
43.6029999256134,43.628000020980835,0.02500009536743164
43.6029999256134,43.67900013923645,0.07600021362304688
43.65000009536743,43.682000160217285,0.032000064849853516
43.65000009536743,43.680999994277954,0.03099989891052246
43.65000009536743,43.680999994277954,0.03099989891052246
43.65000009536743,43.682000160217285,0.032000064849853516
43.65000009536743,43.67900013923645,0.029000043869018555
43.65000009536743,43.680999994277954,0.03099989891052246
43.65000009536743,43.67900013923645,0.029000043869018555
43.651000022888184,43.680999994277954,0.029999971389770508
43.65300011634827,43.67900013923645,0.026000022888183594
43.65300011634827,43.680999994277954,0.0279998779296875
43.700000047683716,43.717000007629395,0.01699995994567871
43.700000047683716,43.75800013542175,0.05800008773803711
43.700000047683716,43.717000007629395,0.01699995994567871
43.700000047683716,43.717000007629395,0.01699995994567871
43.700000047683716,43.75800013542175,0.05800008773803711
43.700000047683716,43.717000007629395,0.01699995994567871
43.700000047683716,43.717000007629395,0.01699995994567871
43.700000047683716,43.717000007629395,0.01699995994567871
43.70099997520447,43.717000007629395,0.016000032424926758
43.70300006866455,43.717000007629395,0.01399993896484375
43.74900007247925,43.80900001525879,0.059999942779541016
43.75,43.75800013542175,0.00800013542175293
43.75,43.75800013542175,0.00800013542175293
43.75,43.75800013542175,0.00800013542175293
43.75,43.75800013542175,0.00800013542175293
43.75,43.75800013542175,0.00800013542175293
43.75,43.80900001525879,0.05900001525878906
43.75099992752075,43.80900001525879,0.05800008773803711
43.75099992752075,43.80900001525879,0.05800008773803711
43.75099992752075,43.80800008773804,0.057000160217285156
43.799999952316284,43.82599997520447,0.026000022888183594
43.801000118255615,43.82599997520447,0.02499985694885254
43.801000118255615,43.871999979019165,0.0709998607635498
43.801000118255615,43.82599997520447,0.02499985694885254
43.801000118255615,43.82599997520447,0.02499985694885254
43.801000118255615,43.82599997520447,0.02499985694885254
43.80200004577637,43.873000144958496,0.0710000991821289
43.80200004577637,43.871999979019165,0.06999993324279785
43.80200004577637,43.873000144958496,0.0710000991821289
43.80200004577637,43.873000144958496,0.0710000991821289
43.85000014305115,43.91700005531311,0.06699991226196289
43.85000014305115,43.873000144958496,0.023000001907348633
43.85000014305115,43.873000144958496,0.023000001907348633
43.85000014305115,43.871999979019165,0.021999835968017578
43.85000014305115,43.873000144958496,0.023000001907348633
43.85000014305115,43.91700005531311,0.06699991226196289
43.85000014305115,43.873000144958496,0.023000001907348633
43.85000014305115,43.873000144958496,0.023000001907348633
43.8510000705719,43.91600012779236,0.06500005722045898
43.8529999256134,43.871999979019165,0.01900005340576172
43.90000009536743,43.973000049591064,0.07299995422363281
43.90000009536743,43.91600012779236,0.016000032424926758
43.90000009536743,43.91700005531311,0.01699995994567871
43.90000009536743,43.973999977111816,0.07399988174438477
43.90000009536743,43.973000049591064,0.07299995422363281
43.90000009536743,43.973000049591064,0.07299995422363281
43.90000009536743,43.973999977111816,0.07399988174438477
43.90300011634827,43.91600012779236,0.013000011444091797
43.90300011634827,43.91700005531311,0.01399993896484375
43.90300011634827,43.973000049591064,0.06999993324279785
43.950000047683716,44.026000022888184,0.07599997520446777
43.95099997520447,43.98200011253357,0.031000137329101562
43.95099997520447,43.98200011253357,0.031000137329101562
43.95099997520447,44.026000022888184,0.07500004768371582
43.9520001411438,44.026000022888184,0.07399988174438477
43.9520001411438,43.98200011253357,0.029999971389770508
43.9520001411438,43.98200011253357,0.029999971389770508
43.9520001411438,43.98200011253357,0.029999971389770508
43.9520001411438,44.02500009536743,0.07299995422363281
43.9520001411438,43.98200011253357,0.029999971389770508
44.0,44.026000022888184,0.026000022888183594
44.0,44.07299995422363,0.07299995422363281
44.00099992752075,44.026000022888184,0.02500009536743164
44.00099992752075,44.026000022888184,0.02500009536743164
44.00099992752075,44.07299995422363,0.07200002670288086
44.00099992752075,44.07299995422363,0.07200002670288086
44.00200009346008,44.026000022888184,0.023999929428100586
44.00200009346008,44.07200002670288,0.06999993324279785
44.003000020980835,44.07299995422363,0.06999993324279785
44.003000020980835,44.026000022888184,0.023000001907348633
44.049999952316284,44.074000120162964,0.024000167846679688
44.049999952316284,44.075000047683716,0.02500009536743164
44.049999952316284,44.07200002670288,0.02200007438659668
44.049999952316284,44.075000047683716,0.02500009536743164
44.049999952316284,44.074000120162964,0.024000167846679688
44.049999952316284,44.111000061035156,0.06100010871887207
44.051000118255615,44.075000047683716,0.023999929428100586
44.051000118255615,44.074000120162964,0.023000001907348633
44.05200004577637,44.07299995422363,0.020999908447265625
44.05299997329712,44.074000120162964,0.021000146865844727
44.10000014305115,44.111000061035156,0.010999917984008789
44.1010000705719,44.111000061035156,0.009999990463256836
44.1010000705719,44.16900014877319,0.06800007820129395
44.1010000705719,44.111000061035156,0.009999990463256836
44.1010000705719,44.16900014877319,0.06800007820129395
44.10199999809265,44.111000061035156,0.009000062942504883
44.10199999809265,44.111000061035156,0.009000062942504883
44.10199999809265,44.16900014877319,0.06700015068054199
44.10199999809265,44.111000061035156,0.009000062942504883
44.1029999256134,44.16900014877319,0.06600022315979004
44.14800000190735,44.1800000667572,0.032000064849853516
44.15000009536743,44.1800000667572,0.029999971389770508
44.15000009536743,44.1800000667572,0.029999971389770508
44.151000022888184,44.1800000667572,0.029000043869018555
44.151000022888184,44.17900013923645,0.0280001163482666
44.151000022888184,44.1800000667572,0.029000043869018555
44.151000022888184,44.1800000667572,0.029000043869018555
44.151000022888184,44.17799997329712,0.026999950408935547
44.151000022888184,44.17900013923645,0.0280001163482666
44.151000022888184,44.17799997329712,0.026999950408935547
44.19799995422363,44.223999977111816,0.026000022888183594
44.200000047683716,44.223999977111816,0.023999929428100586
44.200000047683716,44.26699995994568,0.06699991226196289
44.200000047683716,44.26699995994568,0.06699991226196289
44.200000047683716,44.223999977111816,0.023999929428100586
44.200000047683716,44.223999977111816,0.023999929428100586
44.200000047683716,44.223999977111816,0.023999929428100586
44.200000047683716,44.223999977111816,0.023999929428100586
44.20099997520447,44.26699995994568,0.06599998474121094
44.20099997520447,44.223999977111816,0.023000001907348633
44.25,44.31599998474121,0.06599998474121094
44.25099992752075,44.26699995994568,0.016000032424926758
44.25099992752075,44.26699995994568,0.016000032424926758
44.25099992752075,44.31599998474121,0.06500005722045898
44.25099992752075,44.31599998474121,0.06500005722045898
44.25099992752075,44.26699995994568,0.016000032424926758
44.25099992752075,44.31599998474121,0.06500005722045898
44.25200009346008,44.26699995994568,0.014999866485595703
44.25200009346008,44.26699995994568,0.014999866485595703
44.25200009346008,44.26699995994568,0.014999866485595703
44.299999952316284,44.31599998474121,0.016000032424926758
44.301000118255615,44.31599998474121,0.014999866485595703
44.301000118255615,44.31599998474121,0.014999866485595703
44.301000118255615,44.371999979019165,0.0709998607635498
44.301000118255615,44.31599998474121,0.014999866485595703
44.301000118255615,44.37000012397766,0.0690000057220459
44.301000118255615,44.37000012397766,0.0690000057220459
44.301000118255615,44.37000012397766,0.0690000057220459
44.30200004577637,44.371999979019165,0.06999993324279785
44.30299997329712,44.371999979019165,0.0690000057220459
44.348999977111816,44.420000076293945,0.0710000991821289
44.3510000705719,44.38199996948242,0.03099989891052246
44.3510000705719,44.420000076293945,0.0690000057220459
44.3510000705719,44.420000076293945,0.0690000057220459
44.3510000705719,44.38199996948242,0.03099989891052246
44.3510000705719,44.420000076293945,0.0690000057220459
44.35199999809265,44.420000076293945,0.06800007820129395
44.35199999809265,44.38199996948242,0.029999971389770508
44.35199999809265,44.38199996948242,0.029999971389770508
44.35199999809265,44.38199996948242,0.029999971389770508
44.40000009536743,44.420000076293945,0.019999980926513672
44.40000009536743,44.420000076293945,0.019999980926513672
44.40000009536743,44.42400002479553,0.023999929428100586
44.40000009536743,44.420000076293945,0.019999980926513672
44.40000009536743,44.42400002479553,0.023999929428100586
44.40000009536743,44.42400002479553,0.023999929428100586
44.401000022888184,44.42400002479553,0.023000001907348633
44.401000022888184,44.42400002479553,0.023000001907348633
44.40300011634827,44.42400002479553,0.020999908447265625
44.40300011634827,44.42400002479553,0.020999908447265625
44.449000120162964,44.46500015258789,0.016000032424926758
44.4520001411438,44.46399998664856,0.011999845504760742
44.4520001411438,44.51900005340576,0.06699991226196289
44.4520001411438,44.51900005340576,0.06699991226196289
44.4520001411438,44.46500015258789,0.013000011444091797
44.4520001411438,44.46399998664856,0.011999845504760742
44.4520001411438,44.46399998664856,0.011999845504760742
44.4520001411438,44.46399998664856,0.011999845504760742
44.4520001411438,44.46399998664856,0.011999845504760742
44.4520001411438,44.51900005340576,0.06699991226196289
44.5,44.57200002670288,0.07200002670288086
44.5,44.52800011634827,0.0280001163482666
44.5,44.52800011634827,0.0280001163482666
44.5,44.57200002670288,0.07200002670288086
44.5,44.51900005340576,0.01900005340576172
44.50200009346008,44.52800011634827,0.026000022888183594
44.50200009346008,44.52900004386902,0.026999950408935547
44.50200009346008,44.57200002670288,0.06999993324279785
44.50200009346008,44.52900004386902,0.026999950408935547
44.50200009346008,44.57200002670288,0.06999993324279785
44.54900002479553,44.57200002670288,0.023000001907348633
44.551000118255615,44.574000120162964,0.023000001907348633
44.551000118255615,44.574000120162964,0.023000001907348633
44.551000118255615,44.574000120162964,0.023000001907348633
44.551000118255615,44.575000047683716,0.023999929428100586
44.551000118255615,44.62400007247925,0.07299995422363281
44.551000118255615,44.574000120162964,0.023000001907348633
44.551000118255615,44.574000120162964,0.023000001907348633
44.55200004577637,44.575000047683716,0.023000001907348633
44.55200004577637,44.62400007247925,0.07200002670288086
44.60000014305115,44.670000076293945,0.06999993324279785
44.60000014305115,44.62400007247925,0.023999929428100586
44.60199999809265,44.66900014877319,0.06700015068054199
44.60199999809265,44.62400007247925,0.02200007438659668
44.60199999809265,44.66900014877319,0.06700015068054199
44.60199999809265,44.62400007247925,0.02200007438659668
44.60199999809265,44.62400007247925,0.02200007438659668
44.60199999809265,44.62400007247925,0.02200007438659668
44.60199999809265,44.62400007247925,0.02200007438659668
44.60199999809265,44.66900014877319,0.06700015068054199
44.6489999294281,44.67199993133545,0.023000001907348633
44.65000009536743,44.67199993133545,0.021999835968017578
44.65000009536743,44.67199993133545,0.021999835968017578
44.65000009536743,44.670000076293945,0.019999980926513672
44.65000009536743,44.670000076293945,0.019999980926513672
44.65000009536743,44.67199993133545,0.021999835968017578
44.651000022888184,44.67199993133545,0.020999908447265625
44.651000022888184,44.67199993133545,0.020999908447265625
44.65300011634827,44.66900014877319,0.016000032424926758
44.65300011634827,44.67199993133545,0.018999814987182617
44.699000120162964,44.71600008010864,0.01699995994567871
44.700000047683716,44.769999980926514,0.06999993324279785
44.700000047683716,44.72699999809265,0.026999950408935547
44.700000047683716,44.72699999809265,0.026999950408935547
44.700000047683716,44.72699999809265,0.026999950408935547
44.70099997520447,44.72699999809265,0.026000022888183594
44.7020001411438,44.769999980926514,0.06799983978271484
44.7020001411438,44.71600008010864,0.01399993896484375
44.7020001411438,44.72699999809265,0.02499985694885254
44.7020001411438,44.72699999809265,0.02499985694885254
44.74900007247925,44.776000022888184,0.026999950408935547
44.75099992752075,44.769999980926514,0.01900005340576172
44.75099992752075,44.776000022888184,0.02500009536743164
44.75099992752075,44.776000022888184,0.02500009536743164
44.75099992752075,44.769999980926514,0.01900005340576172
44.75099992752075,44.776000022888184,0.02500009536743164
44.75099992752075,44.776000022888184,0.02500009536743164
44.75099992752075,44.776000022888184,0.02500009536743164
44.75200009346008,44.776000022888184,0.023999929428100586
44.75200009346008,44.769999980926514,0.017999887466430664
44.79900002479553,44.81500005722046,0.016000032424926758
44.799999952316284,44.861000061035156,0.06100010871887207
44.801000118255615,44.81500005722046,0.01399993896484375
44.801000118255615,44.860000133514404,0.05900001525878906
44.801000118255615,44.81500005722046,0.01399993896484375
44.801000118255615,44.81500005722046,0.01399993896484375
44.801000118255615,44.81500005722046,0.01399993896484375
44.801000118255615,44.860000133514404,0.05900001525878906
44.801000118255615,44.81500005722046,0.01399993896484375
44.80200004577637,44.81500005722046,0.013000011444091797
44.85000014305115,44.860000133514404,0.009999990463256836
44.85000014305115,44.861000061035156,0.010999917984008789
44.85000014305115,44.91000008583069,0.059999942779541016
44.85000014305115,44.91000008583069,0.059999942779541016
44.85000014305115,44.861000061035156,0.010999917984008789
44.85000014305115,44.860000133514404,0.009999990463256836
44.85000014305115,44.91000008583069,0.059999942779541016
44.8510000705719,44.91000008583069,0.05900001525878906
44.8510000705719,44.860000133514404,0.009000062942504883
44.8510000705719,44.91000008583069,0.05900001525878906
44.90000009536743,44.924999952316284,0.02499985694885254
44.901000022888184,44.924999952316284,0.023999929428100586
44.901000022888184,44.97200012207031,0.0710000991821289
44.901000022888184,44.97200012207031,0.0710000991821289
44.901000022888184,44.924999952316284,0.023999929428100586
44.901000022888184,44.924999952316284,0.023999929428100586
44.901000022888184,44.924999952316284,0.023999929428100586
44.901000022888184,44.97099995613098,0.06999993324279785
44.901999950408936,44.924999952316284,0.023000001907348633
44.901999950408936,44.924999952316284,0.023000001907348633
44.950000047683716,44.97200012207031,0.02200007438659668
44.9520001411438,44.97200012207031,0.019999980926513672
44.9520001411438,45.01200008392334,0.059999942779541016
44.9520001411438,45.01200008392334,0.059999942779541016
44.9520001411438,44.97200012207031,0.019999980926513672
44.9520001411438,45.01300001144409,0.06099987030029297
44.9520001411438,45.01200008392334,0.059999942779541016
44.9520001411438,45.01200008392334,0.059999942779541016
44.9520001411438,45.01200008392334,0.059999942779541016
44.9520001411438,44.97200012207031,0.019999980926513672
44.99900007247925,45.01800012588501,0.01900005340576172
45.0,45.01800012588501,0.018000125885009766
45.0,45.068000078201294,0.06800007820129395
45.0,45.01200008392334,0.012000083923339844
45.00099992752075,45.068000078201294,0.06700015068054199
45.00200009346008,45.01800012588501,0.016000032424926758
45.00200009346008,45.01800012588501,0.016000032424926758
45.00200009346008,45.01800012588501,0.016000032424926758
45.00200009346008,45.01900005340576,0.01699995994567871
45.003000020980835,45.01800012588501,0.015000104904174805
45.049999952316284,45.123000144958496,0.07300019264221191
45.049999952316284,45.0770001411438,0.02700018882751465
45.049999952316284,45.0770001411438,0.02700018882751465
45.049999952316284,45.0770001411438,0.02700018882751465
45.049999952316284,45.0770001411438,0.02700018882751465
45.049999952316284,45.068000078201294,0.018000125885009766
45.049999952316284,45.123000144958496,0.07300019264221191
45.05200004577637,45.123000144958496,0.0710000991821289
45.05299997329712,45.123000144958496,0.07000017166137695
45.05299997329712,45.0770001411438,0.024000167846679688
45.098999977111816,45.12700009346008,0.0280001163482666
45.1010000705719,45.12700009346008,0.026000022888183594
45.1010000705719,45.16499996185303,0.06399989128112793
45.1010000705719,45.12700009346008,0.026000022888183594
45.1010000705719,45.123000144958496,0.02200007438659668
45.1010000705719,45.12700009346008,0.026000022888183594
45.1010000705719,45.12700009346008,0.026000022888183594
45.1010000705719,45.12700009346008,0.026000022888183594
45.1010000705719,45.123000144958496,0.02200007438659668
45.10199999809265,45.12700009346008,0.02500009536743164
45.15000009536743,45.20900011062622,0.05900001525878906
45.15000009536743,45.16499996185303,0.014999866485595703
45.15000009536743,45.16600012779236,0.016000032424926758
45.15000009536743,45.20900011062622,0.05900001525878906
45.15000009536743,45.16499996185303,0.014999866485595703
45.151999950408936,45.16499996185303,0.013000011444091797
45.151999950408936,45.16600012779236,0.014000177383422852
45.151999950408936,45.20900011062622,0.057000160217285156
45.151999950408936,45.16499996185303,0.013000011444091797
45.151999950408936,45.20900011062622,0.057000160217285156
45.200000047683716,45.20900011062622,0.009000062942504883
45.200000047683716,45.21600008010864,0.016000032424926758
45.200000047683716,45.21500015258789,0.015000104904174805
45.200000047683716,45.21600008010864,0.016000032424926758
45.200000047683716,45.20900011062622,0.009000062942504883
45.200000047683716,45.21500015258789,0.015000104904174805
45.200000047683716,45.20900011062622,0.009000062942504883
45.20300006866455,45.259000062942505,0.0559999942779541
45.20300006866455,45.259000062942505,0.0559999942779541
45.20300006866455,45.259000062942505,0.0559999942779541
45.25,45.27500009536743,0.02500009536743164
45.25,45.31599998474121,0.06599998474121094
45.25,45.27500009536743,0.02500009536743164
45.25200009346008,45.31700015068054,0.06500005722045898
45.25200009346008,45.27500009536743,0.023000001907348633
45.25200009346008,45.27500009536743,0.023000001907348633
45.25200009346008,45.27500009536743,0.023000001907348633
45.25200009346008,45.31599998474121,0.06399989128112793
45.25200009346008,45.27500009536743,0.023000001907348633
45.25200009346008,45.31700015068054,0.06500005722045898
45.299999952316284,45.32299995422363,0.023000001907348633
45.299999952316284,45.32299995422363,0.023000001907348633
45.299999952316284,45.32299995422363,0.023000001907348633
45.299999952316284,45.32299995422363,0.023000001907348633
45.30200004577637,45.31700015068054,0.015000104904174805
45.30200004577637,45.32299995422363,0.020999908447265625
45.30200004577637,45.36300015449524,0.06100010871887207
45.30200004577637,45.32299995422363,0.020999908447265625
45.30200004577637,45.32299995422363,0.020999908447265625
45.30200004577637,45.36300015449524,0.06100010871887207
45.35000014305115,45.36300015449524,0.013000011444091797
45.35000014305115,45.36300015449524,0.013000011444091797
45.35000014305115,45.41300010681152,0.06299996376037598
45.35000014305115,45.41300010681152,0.06299996376037598
45.35000014305115,45.36300015449524,0.013000011444091797
45.35000014305115,45.36300015449524,0.013000011444091797
45.35000014305115,45.41300010681152,0.06299996376037598
45.35000014305115,45.41300010681152,0.06299996376037598
45.3510000705719,45.36300015449524,0.012000083923339844
45.3510000705719,45.41300010681152,0.06200003623962402
45.40000009536743,45.42799997329712,0.0279998779296875
45.40000009536743,45.42799997329712,0.0279998779296875
45.401000022888184,45.42799997329712,0.026999950408935547
45.401999950408936,45.42799997329712,0.026000022888183594
45.401999950408936,45.42799997329712,0.026000022888183594
45.401999950408936,45.41700005531311,0.015000104904174805
45.401999950408936,45.42799997329712,0.026000022888183594
45.401999950408936,45.42799997329712,0.026000022888183594
45.401999950408936,45.41700005531311,0.015000104904174805
45.401999950408936,45.4760000705719,0.07400012016296387
45.44799995422363,45.521000146865845,0.07300019264221191
45.450000047683716,45.4760000705719,0.026000022888183594
45.45099997520447,45.521000146865845,0.07000017166137695
45.45099997520447,45.521000146865845,0.07000017166137695
45.45099997520447,45.521000146865845,0.07000017166137695
45.45099997520447,45.521000146865845,0.07000017166137695
45.4520001411438,45.47699999809265,0.02499985694885254
45.4520001411438,45.4760000705719,0.023999929428100586
45.4520001411438,45.4760000705719,0.023999929428100586
45.45300006866455,45.5220000743866,0.0690000057220459
45.5,45.5239999294281,0.023999929428100586
45.5,45.5239999294281,0.023999929428100586
45.50200009346008,45.521000146865845,0.01900005340576172
45.50200009346008,45.55900001525879,0.056999921798706055
45.50200009346008,45.5239999294281,0.021999835968017578
45.50200009346008,45.5239999294281,0.021999835968017578
45.50200009346008,45.5239999294281,0.021999835968017578
45.50200009346008,45.5239999294281,0.021999835968017578
45.503000020980835,45.5239999294281,0.020999908447265625
45.503000020980835,45.521000146865845,0.018000125885009766
45.549999952316284,45.62100005149841,0.0710000991821289
45.549999952316284,45.55999994277954,0.009999990463256836
45.549999952316284,45.62100005149841,0.0710000991821289
45.549999952316284,45.55900001525879,0.009000062942504883
45.549999952316284,45.55900001525879,0.009000062942504883
45.549999952316284,45.55900001525879,0.009000062942504883
45.549999952316284,45.62100005149841,0.0710000991821289
45.549999952316284,45.621999979019165,0.07200002670288086
45.55200004577637,45.55900001525879,0.006999969482421875
45.55299997329712,45.621999979019165,0.0690000057220459
45.598000049591064,45.63199996948242,0.03399991989135742
45.6010000705719,45.63199996948242,0.03099989891052246
45.6010000705719,45.63000011444092,0.029000043869018555
45.60199999809265,45.63199996948242,0.029999971389770508
45.60199999809265,45.63199996948242,0.029999971389770508
45.60199999809265,45.63000011444092,0.0280001163482666
45.60199999809265,45.63199996948242,0.029999971389770508
45.60199999809265,45.63199996948242,0.029999971389770508
45.60199999809265,45.63000011444092,0.0280001163482666
45.60199999809265,45.63199996948242,0.029999971389770508
45.65000009536743,45.6710000038147,0.020999908447265625
45.65000009536743,45.6710000038147,0.020999908447265625
45.65000009536743,45.712000131607056,0.06200003623962402
45.65000009536743,45.712000131607056,0.06200003623962402
45.65000009536743,45.670000076293945,0.019999980926513672
45.651000022888184,45.670000076293945,0.01900005340576172
45.651000022888184,45.71300005912781,0.06200003623962402
45.651999950408936,45.6710000038147,0.01900005340576172
45.651999950408936,45.6710000038147,0.01900005340576172
45.651999950408936,45.6710000038147,0.01900005340576172
45.699000120162964,45.71300005912781,0.01399993896484375
45.700000047683716,45.76300001144409,0.06299996376037598
45.7020001411438,45.712000131607056,0.009999990463256836
45.7020001411438,45.76300001144409,0.06099987030029297
45.7020001411438,45.76300001144409,0.06099987030029297
45.7020001411438,45.712000131607056,0.009999990463256836
45.7020001411438,45.712000131607056,0.009999990463256836
45.7020001411438,45.712000131607056,0.009999990463256836
45.7020001411438,45.76300001144409,0.06099987030029297
45.7020001411438,45.76300001144409,0.06099987030029297
45.75,45.77999997138977,0.029999971389770508
45.75200009346008,45.82200002670288,0.06999993324279785
45.75200009346008,45.76600003242493,0.01399993896484375
45.753000020980835,45.77999997138977,0.026999950408935547
45.753000020980835,45.7810001373291,0.0280001163482666
45.753000020980835,45.76300001144409,0.009999990463256836
45.753000020980835,45.77999997138977,0.026999950408935547
45.753000020980835,45.77999997138977,0.026999950408935547
45.753000020980835,45.77999997138977,0.026999950408935547
45.753000020980835,45.77999997138977,0.026999950408935547
45.79800009727478,45.867000102996826,0.0690000057220459
45.799999952316284,45.82200002670288,0.02200007438659668
45.799999952316284,45.865999937057495,0.06599998474121094
45.799999952316284,45.867000102996826,0.06700015068054199
45.799999952316284,45.865999937057495,0.06599998474121094
45.799999952316284,45.82200002670288,0.02200007438659668
45.799999952316284,45.82200002670288,0.02200007438659668
45.801000118255615,45.867000102996826,0.06599998474121094
45.801000118255615,45.82200002670288,0.020999908447265625
45.80200004577637,45.82200002670288,0.019999980926513672
45.85000014305115,45.87000012397766,0.019999980926513672
45.85000014305115,45.87000012397766,0.019999980926513672
45.85000014305115,45.91799998283386,0.06799983978271484
45.85000014305115,45.87000012397766,0.019999980926513672
45.85000014305115,45.87000012397766,0.019999980926513672
45.85000014305115,45.91799998283386,0.06799983978271484
45.85000014305115,45.87000012397766,0.019999980926513672
45.8529999256134,45.87000012397766,0.017000198364257812
45.8529999256134,45.865999937057495,0.013000011444091797
45.8529999256134,45.87000012397766,0.017000198364257812
45.90000009536743,45.96799993515015,0.06799983978271484
45.90000009536743,45.91799998283386,0.017999887466430664
45.90000009536743,45.91799998283386,0.017999887466430664
45.90000009536743,45.91799998283386,0.017999887466430664
45.901000022888184,45.91799998283386,0.01699995994567871
45.901000022888184,45.96799993515015,0.06699991226196289
45.901999950408936,45.96799993515015,0.06599998474121094
45.901999950408936,45.96799993515015,0.06599998474121094
45.901999950408936,45.967000007629395,0.06500005722045898
45.901999950408936,45.96799993515015,0.06599998474121094
45.950000047683716,45.9760000705719,0.026000022888183594
45.950000047683716,45.96799993515015,0.017999887466430664
45.9520001411438,45.9760000705719,0.023999929428100586
45.9520001411438,45.96799993515015,0.015999794006347656
45.9520001411438,45.96799993515015,0.015999794006347656
45.9520001411438,45.97699999809265,0.02499985694885254
45.9520001411438,45.9760000705719,0.023999929428100586
45.9520001411438,45.9760000705719,0.023999929428100586
45.9520001411438,45.9760000705719,0.023999929428100586
45.9520001411438,45.9760000705719,0.023999929428100586
46.0,46.015000104904175,0.015000104904174805
46.0,46.068000078201294,0.06800007820129395
46.0,46.068000078201294,0.06800007820129395
46.0,46.068000078201294,0.06800007820129395
46.0,46.015000104904175,0.015000104904174805
46.0,46.015000104904175,0.015000104904174805
46.0,46.068000078201294,0.06800007820129395
46.0,46.068000078201294,0.06800007820129395
46.0,46.068000078201294,0.06800007820129395
46.003000020980835,46.015000104904175,0.012000083923339844
46.049999952316284,46.110000133514404,0.06000018119812012
46.049999952316284,46.0699999332428,0.019999980926513672
46.049999952316284,46.0699999332428,0.019999980926513672
46.049999952316284,46.0699999332428,0.019999980926513672
46.05200004577637,46.0699999332428,0.017999887466430664
46.05200004577637,46.110000133514404,0.05800008773803711
46.05299997329712,46.0699999332428,0.01699995994567871
46.05299997329712,46.110000133514404,0.057000160217285156
46.05299997329712,46.0699999332428,0.01699995994567871
46.05299997329712,46.0699999332428,0.01699995994567871
46.098999977111816,46.111000061035156,0.012000083923339844
46.10000014305115,46.12700009346008,0.026999950408935547
46.1010000705719,46.12700009346008,0.026000022888183594
46.1010000705719,46.12700009346008,0.026000022888183594
46.1010000705719,46.110000133514404,0.009000062942504883
46.10199999809265,46.12700009346008,0.02500009536743164
46.10199999809265,46.12700009346008,0.02500009536743164
46.10199999809265,46.110000133514404,0.00800013542175293
46.10199999809265,46.12700009346008,0.02500009536743164
46.10199999809265,46.12700009346008,0.02500009536743164
46.15000009536743,46.16900014877319,0.01900005340576172
46.15000009536743,46.176000118255615,0.026000022888183594
46.15000009536743,46.176000118255615,0.026000022888183594
46.15000009536743,46.176000118255615,0.026000022888183594
46.15000009536743,46.176000118255615,0.026000022888183594
46.15000009536743,46.176000118255615,0.026000022888183594
46.15000009536743,46.22099995613098,0.0709998607635498
46.15000009536743,46.176000118255615,0.026000022888183594
46.15300011634827,46.22099995613098,0.06799983978271484
46.15300011634827,46.176000118255615,0.023000001907348633
46.200000047683716,46.26100015640259,0.06100010871887207
46.200000047683716,46.26100015640259,0.06100010871887207
46.20099997520447,46.22099995613098,0.019999980926513672
46.20099997520447,46.25999999046326,0.05900001525878906
46.20099997520447,46.22099995613098,0.019999980926513672
46.20099997520447,46.22099995613098,0.019999980926513672
46.20099997520447,46.26100015640259,0.06000018119812012
46.20099997520447,46.25999999046326,0.05900001525878906
46.2020001411438,46.22099995613098,0.018999814987182617
46.2020001411438,46.22099995613098,0.018999814987182617
46.248000144958496,46.265000104904175,0.01699995994567871
46.25099992752075,46.318000078201294,0.06700015068054199
46.25099992752075,46.265000104904175,0.014000177383422852
46.25099992752075,46.26600003242493,0.015000104904174805
46.25099992752075,46.318000078201294,0.06700015068054199
46.25099992752075,46.265000104904175,0.014000177383422852
46.25099992752075,46.25999999046326,0.009000062942504883
46.25099992752075,46.26100015640259,0.010000228881835938
46.25099992752075,46.26600003242493,0.015000104904174805
46.25099992752075,46.265000104904175,0.014000177383422852
46.299999952316284,46.371999979019165,0.07200002670288086
46.301000118255615,46.3270001411438,0.026000022888183594
46.301000118255615,46.371999979019165,0.0709998607635498
46.301000118255615,46.3270001411438,0.026000022888183594
46.301000118255615,46.371999979019165,0.0709998607635498
46.301000118255615,46.37100005149841,0.06999993324279785
46.30200004577637,46.3270001411438,0.02500009536743164
46.30200004577637,46.371999979019165,0.06999993324279785
46.30299997329712,46.37100005149841,0.06800007820129395
46.30299997329712,46.3270001411438,0.024000167846679688
46.35000014305115,46.414000034332275,0.06399989128112793
46.35000014305115,46.375,0.02499985694885254
46.35000014305115,46.41300010681152,0.06299996376037598
46.35199999809265,46.371999979019165,0.019999980926513672
46.35199999809265,46.375,0.023000001907348633
46.35199999809265,46.375,0.023000001907348633
46.35199999809265,46.375,0.023000001907348633
46.35199999809265,46.375,0.023000001907348633
46.35199999809265,46.375,0.023000001907348633
46.3529999256134,46.375,0.02200007438659668
46.40000009536743,46.46900010108948,0.0690000057220459
46.401999950408936,46.41300010681152,0.01100015640258789
46.401999950408936,46.46799993515015,0.06599998474121094
46.401999950408936,46.41300010681152,0.01100015640258789
46.401999950408936,46.41300010681152,0.01100015640258789
46.401999950408936,46.46799993515015,0.06599998474121094
46.401999950408936,46.41300010681152,0.01100015640258789
46.401999950408936,46.414000034332275,0.012000083923339844
46.401999950408936,46.46799993515015,0.06599998474121094
46.401999950408936,46.46799993515015,0.06599998474121094
46.450000047683716,46.4779999256134,0.0279998779296875
46.450000047683716,46.4779999256134,0.0279998779296875
46.450000047683716,46.4779999256134,0.0279998779296875
46.450000047683716,46.4779999256134,0.0279998779296875
46.450000047683716,46.46799993515015,0.017999887466430664
46.45099997520447,46.4779999256134,0.026999950408935547
46.45099997520447,46.4779999256134,0.026999950408935547
46.45099997520447,46.4779999256134,0.026999950408935547
46.4520001411438,46.52900004386902,0.07699990272521973
46.4520001411438,46.46799993515015,0.015999794006347656
46.5,46.5310001373291,0.031000137329101562
46.50099992752075,46.52900004386902,0.0280001163482666
46.50099992752075,46.52999997138977,0.029000043869018555
46.50099992752075,46.52999997138977,0.029000043869018555
46.50099992752075,46.52999997138977,0.029000043869018555
46.50099992752075,46.52900004386902,0.0280001163482666
46.50099992752075,46.52999997138977,0.029000043869018555
46.50200009346008,46.5310001373291,0.029000043869018555
46.50200009346008,46.52900004386902,0.026999950408935547
46.50200009346008,46.5310001373291,0.029000043869018555
46.54900002479553,46.61800003051758,0.0690000057220459
46.551000118255615,46.5699999332428,0.018999814987182617
46.551000118255615,46.61800003051758,0.06699991226196289
46.551000118255615,46.57100009918213,0.019999980926513672
46.551000118255615,46.57100009918213,0.019999980926513672
46.551000118255615,46.57100009918213,0.019999980926513672
46.55200004577637,46.5699999332428,0.017999887466430664
46.55200004577637,46.5699999332428,0.017999887466430664
46.55200004577637,46.61800003051758,0.06599998474121094
46.55200004577637,46.5699999332428,0.017999887466430664
46.598999977111816,46.66799998283386,0.0690000057220459
46.6010000705719,46.66799998283386,0.06699991226196289
46.6010000705719,46.617000102996826,0.016000032424926758
46.60199999809265,46.66799998283386,0.06599998474121094
46.60199999809265,46.61800003051758,0.016000032424926758
46.60199999809265,46.61800003051758,0.016000032424926758
46.60199999809265,46.61800003051758,0.016000032424926758
46.60199999809265,46.61800003051758,0.016000032424926758
46.60199999809265,46.66799998283386,0.06599998474121094
46.60199999809265,46.66799998283386,0.06599998474121094
46.64800000190735,46.66799998283386,0.019999980926513672
46.651000022888184,46.67900013923645,0.0280001163482666
46.651000022888184,46.67900013923645,0.0280001163482666
46.651000022888184,46.72099995613098,0.06999993324279785
46.651000022888184,46.67900013923645,0.0280001163482666
46.651000022888184,46.67900013923645,0.0280001163482666
46.651000022888184,46.67900013923645,0.0280001163482666
46.651000022888184,46.67900013923645,0.0280001163482666
46.651000022888184,46.67300009727478,0.02200007438659668
46.651000022888184,46.67900013923645,0.0280001163482666
46.69799995422363,46.76800012588501,0.07000017166137695
46.70099997520447,46.76800012588501,0.06700015068054199
46.70099997520447,46.76800012588501,0.06700015068054199
46.70099997520447,46.76800012588501,0.06700015068054199
46.70099997520447,46.72099995613098,0.019999980926513672
46.70099997520447,46.72099995613098,0.019999980926513672
46.70099997520447,46.76800012588501,0.06700015068054199
46.70099997520447,46.72200012207031,0.021000146865844727
46.70099997520447,46.72099995613098,0.019999980926513672
46.70099997520447,46.72099995613098,0.019999980926513672
46.75,46.769999980926514,0.019999980926513672
46.75,46.76900005340576,0.01900005340576172
46.75,46.769999980926514,0.019999980926513672
46.75099992752075,46.76900005340576,0.018000125885009766
46.75200009346008,46.76800012588501,0.016000032424926758
46.75200009346008,46.76900005340576,0.01699995994567871
46.75200009346008,46.76800012588501,0.016000032424926758
46.75200009346008,46.76900005340576,0.01699995994567871
46.75200009346008,46.76800012588501,0.016000032424926758
46.75200009346008,46.769999980926514,0.017999887466430664
46.799999952316284,46.812000036239624,0.012000083923339844
46.799999952316284,46.812000036239624,0.012000083923339844
46.799999952316284,46.812000036239624,0.012000083923339844
46.799999952316284,46.867000102996826,0.06700015068054199
46.799999952316284,46.812000036239624,0.012000083923339844
46.799999952316284,46.867000102996826,0.06700015068054199
46.799999952316284,46.812000036239624,0.012000083923339844
46.80200004577637,46.867000102996826,0.06500005722045898
46.80299997329712,46.867000102996826,0.06400012969970703
46.80299997329712,46.812000036239624,0.009000062942504883
46.848000049591064,46.87700009346008,0.029000043869018555
46.8510000705719,46.92300009727478,0.07200002670288086
46.8510000705719,46.87700009346008,0.026000022888183594
46.8510000705719,46.92400002479553,0.07299995422363281
46.8510000705719,46.92300009727478,0.07200002670288086
46.8510000705719,46.87700009346008,0.026000022888183594
46.8510000705719,46.87700009346008,0.026000022888183594
46.8510000705719,46.92300009727478,0.07200002670288086
46.8510000705719,46.87700009346008,0.026000022888183594
46.8510000705719,46.92300009727478,0.07200002670288086
46.90000009536743,46.92300009727478,0.023000001907348633
46.90000009536743,46.92300009727478,0.023000001907348633
46.90000009536743,46.967000007629395,0.06699991226196289
46.90000009536743,46.967000007629395,0.06699991226196289
46.90000009536743,46.92300009727478,0.023000001907348633
46.90000009536743,46.967000007629395,0.06699991226196289
46.90000009536743,46.967000007629395,0.06699991226196289
46.901000022888184,46.967000007629395,0.06599998474121094
46.90300011634827,46.967000007629395,0.06399989128112793
46.90300011634827,46.92300009727478,0.019999980926513672
46.950000047683716,46.967000007629395,0.01699995994567871
46.950000047683716,46.96799993515015,0.017999887466430664
46.950000047683716,46.967000007629395,0.01699995994567871
46.950000047683716,46.96799993515015,0.017999887466430664
46.950000047683716,46.96799993515015,0.017999887466430664
46.950000047683716,46.96799993515015,0.017999887466430664
46.950000047683716,46.96799993515015,0.017999887466430664
46.95099997520447,46.967000007629395,0.016000032424926758
46.95099997520447,46.967000007629395,0.016000032424926758
46.95099997520447,46.96799993515015,0.01699995994567871
46.99900007247925,47.013999938964844,0.014999866485595703
47.0,47.0310001373291,0.031000137329101562
47.00200009346008,47.02999997138977,0.0279998779296875
47.00200009346008,47.074000120162964,0.07200002670288086
47.00200009346008,47.0310001373291,0.029000043869018555
47.00200009346008,47.074000120162964,0.07200002670288086
47.00200009346008,47.0310001373291,0.029000043869018555
47.00200009346008,47.0310001373291,0.029000043869018555
47.00200009346008,47.074000120162964,0.07200002670288086
47.00200009346008,47.074000120162964,0.07200002670288086
47.049999952316284,47.0770001411438,0.02700018882751465
47.049999952316284,47.07599997520447,0.026000022888183594
47.05200004577637,47.07599997520447,0.023999929428100586
47.05200004577637,47.074000120162964,0.02200007438659668
47.05200004577637,47.074000120162964,0.02200007438659668
47.05200004577637,47.074000120162964,0.02200007438659668
47.05200004577637,47.0770001411438,0.02500009536743164
47.05200004577637,47.07599997520447,0.023999929428100586
47.05200004577637,47.07599997520447,0.023999929428100586
47.05200004577637,47.07599997520447,0.023999929428100586
47.098999977111816,47.16600012779236,0.06700015068054199
47.098999977111816,47.16600012779236,0.06700015068054199
47.10000014305115,47.12000012397766,0.019999980926513672
47.10199999809265,47.11899995803833,0.01699995994567871
47.10199999809265,47.12000012397766,0.018000125885009766
47.10199999809265,47.12000012397766,0.018000125885009766
47.10199999809265,47.11899995803833,0.01699995994567871
47.10199999809265,47.11899995803833,0.01699995994567871
47.10199999809265,47.11899995803833,0.01699995994567871
47.10199999809265,47.16600012779236,0.06400012969970703
47.1489999294281,47.16600012779236,0.017000198364257812
47.151999950408936,47.16600012779236,0.014000177383422852
47.151999950408936,47.22000002861023,0.06800007820129395
47.151999950408936,47.22000002861023,0.06800007820129395
47.151999950408936,47.22000002861023,0.06800007820129395
47.151999950408936,47.16600012779236,0.014000177383422852
47.151999950408936,47.16600012779236,0.014000177383422852
47.151999950408936,47.16600012779236,0.014000177383422852
47.151999950408936,47.16600012779236,0.014000177383422852
47.151999950408936,47.22000002861023,0.06800007820129395
47.200000047683716,47.27500009536743,0.07500004768371582
47.20099997520447,47.27500009536743,0.07400012016296387
47.20099997520447,47.27500009536743,0.07400012016296387
47.20099997520447,47.230000019073486,0.029000043869018555
47.2020001411438,47.230000019073486,0.0279998779296875
47.2020001411438,47.2739999294281,0.07199978828430176
47.2020001411438,47.230000019073486,0.0279998779296875
47.2020001411438,47.230000019073486,0.0279998779296875
47.2020001411438,47.230000019073486,0.0279998779296875
47.2020001411438,47.230000019073486,0.0279998779296875
47.25,47.3270001411438,0.07700014114379883
47.25,47.3270001411438,0.07700014114379883
47.25,47.2739999294281,0.023999929428100586
47.25,47.27500009536743,0.02500009536743164
47.25099992752075,47.3270001411438,0.07600021362304688
47.25200009346008,47.27500009536743,0.023000001907348633
47.25200009346008,47.2739999294281,0.021999835968017578
47.25200009346008,47.3270001411438,0.07500004768371582
47.25200009346008,47.3270001411438,0.07500004768371582
47.253000020980835,47.32800006866455,0.07500004768371582
47.29800009727478,47.365999937057495,0.06799983978271484
47.301000118255615,47.330000162124634,0.029000043869018555
47.30200004577637,47.365999937057495,0.06399989128112793
47.30200004577637,47.365999937057495,0.06399989128112793
47.30200004577637,47.330000162124634,0.0280001163482666
47.30200004577637,47.330000162124634,0.0280001163482666
47.30200004577637,47.365999937057495,0.06399989128112793
47.30200004577637,47.330000162124634,0.0280001163482666
47.30200004577637,47.3270001411438,0.02500009536743164
47.30299997329712,47.3270001411438,0.024000167846679688
47.348999977111816,47.365999937057495,0.01699995994567871
47.3510000705719,47.365999937057495,0.014999866485595703
47.3510000705719,47.365999937057495,0.014999866485595703
47.3510000705719,47.38000011444092,0.029000043869018555
47.3510000705719,47.38100004196167,0.029999971389770508
47.3510000705719,47.38000011444092,0.029000043869018555
47.3510000705719,47.38000011444092,0.029000043869018555
47.3510000705719,47.38000011444092,0.029000043869018555
47.3510000705719,47.38000011444092,0.029000043869018555
47.35199999809265,47.365999937057495,0.01399993896484375
47.39800000190735,47.430999994277954,0.03299999237060547
47.40000009536743,47.430999994277954,0.03099989891052246
47.40000009536743,47.473000049591064,0.07299995422363281
47.40000009536743,47.430999994277954,0.03099989891052246
47.40000009536743,47.430999994277954,0.03099989891052246
47.40000009536743,47.47200012207031,0.07200002670288086
47.401000022888184,47.47200012207031,0.0710000991821289
47.401000022888184,47.47200012207031,0.0710000991821289
47.401000022888184,47.47099995613098,0.06999993324279785
47.401000022888184,47.430999994277954,0.029999971389770508
47.450000047683716,47.47099995613098,0.020999908447265625
47.450000047683716,47.47200012207031,0.02200007438659668
47.450000047683716,47.473000049591064,0.023000001907348633
47.450000047683716,47.51900005340576,0.0690000057220459
47.450000047683716,47.473999977111816,0.023999929428100586
47.450000047683716,47.473000049591064,0.023000001907348633
47.450000047683716,47.473999977111816,0.023999929428100586
47.450000047683716,47.473000049591064,0.023000001907348633
47.45300006866455,47.473000049591064,0.019999980926513672
47.45300006866455,47.473000049591064,0.019999980926513672
47.5,47.51800012588501,0.018000125885009766
47.5,47.569000005722046,0.0690000057220459
47.5,47.51800012588501,0.018000125885009766
47.50200009346008,47.51800012588501,0.016000032424926758
47.50200009346008,47.51800012588501,0.016000032424926758
47.50200009346008,47.5699999332428,0.06799983978271484
47.50200009346008,47.569000005722046,0.06699991226196289
47.50200009346008,47.51800012588501,0.016000032424926758
47.50200009346008,47.51900005340576,0.01699995994567871
47.503000020980835,47.569000005722046,0.06599998474121094
47.54800009727478,47.5789999961853,0.03099989891052246
47.55200004577637,47.5789999961853,0.026999950408935547
47.55200004577637,47.5789999961853,0.026999950408935547
47.55200004577637,47.5699999332428,0.017999887466430664
47.55200004577637,47.62000012397766,0.06800007820129395
47.55200004577637,47.62100005149841,0.0690000057220459
47.55200004577637,47.62100005149841,0.0690000057220459
47.55200004577637,47.5789999961853,0.026999950408935547
47.55200004577637,47.61899995803833,0.06699991226196289
47.55200004577637,47.62000012397766,0.06800007820129395
47.60000014305115,47.625,0.02499985694885254
47.60000014305115,47.62100005149841,0.020999908447265625
47.60000014305115,47.66799998283386,0.06799983978271484
47.60000014305115,47.62400007247925,0.023999929428100586
47.60000014305115,47.625,0.02499985694885254
47.60000014305115,47.62400007247925,0.023999929428100586
47.60000014305115,47.62400007247925,0.023999929428100586
47.60000014305115,47.62400007247925,0.023999929428100586
47.6010000705719,47.625,0.023999929428100586
47.6029999256134,47.66799998283386,0.06500005722045898
47.6489999294281,47.66799998283386,0.01900005340576172
47.65000009536743,47.66799998283386,0.017999887466430664
47.65000009536743,47.710999965667725,0.06099987030029297
47.65000009536743,47.712000131607056,0.06200003623962402
47.651000022888184,47.66700005531311,0.016000032424926758
47.651000022888184,47.712000131607056,0.06100010871887207
47.651999950408936,47.66799998283386,0.016000032424926758
47.651999950408936,47.66799998283386,0.016000032424926758
47.651999950408936,47.66799998283386,0.016000032424926758
47.651999950408936,47.710999965667725,0.05900001525878906
47.700000047683716,47.730000019073486,0.029999971389770508
47.70099997520447,47.730000019073486,0.029000043869018555
47.70099997520447,47.730000019073486,0.029000043869018555
47.70099997520447,47.730000019073486,0.029000043869018555
47.7020001411438,47.717000007629395,0.014999866485595703
47.7020001411438,47.730000019073486,0.0279998779296875
47.7020001411438,47.73099994659424,0.028999805450439453
47.7020001411438,47.7739999294281,0.07199978828430176
47.70300006866455,47.7739999294281,0.0709998607635498
47.70300006866455,47.730000019073486,0.026999950408935547
47.74900007247925,47.77500009536743,0.026000022888183594
47.75200009346008,47.81599998474121,0.06399989128112793
47.75200009346008,47.81500005722046,0.06299996376037598
47.75200009346008,47.81599998474121,0.06399989128112793
47.75200009346008,47.81599998474121,0.06399989128112793
47.75200009346008,47.77500009536743,0.023000001907348633
47.75200009346008,47.7739999294281,0.021999835968017578
47.75200009346008,47.81500005722046,0.06299996376037598
47.75200009346008,47.77500009536743,0.023000001907348633
47.75200009346008,47.81500005722046,0.06299996376037598
47.799999952316284,47.81500005722046,0.015000104904174805
47.799999952316284,47.87100005149841,0.0710000991821289
47.799999952316284,47.82100009918213,0.021000146865844727
47.799999952316284,47.82100009918213,0.021000146865844727
47.799999952316284,47.82100009918213,0.021000146865844727
47.799999952316284,47.82100009918213,0.021000146865844727
47.799999952316284,47.82100009918213,0.021000146865844727
47.801000118255615,47.82100009918213,0.019999980926513672
47.801000118255615,47.82100009918213,0.019999980926513672
47.80299997329712,47.87100005149841,0.06800007820129395
47.848000049591064,47.873000144958496,0.02500009536743164
47.85000014305115,47.873000144958496,0.023000001907348633
47.85000014305115,47.873000144958496,0.023000001907348633
47.85000014305115,47.87100005149841,0.020999908447265625
47.8510000705719,47.871999979019165,0.020999908447265625
47.8510000705719,47.873000144958496,0.02200007438659668
47.8510000705719,47.873000144958496,0.02200007438659668
47.8510000705719,47.87100005149841,0.019999980926513672
47.8510000705719,47.873000144958496,0.02200007438659668
47.85199999809265,47.873000144958496,0.021000146865844727
47.89800000190735,47.937000036239624,0.03900003433227539
47.901999950408936,47.986000061035156,0.0840001106262207
47.901999950408936,47.986000061035156,0.0840001106262207
47.901999950408936,47.937000036239624,0.03500008583068848
47.901999950408936,47.986000061035156,0.0840001106262207
47.901999950408936,47.986000061035156,0.0840001106262207
47.901999950408936,47.937000036239624,0.03500008583068848
47.901999950408936,47.937000036239624,0.03500008583068848
47.901999950408936,47.937000036239624,0.03500008583068848
47.901999950408936,47.937000036239624,0.03500008583068848
47.950000047683716,48.02900004386902,0.07899999618530273
47.950000047683716,47.986000061035156,0.03600001335144043
47.950000047683716,48.02800011634827,0.07800006866455078
47.950000047683716,48.02800011634827,0.07800006866455078
47.950000047683716,48.02800011634827,0.07800006866455078
47.950000047683716,47.986000061035156,0.03600001335144043
47.95099997520447,48.02800011634827,0.07700014114379883
47.95099997520447,48.02900004386902,0.07800006866455078
47.95099997520447,47.986000061035156,0.03500008583068848
47.95099997520447,47.986000061035156,0.03500008583068848
48.0,48.02800011634827,0.0280001163482666
48.00200009346008,48.02999997138977,0.0279998779296875
48.00200009346008,48.0310001373291,0.029000043869018555
48.00200009346008,48.068000078201294,0.06599998474121094
48.00200009346008,48.0310001373291,0.029000043869018555
48.00200009346008,48.02999997138977,0.0279998779296875
48.00200009346008,48.0310001373291,0.029000043869018555
48.00200009346008,48.0310001373291,0.029000043869018555
48.00200009346008,48.0310001373291,0.029000043869018555
48.003000020980835,48.02800011634827,0.02500009536743164
48.049999952316284,48.068000078201294,0.018000125885009766
48.049999952316284,48.068000078201294,0.018000125885009766
48.049999952316284,48.068000078201294,0.018000125885009766
48.049999952316284,48.068000078201294,0.018000125885009766
48.049999952316284,48.068000078201294,0.018000125885009766
48.049999952316284,48.11400008201599,0.06400012969970703
48.051000118255615,48.11500000953674,0.06399989128112793
48.051000118255615,48.068000078201294,0.01699995994567871
48.05299997329712,48.11400008201599,0.06100010871887207
48.05299997329712,48.068000078201294,0.015000104904174805
48.098999977111816,48.11500000953674,0.016000032424926758
48.10000014305115,48.11500000953674,0.014999866485595703
48.10000014305115,48.11500000953674,0.014999866485595703
48.10000014305115,48.11400008201599,0.01399993896484375
48.10199999809265,48.16199994087219,0.059999942779541016
48.10199999809265,48.16300010681152,0.06100010871887207
48.10199999809265,48.11400008201599,0.012000083923339844
48.10199999809265,48.16199994087219,0.059999942779541016
48.10199999809265,48.16300010681152,0.06100010871887207
48.1029999256134,48.16300010681152,0.06000018119812012
48.15000009536743,48.174999952316284,0.02499985694885254
48.15000009536743,48.176000118255615,0.026000022888183594
48.151999950408936,48.22099995613098,0.0690000057220459
48.151999950408936,48.22099995613098,0.0690000057220459
48.151999950408936,48.174999952316284,0.023000001907348633
48.151999950408936,48.174999952316284,0.023000001907348633
48.151999950408936,48.22099995613098,0.0690000057220459
48.151999950408936,48.174999952316284,0.023000001907348633
48.151999950408936,48.22099995613098,0.0690000057220459
48.151999950408936,48.174999952316284,0.023000001907348633
48.200000047683716,48.22099995613098,0.020999908447265625
48.200000047683716,48.223999977111816,0.023999929428100586
48.200000047683716,48.223999977111816,0.023999929428100586
48.20099997520447,48.223999977111816,0.023000001907348633
48.20099997520447,48.22099995613098,0.019999980926513672
48.20099997520447,48.223999977111816,0.023000001907348633
48.2020001411438,48.223999977111816,0.021999835968017578
48.2020001411438,48.223999977111816,0.021999835968017578
48.2020001411438,48.223999977111816,0.021999835968017578
48.2020001411438,48.22099995613098,0.018999814987182617
48.24900007247925,48.25999999046326,0.010999917984008789
48.25,48.318000078201294,0.06800007820129395
48.25099992752075,48.25999999046326,0.009000062942504883
48.25099992752075,48.318000078201294,0.06700015068054199
48.25099992752075,48.25999999046326,0.009000062942504883
48.25099992752075,48.25999999046326,0.009000062942504883
48.25099992752075,48.318000078201294,0.06700015068054199
48.25099992752075,48.25999999046326,0.009000062942504883
48.25099992752075,48.25999999046326,0.009000062942504883
48.25099992752075,48.25999999046326,0.009000062942504883
48.29900002479553,48.3289999961853,0.029999971389770508
48.30200004577637,48.37100005149841,0.0690000057220459
48.30200004577637,48.37000012397766,0.06800007820129395
48.30200004577637,48.37100005149841,0.0690000057220459
48.30200004577637,48.3289999961853,0.026999950408935547
48.30200004577637,48.318000078201294,0.016000032424926758
48.30200004577637,48.3289999961853,0.026999950408935547
48.30200004577637,48.37100005149841,0.0690000057220459
48.30200004577637,48.37100005149841,0.0690000057220459
48.30200004577637,48.3289999961853,0.026999950408935547
48.348000049591064,48.37100005149841,0.023000001907348633
48.348999977111816,48.37599992752075,0.026999950408935547
48.3510000705719,48.41900014877319,0.06800007820129395
48.3510000705719,48.37599992752075,0.02499985694885254
48.35199999809265,48.37599992752075,0.023999929428100586
48.35199999809265,48.37599992752075,0.023999929428100586
48.35199999809265,48.41799998283386,0.06599998474121094
48.35199999809265,48.37599992752075,0.023999929428100586
48.35199999809265,48.37599992752075,0.023999929428100586
48.35199999809265,48.37599992752075,0.023999929428100586
48.40000009536743,48.467000007629395,0.06699991226196289
48.40000009536743,48.41799998283386,0.017999887466430664
48.40000009536743,48.467000007629395,0.06699991226196289
48.40000009536743,48.467000007629395,0.06699991226196289
48.40000009536743,48.467000007629395,0.06699991226196289
48.40000009536743,48.467000007629395,0.06699991226196289
48.40000009536743,48.41799998283386,0.017999887466430664
48.401000022888184,48.41900014877319,0.018000125885009766
48.40300011634827,48.41799998283386,0.014999866485595703
48.40300011634827,48.41900014877319,0.016000032424926758
48.449000120162964,48.5239999294281,0.07499980926513672
48.45099997520447,48.467000007629395,0.016000032424926758
48.45099997520447,48.47000002861023,0.01900005340576172
48.45099997520447,48.5239999294281,0.07299995422363281
48.4520001411438,48.47000002861023,0.017999887466430664
48.4520001411438,48.5239999294281,0.07199978828430176
48.4520001411438,48.47000002861023,0.017999887466430664
48.4520001411438,48.5239999294281,0.07199978828430176
48.4520001411438,48.47000002861023,0.017999887466430664
48.4520001411438,48.5239999294281,0.07199978828430176
48.49900007247925,48.574000120162964,0.07500004768371582
48.49900007247925,48.52999997138977,0.03099989891052246
48.49900007247925,48.574000120162964,0.07500004768371582
48.5,48.574000120162964,0.07400012016296387
48.5,48.574000120162964,0.07400012016296387
48.5,48.52999997138977,0.029999971389770508
48.50099992752075,48.574000120162964,0.07300019264221191
48.50099992752075,48.52999997138977,0.029000043869018555
48.50099992752075,48.574000120162964,0.07300019264221191
48.50099992752075,48.52999997138977,0.029000043869018555
48.54900002479553,48.57599997520447,0.026999950408935547
48.549999952316284,48.61800003051758,0.06800007820129395
48.549999952316284,48.5770001411438,0.02700018882751465
48.549999952316284,48.57599997520447,0.026000022888183594
48.549999952316284,48.57599997520447,0.026000022888183594
48.549999952316284,48.57599997520447,0.026000022888183594
48.549999952316284,48.57599997520447,0.026000022888183594
48.551000118255615,48.574000120162964,0.023000001907348633
48.551000118255615,48.57599997520447,0.02499985694885254
48.551000118255615,48.574000120162964,0.023000001907348633
48.60000014305115,48.61800003051758,0.017999887466430664
48.60000014305115,48.61800003051758,0.017999887466430664
48.60000014305115,48.61800003051758,0.017999887466430664
48.60000014305115,48.66600012779236,0.06599998474121094
48.60199999809265,48.61800003051758,0.016000032424926758
48.60199999809265,48.66600012779236,0.06400012969970703
48.60199999809265,48.61800003051758,0.016000032424926758
48.60199999809265,48.66499996185303,0.06299996376037598
48.60199999809265,48.61800003051758,0.016000032424926758
48.60199999809265,48.61800003051758,0.016000032424926758
48.65000009536743,48.66600012779236,0.016000032424926758
48.651999950408936,48.736000061035156,0.0840001106262207
48.651999950408936,48.68300008773804,0.031000137329101562
48.651999950408936,48.66600012779236,0.014000177383422852
48.651999950408936,48.68300008773804,0.031000137329101562
48.651999950408936,48.68300008773804,0.031000137329101562
48.651999950408936,48.68300008773804,0.031000137329101562
48.65300011634827,48.68300008773804,0.029999971389770508
48.65300011634827,48.736000061035156,0.08299994468688965
48.65300011634827,48.68300008773804,0.029999971389770508
48.700000047683716,48.73699998855591,0.03699994087219238
48.700000047683716,48.73699998855591,0.03699994087219238
48.700000047683716,48.736000061035156,0.03600001335144043
48.700000047683716,48.73699998855591,0.03699994087219238
48.700000047683716,48.73699998855591,0.03699994087219238
48.700000047683716,48.73699998855591,0.03699994087219238
48.70099997520447,48.736000061035156,0.03500008583068848
48.70099997520447,48.73699998855591,0.03600001335144043
48.70099997520447,48.73699998855591,0.03600001335144043
48.70099997520447,48.736000061035156,0.03500008583068848
48.75,48.76900005340576,0.01900005340576172
48.75,48.76900005340576,0.01900005340576172
48.75,48.812000036239624,0.06200003623962402
48.75,48.76900005340576,0.01900005340576172
48.75,48.76900005340576,0.01900005340576172
48.75,48.812999963760376,0.06299996376037598
48.75,48.812000036239624,0.06200003623962402
48.75,48.76900005340576,0.01900005340576172
48.75,48.76900005340576,0.01900005340576172
48.75200009346008,48.76900005340576,0.01699995994567871
48.799999952316284,48.812000036239624,0.012000083923339844
48.799999952316284,48.875,0.07500004768371582
48.799999952316284,48.875,0.07500004768371582
48.80200004577637,48.812000036239624,0.009999990463256836
48.80200004577637,48.875,0.07299995422363281
48.80200004577637,48.875,0.07299995422363281
48.80200004577637,48.875,0.07299995422363281
48.80200004577637,48.812000036239624,0.009999990463256836
48.80200004577637,48.87400007247925,0.07200002670288086
48.80200004577637,48.812000036239624,0.009999990463256836
48.85000014305115,48.88199996948242,0.031999826431274414
48.8510000705719,48.88199996948242,0.03099989891052246
48.8510000705719,48.88199996948242,0.03099989891052246
48.8510000705719,48.924999952316284,0.07399988174438477
48.8510000705719,48.88199996948242,0.03099989891052246
48.8510000705719,48.87599992752075,0.02499985694885254
48.8510000705719,48.88199996948242,0.03099989891052246
48.85199999809265,48.88199996948242,0.029999971389770508
48.85199999809265,48.88199996948242,0.029999971389770508
48.8529999256134,48.88199996948242,0.029000043869018555
48.8989999294281,48.97099995613098,0.07200002670288086
48.901000022888184,48.924999952316284,0.023999929428100586
48.901000022888184,48.97099995613098,0.06999993324279785
48.901000022888184,48.97000002861023,0.0690000057220459
48.901000022888184,48.97099995613098,0.06999993324279785
48.901000022888184,48.924999952316284,0.023999929428100586
48.901000022888184,48.97099995613098,0.06999993324279785
48.901000022888184,48.924999952316284,0.023999929428100586
48.901999950408936,48.924999952316284,0.023000001907348633
48.90300011634827,48.924999952316284,0.021999835968017578
48.950000047683716,48.97099995613098,0.020999908447265625
48.950000047683716,48.97099995613098,0.020999908447265625
48.950000047683716,48.97099995613098,0.020999908447265625
48.950000047683716,49.01699995994568,0.06699991226196289
48.9520001411438,49.01699995994568,0.06499981880187988
48.9520001411438,49.01699995994568,0.06499981880187988
48.9520001411438,49.01699995994568,0.06499981880187988
48.9520001411438,49.01600003242493,0.06399989128112793
48.9520001411438,48.97099995613098,0.018999814987182617
48.9520001411438,49.01699995994568,0.06499981880187988
48.996999979019165,49.01900005340576,0.02200007438659668
49.0,49.01900005340576,0.01900005340576172
49.0,49.01699995994568,0.01699995994567871
49.0,49.01900005340576,0.01900005340576172
49.0,49.01900005340576,0.01900005340576172
49.0,49.01699995994568,0.01699995994567871
49.0,49.01900005340576,0.01900005340576172
49.00099992752075,49.06500005722046,0.06400012969970703
49.00099992752075,49.01900005340576,0.018000125885009766
49.00200009346008,49.06500005722046,0.06299996376037598
49.049999952316284,49.11300015449524,0.06300020217895508
49.049999952316284,49.11300015449524,0.06300020217895508
49.051000118255615,49.11300015449524,0.06200003623962402
49.051000118255615,49.075000047683716,0.023999929428100586
49.051000118255615,49.06500005722046,0.01399993896484375
49.051000118255615,49.11199998855591,0.06099987030029297
49.05200004577637,49.075000047683716,0.023000001907348633
49.05200004577637,49.11300015449524,0.06100010871887207
49.05200004577637,49.11300015449524,0.06100010871887207
49.05299997329712,49.075000047683716,0.02200007438659668
49.098000049591064,49.121999979019165,0.023999929428100586
49.1010000705719,49.121999979019165,0.020999908447265625
49.1010000705719,49.16499996185303,0.06399989128112793
49.1010000705719,49.16600012779236,0.06500005722045898
49.1010000705719,49.16600012779236,0.06500005722045898
49.10199999809265,49.121999979019165,0.019999980926513672
49.10199999809265,49.121999979019165,0.019999980926513672
49.10199999809265,49.12100005149841,0.01900005340576172
49.10199999809265,49.121999979019165,0.019999980926513672
49.1029999256134,49.121999979019165,0.01900005340576172
49.15000009536743,49.21500015258789,0.06500005722045898
49.15000009536743,49.21500015258789,0.06500005722045898
49.15000009536743,49.21500015258789,0.06500005722045898
49.15000009536743,49.21399998664856,0.06399989128112793
49.15000009536743,49.16499996185303,0.014999866485595703
49.15000009536743,49.16600012779236,0.016000032424926758
49.151000022888184,49.21399998664856,0.06299996376037598
49.151000022888184,49.21500015258789,0.06400012969970703
49.151000022888184,49.16600012779236,0.015000104904174805
49.15300011634827,49.16600012779236,0.013000011444091797
49.200000047683716,49.229000091552734,0.029000043869018555
49.200000047683716,49.21500015258789,0.015000104904174805
49.200000047683716,49.229000091552734,0.029000043869018555
49.2020001411438,49.230000019073486,0.0279998779296875
49.2020001411438,49.26200008392334,0.059999942779541016
49.2020001411438,49.26200008392334,0.059999942779541016
49.2020001411438,49.21500015258789,0.013000011444091797
49.2020001411438,49.25999999046326,0.05799984931945801
49.2020001411438,49.26100015640259,0.05900001525878906
49.20300006866455,49.25999999046326,0.056999921798706055
49.24900007247925,49.3199999332428,0.0709998607635498
49.25200009346008,49.2739999294281,0.021999835968017578
49.25200009346008,49.3199999332428,0.06799983978271484
49.25200009346008,49.27300000190735,0.020999908447265625
49.25200009346008,49.3199999332428,0.06799983978271484
49.25200009346008,49.3199999332428,0.06799983978271484
49.25200009346008,49.2739999294281,0.021999835968017578
49.25200009346008,49.2739999294281,0.021999835968017578
49.25200009346008,49.2739999294281,0.021999835968017578
49.253000020980835,49.2739999294281,0.020999908447265625
49.29900002479553,49.36899995803833,0.06999993324279785
49.299999952316284,49.36800003051758,0.06800007820129395
49.301000118255615,49.3199999332428,0.018999814987182617
49.301000118255615,49.3199999332428,0.018999814987182617
49.301000118255615,49.36899995803833,0.06799983978271484
49.301000118255615,49.36899995803833,0.06799983978271484
49.30200004577637,49.3199999332428,0.017999887466430664
49.30200004577637,49.36899995803833,0.06699991226196289
49.30200004577637,49.36800003051758,0.06599998474121094
49.30200004577637,49.3199999332428,0.017999887466430664
49.35000014305115,49.36899995803833,0.018999814987182617
49.35000014305115,49.37000012397766,0.019999980926513672
49.3510000705719,49.37000012397766,0.01900005340576172
49.3510000705719,49.36899995803833,0.017999887466430664
49.35199999809265,49.414000034332275,0.06200003623962402
49.35199999809265,49.37000012397766,0.018000125885009766
49.35199999809265,49.36800003051758,0.016000032424926758
49.35199999809265,49.414000034332275,0.06200003623962402
49.35199999809265,49.36899995803833,0.01699995994567871
49.3529999256134,49.414000034332275,0.06100010871887207
49.3989999294281,49.479000091552734,0.08000016212463379
49.401999950408936,49.42700004577637,0.02500009536743164
49.401999950408936,49.479000091552734,0.07700014114379883
49.401999950408936,49.479000091552734,0.07700014114379883
49.401999950408936,49.42700004577637,0.02500009536743164
49.401999950408936,49.42700004577637,0.02500009536743164
49.401999950408936,49.42700004577637,0.02500009536743164
49.401999950408936,49.42700004577637,0.02500009536743164
49.401999950408936,49.42700004577637,0.02500009536743164
49.401999950408936,49.479000091552734,0.07700014114379883
49.44799995422363,49.513999938964844,0.06599998474121094
49.45099997520447,49.48099994659424,0.029999971389770508
49.45099997520447,49.48099994659424,0.029999971389770508
49.45099997520447,49.48099994659424,0.029999971389770508
49.45099997520447,49.48099994659424,0.029999971389770508
49.45099997520447,49.48099994659424,0.029999971389770508
49.45099997520447,49.479000091552734,0.0280001163482666
49.4520001411438,49.48099994659424,0.028999805450439453
49.4520001411438,49.479000091552734,0.026999950408935547
49.4520001411438,49.48099994659424,0.028999805450439453
49.498000144958496,49.513999938964844,0.015999794006347656
49.50200009346008,49.513999938964844,0.011999845504760742
49.50200009346008,49.568000078201294,0.06599998474121094
49.50200009346008,49.515000104904175,0.013000011444091797
49.50200009346008,49.513999938964844,0.011999845504760742
49.50200009346008,49.568000078201294,0.06599998474121094
49.50200009346008,49.513999938964844,0.011999845504760742
49.50200009346008,49.513999938964844,0.011999845504760742
49.50200009346008,49.513999938964844,0.011999845504760742
49.503000020980835,49.568000078201294,0.06500005722045898
49.54900002479553,49.60800004005432,0.05900001525878906
49.549999952316284,49.568000078201294,0.018000125885009766
49.549999952316284,49.60800004005432,0.05800008773803711
49.551000118255615,49.60800004005432,0.056999921798706055
49.551000118255615,49.57800006866455,0.026999950408935547
49.551000118255615,49.57800006866455,0.026999950408935547
49.551000118255615,49.57800006866455,0.026999950408935547
49.55200004577637,49.60899996757507,0.056999921798706055
49.55299997329712,49.60800004005432,0.05500006675720215
49.55299997329712,49.60800004005432,0.05500006675720215
49.598999977111816,49.625,0.026000022888183594
49.6010000705719,49.625,0.023999929428100586
49.6010000705719,49.67199993133545,0.0709998607635498
49.60199999809265,49.67199993133545,0.06999993324279785
49.60199999809265,49.625,0.023000001907348633
49.60199999809265,49.67199993133545,0.06999993324279785
49.60199999809265,49.625,0.023000001907348633
49.60199999809265,49.625,0.023000001907348633
49.6029999256134,49.67199993133545,0.0690000057220459
49.6029999256134,49.62400007247925,0.021000146865844727
49.65000009536743,49.67199993133545,0.021999835968017578
49.65000009536743,49.72099995613098,0.0709998607635498
49.65000009536743,49.67199993133545,0.021999835968017578
49.65000009536743,49.72099995613098,0.0709998607635498
49.65000009536743,49.67199993133545,0.021999835968017578
49.65000009536743,49.67199993133545,0.021999835968017578
49.651000022888184,49.72099995613098,0.06999993324279785
49.651999950408936,49.72000002861023,0.06800007820129395
49.65300011634827,49.67199993133545,0.018999814987182617
49.65300011634827,49.72000002861023,0.06699991226196289
49.700000047683716,49.72099995613098,0.020999908447265625
49.700000047683716,49.730000019073486,0.029999971389770508
49.7020001411438,49.76699995994568,0.06499981880187988
49.7020001411438,49.72000002861023,0.017999887466430664
49.7020001411438,49.730000019073486,0.0279998779296875
49.7020001411438,49.76699995994568,0.06499981880187988
49.7020001411438,49.76699995994568,0.06499981880187988
49.7020001411438,49.76699995994568,0.06499981880187988
49.70300006866455,49.73099994659424,0.0279998779296875
49.70300006866455,49.730000019073486,0.026999950408935547
49.74900007247925,49.776999950408936,0.0279998779296875
49.75,49.776999950408936,0.026999950408935547
49.75099992752075,49.819000005722046,0.06800007820129395
49.75099992752075,49.776999950408936,0.026000022888183594
49.75200009346008,49.819000005722046,0.06699991226196289
49.75200009346008,49.776999950408936,0.02499985694885254
49.75200009346008,49.776999950408936,0.02499985694885254
49.75200009346008,49.76699995994568,0.014999866485595703
49.75200009346008,49.819000005722046,0.06699991226196289
49.75200009346008,49.776000022888184,0.023999929428100586
49.79900002479553,49.819000005722046,0.019999980926513672
49.801000118255615,49.819000005722046,0.017999887466430664
49.80200004577637,49.86500000953674,0.06299996376037598
49.80200004577637,49.865999937057495,0.06399989128112793
49.80200004577637,49.819000005722046,0.01699995994567871
49.80200004577637,49.819000005722046,0.01699995994567871
49.80200004577637,49.86500000953674,0.06299996376037598
49.80200004577637,49.86500000953674,0.06299996376037598
49.80200004577637,49.819000005722046,0.01699995994567871
49.80200004577637,49.865999937057495,0.06399989128112793
49.85000014305115,49.86500000953674,0.014999866485595703
49.85000014305115,49.865999937057495,0.015999794006347656
49.85000014305115,49.871999979019165,0.021999835968017578
49.85000014305115,49.86500000953674,0.014999866485595703
49.85000014305115,49.871999979019165,0.021999835968017578
49.85000014305115,49.871999979019165,0.021999835968017578
49.85000014305115,49.871999979019165,0.021999835968017578
49.8510000705719,49.871999979019165,0.020999908447265625
49.8529999256134,49.871999979019165,0.01900005340576172
49.8529999256134,49.871999979019165,0.01900005340576172
49.8989999294281,49.92900013923645,0.03000020980834961
49.901000022888184,49.92900013923645,0.0280001163482666
49.901000022888184,49.91799998283386,0.01699995994567871
49.901000022888184,49.973000049591064,0.07200002670288086
49.901000022888184,49.92900013923645,0.0280001163482666
49.901000022888184,49.973000049591064,0.07200002670288086
49.901000022888184,49.92799997329712,0.026999950408935547
49.901000022888184,49.92799997329712,0.026999950408935547
49.901000022888184,49.92900013923645,0.0280001163482666
49.901000022888184,49.973000049591064,0.07200002670288086
49.949000120162964,49.973000049591064,0.023999929428100586
49.9520001411438,50.01800012588501,0.06599998474121094
49.9520001411438,50.01699995994568,0.06499981880187988
49.9520001411438,49.973000049591064,0.020999908447265625
49.9520001411438,49.973000049591064,0.020999908447265625
49.9520001411438,49.973000049591064,0.020999908447265625
49.9520001411438,49.973000049591064,0.020999908447265625
49.9520001411438,50.01800012588501,0.06599998474121094
49.9520001411438,50.01800012588501,0.06599998474121094
49.9520001411438,49.973000049591064,0.020999908447265625
50.0,50.06700015068054,0.06700015068054199
50.0,50.06700015068054,0.06700015068054199
50.0,50.06700015068054,0.06700015068054199
50.0,50.06700015068054,0.06700015068054199
50.0,50.01800012588501,0.018000125885009766
50.0,50.06599998474121,0.06599998474121094
50.0,50.01800012588501,0.018000125885009766
50.00099992752075,50.01800012588501,0.017000198364257812
50.00099992752075,50.01800012588501,0.017000198364257812
50.003000020980835,50.06700015068054,0.06400012969970703
50.049999952316284,50.068000078201294,0.018000125885009766
50.049999952316284,50.068000078201294,0.018000125885009766
50.051000118255615,50.11300015449524,0.06200003623962402
50.051000118255615,50.068000078201294,0.01699995994567871
50.051000118255615,50.068000078201294,0.01699995994567871
50.051000118255615,50.11199998855591,0.06099987030029297
50.051000118255615,50.068000078201294,0.01699995994567871
50.051000118255615,50.11199998855591,0.06099987030029297
50.051000118255615,50.06599998474121,0.014999866485595703
50.051000118255615,50.06599998474121,0.014999866485595703
50.098999977111816,50.12599992752075,0.026999950408935547
50.098999977111816,50.12599992752075,0.026999950408935547
50.1010000705719,50.164000034332275,0.06299996376037598
50.1010000705719,50.12599992752075,0.02499985694885254
50.10199999809265,50.164000034332275,0.06200003623962402
50.10199999809265,50.12599992752075,0.023999929428100586
50.10199999809265,50.164000034332275,0.06200003623962402
50.10199999809265,50.12599992752075,0.023999929428100586
50.10199999809265,50.125,0.023000001907348633
50.10199999809265,50.164000034332275,0.06200003623962402
50.15000009536743,50.164000034332275,0.01399993896484375
50.15000009536743,50.17300009727478,0.023000001907348633
50.15000009536743,50.17300009727478,0.023000001907348633
50.15000009536743,50.17300009727478,0.023000001907348633
50.15000009536743,50.164000034332275,0.01399993896484375
50.15000009536743,50.17300009727478,0.023000001907348633
50.15000009536743,50.17199993133545,0.021999835968017578
50.151000022888184,50.17199993133545,0.020999908447265625
50.151000022888184,50.164000034332275,0.013000011444091797
50.151000022888184,50.17199993133545,0.020999908447265625
50.200000047683716,50.21600008010864,0.016000032424926758
50.200000047683716,50.21600008010864,0.016000032424926758
50.200000047683716,50.265000104904175,0.06500005722045898
50.200000047683716,50.263999938964844,0.06399989128112793
50.200000047683716,50.21600008010864,0.016000032424926758
50.200000047683716,50.263999938964844,0.06399989128112793
50.200000047683716,50.21600008010864,0.016000032424926758
50.200000047683716,50.263999938964844,0.06399989128112793
50.200000047683716,50.21600008010864,0.016000032424926758
50.20099997520447,50.263999938964844,0.06299996376037598
50.24900007247925,50.27800011634827,0.029000043869018555
50.25,50.271000146865845,0.021000146865844727
50.25099992752075,50.27800011634827,0.02700018882751465
50.25099992752075,50.271000146865845,0.020000219345092773
50.25099992752075,50.27800011634827,0.02700018882751465
50.25099992752075,50.27800011634827,0.02700018882751465
50.25099992752075,50.27800011634827,0.02700018882751465
50.25099992752075,50.27800011634827,0.02700018882751465
50.25200009346008,50.271000146865845,0.01900005340576172
50.25200009346008,50.27800011634827,0.026000022888183594
50.29900002479553,50.3199999332428,0.020999908447265625
50.299999952316284,50.36899995803833,0.0690000057220459
50.299999952316284,50.36899995803833,0.0690000057220459
50.299999952316284,50.36899995803833,0.0690000057220459
50.30200004577637,50.3199999332428,0.017999887466430664
50.30200004577637,50.37000012397766,0.06800007820129395
50.30200004577637,50.3199999332428,0.017999887466430664
50.30200004577637,50.3199999332428,0.017999887466430664
50.30200004577637,50.3199999332428,0.017999887466430664
50.30200004577637,50.36800003051758,0.06599998474121094
50.348000049591064,50.371999979019165,0.023999929428100586
50.3510000705719,50.371999979019165,0.020999908447265625
50.3510000705719,50.371999979019165,0.020999908447265625
50.3510000705719,50.36899995803833,0.017999887466430664
50.3510000705719,50.371999979019165,0.020999908447265625
50.3510000705719,50.371999979019165,0.020999908447265625
50.35199999809265,50.36899995803833,0.01699995994567871
50.35199999809265,50.414000034332275,0.06200003623962402
50.35199999809265,50.36899995803833,0.01699995994567871
50.35199999809265,50.371999979019165,0.019999980926513672
50.3989999294281,50.414000034332275,0.015000104904174805
50.401000022888184,50.42900013923645,0.0280001163482666
50.401000022888184,50.414000034332275,0.013000011444091797
50.401999950408936,50.42900013923645,0.02700018882751465
50.401999950408936,50.42900013923645,0.02700018882751465
50.401999950408936,50.42900013923645,0.02700018882751465
50.401999950408936,50.42900013923645,0.02700018882751465
50.401999950408936,50.42900013923645,0.02700018882751465
50.401999950408936,50.42900013923645,0.02700018882751465
50.401999950408936,50.414000034332275,0.012000083923339844
50.450000047683716,50.46900010108948,0.01900005340576172
50.450000047683716,50.51800012588501,0.06800007820129395
50.450000047683716,50.51900005340576,0.0690000057220459
50.450000047683716,50.51699995994568,0.06699991226196289
50.450000047683716,50.51900005340576,0.0690000057220459
50.450000047683716,50.51800012588501,0.06800007820129395
50.4520001411438,50.51800012588501,0.06599998474121094
50.4520001411438,50.46799993515015,0.015999794006347656
50.4520001411438,50.46799993515015,0.015999794006347656
50.4520001411438,50.51800012588501,0.06599998474121094
50.49900007247925,50.52500009536743,0.026000022888183594
50.5,50.52500009536743,0.02500009536743164
50.5,50.52500009536743,0.02500009536743164
50.50200009346008,50.52500009536743,0.023000001907348633
50.50200009346008,50.52500009536743,0.023000001907348633
50.50200009346008,50.52500009536743,0.023000001907348633
50.50200009346008,50.51900005340576,0.01699995994567871
50.50200009346008,50.568000078201294,0.06599998474121094
50.50200009346008,50.568000078201294,0.06599998474121094
50.503000020980835,50.568000078201294,0.06500005722045898
50.549999952316284,50.61500000953674,0.06500005722045898
50.549999952316284,50.568000078201294,0.018000125885009766
50.549999952316284,50.568000078201294,0.018000125885009766
50.549999952316284,50.57599997520447,0.026000022888183594
50.549999952316284,50.568000078201294,0.018000125885009766
50.549999952316284,50.57599997520447,0.026000022888183594
50.549999952316284,50.57599997520447,0.026000022888183594
50.549999952316284,50.57599997520447,0.026000022888183594
50.55299997329712,50.57599997520447,0.023000001907348633
50.55299997329712,50.57599997520447,0.023000001907348633
50.598000049591064,50.62599992752075,0.0279998779296875
50.60199999809265,50.62599992752075,0.023999929428100586
50.60199999809265,50.61500000953674,0.013000011444091797
50.60199999809265,50.62599992752075,0.023999929428100586
50.60199999809265,50.66799998283386,0.06599998474121094
50.60199999809265,50.66799998283386,0.06599998474121094
50.604000091552734,50.62599992752075,0.021999835968017578
50.605000019073486,50.62599992752075,0.020999908447265625
50.60599994659424,50.66900014877319,0.06300020217895508
50.60599994659424,50.62599992752075,0.019999980926513672
50.6489999294281,50.66799998283386,0.01900005340576172
50.65000009536743,50.676000118255615,0.026000022888183594
50.651000022888184,50.676000118255615,0.02500009536743164
50.651999950408936,50.67700004577637,0.02500009536743164
50.651999950408936,50.67700004577637,0.02500009536743164
50.651999950408936,50.67700004577637,0.02500009536743164
50.651999950408936,50.66900014877319,0.017000198364257812
50.651999950408936,50.66799998283386,0.016000032424926758
50.651999950408936,50.676000118255615,0.024000167846679688
50.651999950408936,50.67700004577637,0.02500009536743164
50.699000120162964,50.71500015258789,0.016000032424926758
50.70099997520447,50.71500015258789,0.014000177383422852
50.70099997520447,50.71500015258789,0.014000177383422852
50.70099997520447,50.76800012588501,0.06700015068054199
50.7020001411438,50.71500015258789,0.013000011444091797
50.7020001411438,50.76800012588501,0.06599998474121094
50.7020001411438,50.76800012588501,0.06599998474121094
50.7020001411438,50.71500015258789,0.013000011444091797
50.7020001411438,50.71500015258789,0.013000011444091797
50.7020001411438,50.71500015258789,0.013000011444091797
50.748000144958496,50.81100010871887,0.06299996376037598
50.75099992752075,50.80999994277954,0.05900001525878906
50.75099992752075,50.7739999294281,0.023000001907348633
50.75099992752075,50.81100010871887,0.06000018119812012
50.75099992752075,50.80999994277954,0.05900001525878906
50.75099992752075,50.76800012588501,0.017000198364257812
50.75200009346008,50.77500009536743,0.023000001907348633
50.75200009346008,50.77500009536743,0.023000001907348633
50.75200009346008,50.80999994277954,0.05799984931945801
50.75200009346008,50.80999994277954,0.05799984931945801
50.799999952316284,50.824000120162964,0.024000167846679688
50.799999952316284,50.871999979019165,0.07200002670288086
50.799999952316284,50.824000120162964,0.024000167846679688
50.799999952316284,50.824000120162964,0.024000167846679688
50.799999952316284,50.825000047683716,0.02500009536743164
50.799999952316284,50.825000047683716,0.02500009536743164
50.799999952316284,50.871999979019165,0.07200002670288086
50.80299997329712,50.871999979019165,0.0690000057220459
50.80299997329712,50.824000120162964,0.021000146865844727
50.80299997329712,50.871999979019165,0.0690000057220459
50.85000014305115,50.871999979019165,0.021999835968017578
50.85000014305115,50.875,0.02499985694885254
50.85000014305115,50.875,0.02499985694885254
50.8510000705719,50.875,0.023999929428100586
50.8510000705719,50.91300010681152,0.06200003623962402
50.8510000705719,50.871999979019165,0.020999908447265625
50.85199999809265,50.875,0.023000001907348633
50.85199999809265,50.875,0.023000001907348633
50.85199999809265,50.875,0.023000001907348633
50.85199999809265,50.875,0.023000001907348633
50.90000009536743,50.962000131607056,0.06200003623962402
50.90000009536743,50.91300010681152,0.013000011444091797
50.90000009536743,50.91300010681152,0.013000011444091797
50.901000022888184,50.91300010681152,0.012000083923339844
50.901000022888184,50.960999965667725,0.059999942779541016
50.901000022888184,50.91300010681152,0.012000083923339844
50.901999950408936,50.962000131607056,0.06000018119812012
50.901999950408936,50.91300010681152,0.01100015640258789
50.901999950408936,50.962000131607056,0.06000018119812012
50.901999950408936,50.91300010681152,0.01100015640258789
50.950000047683716,50.97200012207031,0.02200007438659668
50.950000047683716,50.962000131607056,0.012000083923339844
50.950000047683716,51.01200008392334,0.06200003623962402
50.950000047683716,50.97200012207031,0.02200007438659668
50.950000047683716,51.01200008392334,0.06200003623962402
50.95099997520447,51.01200008392334,0.06100010871887207
50.9520001411438,50.97200012207031,0.019999980926513672
50.9520001411438,50.97200012207031,0.019999980926513672
50.9520001411438,51.01200008392334,0.059999942779541016
50.9520001411438,51.01200008392334,0.059999942779541016
51.0,51.0220000743866,0.02200007438659668
51.0,51.06400012969971,0.06400012969970703
51.0,51.0220000743866,0.02200007438659668
51.0,51.0220000743866,0.02200007438659668
51.0,51.021000146865845,0.021000146865844727
51.0,51.0220000743866,0.02200007438659668
51.0,51.021000146865845,0.021000146865844727
51.003000020980835,51.06400012969971,0.06100010871887207
51.003000020980835,51.06400012969971,0.06100010871887207
51.003000020980835,51.021000146865845,0.018000125885009766
51.04800009727478,51.12400007247925,0.07599997520446777
51.049999952316284,51.06400012969971,0.014000177383422852
51.049999952316284,51.06400012969971,0.014000177383422852
51.049999952316284,51.06400012969971,0.014000177383422852
51.049999952316284,51.123000144958496,0.07300019264221191
51.049999952316284,51.12400007247925,0.07400012016296387
51.051000118255615,51.06400012969971,0.013000011444091797
51.051000118255615,51.123000144958496,0.07200002670288086
51.051000118255615,51.123000144958496,0.07200002670288086
51.05200004577637,51.123000144958496,0.0710000991821289
51.10000014305115,51.13100004196167,0.03099989891052246
51.10000014305115,51.13100004196167,0.03099989891052246
51.10199999809265,51.13100004196167,0.029000043869018555
51.10199999809265,51.125,0.023000001907348633
51.10199999809265,51.125,0.023000001907348633
51.10199999809265,51.13100004196167,0.029000043869018555
51.10199999809265,51.13100004196167,0.029000043869018555
51.10199999809265,51.13100004196167,0.029000043869018555
51.10199999809265,51.17300009727478,0.0710000991821289
51.10199999809265,51.13100004196167,0.029000043869018555
51.15000009536743,51.21799993515015,0.06799983978271484
51.151000022888184,51.17300009727478,0.02200007438659668
51.151000022888184,51.17300009727478,0.02200007438659668
51.151000022888184,51.17300009727478,0.02200007438659668
51.151000022888184,51.17300009727478,0.02200007438659668
51.151000022888184,51.21799993515015,0.06699991226196289
51.151000022888184,51.17300009727478,0.02200007438659668
51.151000022888184,51.21799993515015,0.06699991226196289
51.151000022888184,51.21799993515015,0.06699991226196289
51.15300011634827,51.17300009727478,0.019999980926513672
51.19799995422363,51.22200012207031,0.024000167846679688
51.2020001411438,51.22200012207031,0.019999980926513672
51.2020001411438,51.265000104904175,0.06299996376037598
51.2020001411438,51.22200012207031,0.019999980926513672
51.2020001411438,51.21799993515015,0.015999794006347656
51.2020001411438,51.22200012207031,0.019999980926513672
51.2020001411438,51.21799993515015,0.015999794006347656
51.2020001411438,51.21799993515015,0.015999794006347656
51.2020001411438,51.22200012207031,0.019999980926513672
51.2020001411438,51.22200012207031,0.019999980926513672
51.25,51.312999963760376,0.06299996376037598
51.25,51.312999963760376,0.06299996376037598
51.25,51.265000104904175,0.015000104904174805
51.25,51.312999963760376,0.06299996376037598
51.25,51.265000104904175,0.015000104904174805
51.25200009346008,51.312999963760376,0.06099987030029297
51.25200009346008,51.312999963760376,0.06099987030029297
51.25200009346008,51.265000104904175,0.013000011444091797
51.25200009346008,51.312000036239624,0.059999942779541016
51.25200009346008,51.265000104904175,0.013000011444091797
51.29900002479553,51.312999963760376,0.01399993896484375
51.299999952316284,51.36199998855591,0.06200003623962402
51.299999952316284,51.361000061035156,0.06100010871887207
51.301000118255615,51.32100009918213,0.019999980926513672
51.301000118255615,51.361000061035156,0.059999942779541016
51.30200004577637,51.32100009918213,0.01900005340576172
51.30200004577637,51.32100009918213,0.01900005340576172
51.30200004577637,51.361000061035156,0.05900001525878906
51.30200004577637,51.32100009918213,0.01900005340576172
51.30200004577637,51.36199998855591,0.059999942779541016
51.348999977111816,51.41300010681152,0.06400012969970703
51.35000014305115,51.41300010681152,0.06299996376037598
51.3510000705719,51.36899995803833,0.017999887466430664
51.3510000705719,51.361000061035156,0.009999990463256836
51.3510000705719,51.36899995803833,0.017999887466430664
51.35199999809265,51.36899995803833,0.01699995994567871
51.35199999809265,51.37000012397766,0.018000125885009766
51.35199999809265,51.36899995803833,0.01699995994567871
51.35199999809265,51.36899995803833,0.01699995994567871
51.35199999809265,51.36899995803833,0.01699995994567871
51.40000009536743,51.47500014305115,0.07500004768371582
51.401000022888184,51.41300010681152,0.012000083923339844
51.401000022888184,51.41300010681152,0.012000083923339844
51.401999950408936,51.47500014305115,0.07300019264221191
51.401999950408936,51.41300010681152,0.01100015640258789
51.401999950408936,51.4760000705719,0.07400012016296387
51.401999950408936,51.4760000705719,0.07400012016296387
51.401999950408936,51.41300010681152,0.01100015640258789
51.401999950408936,51.47500014305115,0.07300019264221191
51.401999950408936,51.4760000705719,0.07400012016296387
51.450000047683716,51.48099994659424,0.03099989891052246
51.4520001411438,51.48300004005432,0.03099989891052246
51.4520001411438,51.48099994659424,0.028999805450439453
51.4520001411438,51.48300004005432,0.03099989891052246
51.4520001411438,51.480000019073486,0.0279998779296875
51.4520001411438,51.48200011253357,0.029999971389770508
51.4520001411438,51.48200011253357,0.029999971389770508
51.4520001411438,51.48200011253357,0.029999971389770508
51.4520001411438,51.48200011253357,0.029999971389770508
51.4520001411438,51.48200011253357,0.029999971389770508
51.49900007247925,51.569000005722046,0.06999993324279785
51.50099992752075,51.52300000190735,0.02200007438659668
51.50099992752075,51.52300000190735,0.02200007438659668
51.50099992752075,51.52300000190735,0.02200007438659668
51.50099992752075,51.52300000190735,0.02200007438659668
51.50099992752075,51.569000005722046,0.06800007820129395
51.50099992752075,51.5220000743866,0.021000146865844727
51.50099992752075,51.52300000190735,0.02200007438659668
51.50099992752075,51.569000005722046,0.06800007820129395
51.50099992752075,51.569000005722046,0.06800007820129395
51.549999952316284,51.57100009918213,0.021000146865844727
51.551000118255615,51.569000005722046,0.017999887466430664
51.551000118255615,51.57100009918213,0.019999980926513672
51.551000118255615,51.57100009918213,0.019999980926513672
51.55200004577637,51.569000005722046,0.01699995994567871
51.55200004577637,51.569000005722046,0.01699995994567871
51.55200004577637,51.57100009918213,0.01900005340576172
51.55200004577637,51.57100009918213,0.01900005340576172
51.55200004577637,51.57100009918213,0.01900005340576172
51.55200004577637,51.57100009918213,0.01900005340576172
51.60000014305115,51.61500000953674,0.014999866485595703
51.60000014305115,51.67300009727478,0.07299995422363281
51.60000014305115,51.61400008201599,0.01399993896484375
51.60000014305115,51.67199993133545,0.07199978828430176
51.6010000705719,51.67199993133545,0.0709998607635498
51.6010000705719,51.61400008201599,0.013000011444091797
51.6010000705719,51.6710000038147,0.06999993324279785
51.6010000705719,51.67199993133545,0.0709998607635498
51.6010000705719,51.61500000953674,0.01399993896484375
51.60199999809265,51.6710000038147,0.0690000057220459
51.65000009536743,51.67199993133545,0.021999835968017578
51.651000022888184,51.6800000667572,0.029000043869018555
51.651000022888184,51.6800000667572,0.029000043869018555
51.651000022888184,51.6800000667572,0.029000043869018555
51.651999950408936,51.6800000667572,0.0280001163482666
51.651999950408936,51.67799997329712,0.026000022888183594
51.651999950408936,51.6800000667572,0.0280001163482666
51.651999950408936,51.67799997329712,0.026000022888183594
51.651999950408936,51.6800000667572,0.0280001163482666
51.651999950408936,51.6800000667572,0.0280001163482666
51.700000047683716,51.71799993515015,0.017999887466430664
51.700000047683716,51.76699995994568,0.06699991226196289
51.700000047683716,51.71799993515015,0.017999887466430664
51.700000047683716,51.71900010108948,0.01900005340576172
51.700000047683716,51.71799993515015,0.017999887466430664
51.700000047683716,51.71799993515015,0.017999887466430664
51.700000047683716,51.76699995994568,0.06699991226196289
51.70099997520447,51.76699995994568,0.06599998474121094
51.7020001411438,51.71799993515015,0.015999794006347656
51.70300006866455,51.76699995994568,0.06399989128112793
51.74900007247925,51.76800012588501,0.01900005340576172
51.74900007247925,51.76900005340576,0.019999980926513672
51.74900007247925,51.76900005340576,0.019999980926513672
51.74900007247925,51.76800012588501,0.01900005340576172
51.74900007247925,51.76699995994568,0.017999887466430664
51.74900007247925,51.76900005340576,0.019999980926513672
51.75,51.76800012588501,0.018000125885009766
51.75099992752075,51.812000036239624,0.06100010871887207
51.75099992752075,51.76699995994568,0.016000032424926758
51.75099992752075,51.76900005340576,0.018000125885009766
51.799999952316284,51.812000036239624,0.012000083923339844
51.799999952316284,51.8270001411438,0.02700018882751465
51.801000118255615,51.873000144958496,0.07200002670288086
51.801000118255615,51.8270001411438,0.026000022888183594
51.80200004577637,51.873000144958496,0.0710000991821289
51.80200004577637,51.8270001411438,0.02500009536743164
51.80200004577637,51.871999979019165,0.06999993324279785
51.80200004577637,51.8270001411438,0.02500009536743164
51.80200004577637,51.8270001411438,0.02500009536743164
51.80200004577637,51.812000036239624,0.009999990463256836
51.848999977111816,51.87599992752075,0.026999950408935547
51.85000014305115,51.875,0.02499985694885254
51.85000014305115,51.875,0.02499985694885254
51.8510000705719,51.873000144958496,0.02200007438659668
51.85199999809265,51.9210000038147,0.0690000057220459
51.85199999809265,51.873000144958496,0.021000146865844727
51.85199999809265,51.87599992752075,0.023999929428100586
51.85199999809265,51.875,0.023000001907348633
51.85199999809265,51.87599992752075,0.023999929428100586
51.85199999809265,51.87599992752075,0.023999929428100586
51.8989999294281,51.96399998664856,0.06500005722045898
51.90000009536743,51.9210000038147,0.020999908447265625
51.90000009536743,51.9210000038147,0.020999908447265625
51.901999950408936,51.920000076293945,0.018000125885009766
51.901999950408936,51.9210000038147,0.01900005340576172
51.901999950408936,51.96399998664856,0.06200003623962402
51.901999950408936,51.9210000038147,0.01900005340576172
51.901999950408936,51.96399998664856,0.06200003623962402
51.901999950408936,51.9210000038147,0.01900005340576172
51.901999950408936,51.920000076293945,0.018000125885009766
51.950000047683716,51.96399998664856,0.01399993896484375
51.950000047683716,51.96399998664856,0.01399993896484375
51.95099997520447,52.01300001144409,0.06200003623962402
51.95099997520447,51.96399998664856,0.013000011444091797
51.9520001411438,52.01300001144409,0.06099987030029297
51.9520001411438,52.01200008392334,0.059999942779541016
51.9520001411438,51.96399998664856,0.011999845504760742
51.9520001411438,52.01300001144409,0.06099987030029297
51.9520001411438,52.01200008392334,0.059999942779541016
51.9520001411438,52.01300001144409,0.06099987030029297
52.0,52.07100009918213,0.0710000991821289
52.0,52.07100009918213,0.0710000991821289
52.0,52.02500009536743,0.02500009536743164
52.00099992752075,52.02500009536743,0.024000167846679688
52.00200009346008,52.02500009536743,0.023000001907348633
52.00200009346008,52.07100009918213,0.0690000057220459
52.00200009346008,52.07100009918213,0.0690000057220459
52.00200009346008,52.07100009918213,0.0690000057220459
52.00200009346008,52.07100009918213,0.0690000057220459
52.003000020980835,52.02500009536743,0.02200007438659668
52.049999952316284,52.07200002670288,0.02200007438659668
52.049999952316284,52.07200002670288,0.02200007438659668
52.049999952316284,52.07200002670288,0.02200007438659668
52.049999952316284,52.07200002670288,0.02200007438659668
52.049999952316284,52.07100009918213,0.021000146865844727
52.049999952316284,52.07200002670288,0.02200007438659668
52.049999952316284,52.11500000953674,0.06500005722045898
52.051000118255615,52.07100009918213,0.019999980926513672
52.05200004577637,52.07200002670288,0.019999980926513672
52.05299997329712,52.07200002670288,0.01900005340576172
52.098000049591064,52.11500000953674,0.01699995994567871
52.10000014305115,52.11500000953674,0.014999866485595703
52.10000014305115,52.16499996185303,0.06499981880187988
52.1010000705719,52.164000034332275,0.06299996376037598
52.1010000705719,52.11500000953674,0.01399993896484375
52.1010000705719,52.11500000953674,0.01399993896484375
52.10199999809265,52.11500000953674,0.013000011444091797
52.10199999809265,52.164000034332275,0.06200003623962402
52.10199999809265,52.11500000953674,0.013000011444091797
52.1029999256134,52.164000034332275,0.06100010871887207
52.15000009536743,52.17900013923645,0.029000043869018555
52.15000009536743,52.17900013923645,0.029000043869018555
52.15000009536743,52.17900013923645,0.029000043869018555
52.15000009536743,52.17300009727478,0.023000001907348633
52.15000009536743,52.17900013923645,0.029000043869018555
52.15000009536743,52.17900013923645,0.029000043869018555
52.15000009536743,52.17300009727478,0.023000001907348633
52.15000009536743,52.16499996185303,0.014999866485595703
52.15300011634827,52.17900013923645,0.026000022888183594
52.15300011634827,52.17900013923645,0.026000022888183594
52.19700002670288,52.269999980926514,0.07299995422363281
52.200000047683716,52.223000049591064,0.023000001907348633
52.200000047683716,52.223999977111816,0.023999929428100586
52.200000047683716,52.269999980926514,0.06999993324279785
52.20099997520447,52.223999977111816,0.023000001907348633
52.20099997520447,52.223999977111816,0.023000001907348633
52.20099997520447,52.223000049591064,0.02200007438659668
52.20099997520447,52.26900005340576,0.06800007820129395
52.20099997520447,52.269999980926514,0.0690000057220459
52.2020001411438,52.223000049591064,0.020999908447265625
52.25,52.2720000743866,0.02200007438659668
52.25099992752075,52.269999980926514,0.01900005340576172
52.25099992752075,52.269999980926514,0.01900005340576172
52.25200009346008,52.2720000743866,0.019999980926513672
52.25200009346008,52.2720000743866,0.019999980926513672
52.25200009346008,52.269999980926514,0.017999887466430664
52.25200009346008,52.2720000743866,0.019999980926513672
52.25200009346008,52.2720000743866,0.019999980926513672
52.25200009346008,52.2720000743866,0.019999980926513672
52.253000020980835,52.2720000743866,0.01900005340576172
52.299999952316284,52.31700015068054,0.017000198364257812
52.301000118255615,52.31700015068054,0.016000032424926758
52.301000118255615,52.37000012397766,0.0690000057220459
52.301000118255615,52.31700015068054,0.016000032424926758
52.30200004577637,52.37000012397766,0.06800007820129395
52.30200004577637,52.37000012397766,0.06800007820129395
52.30200004577637,52.31700015068054,0.015000104904174805
52.30200004577637,52.37000012397766,0.06800007820129395
52.30200004577637,52.37000012397766,0.06800007820129395
52.30200004577637,52.37000012397766,0.06800007820129395
52.348999977111816,52.42300009727478,0.07400012016296387
52.35199999809265,52.37899994850159,0.026999950408935547
52.35199999809265,52.38000011444092,0.0280001163482666
52.35199999809265,52.42300009727478,0.0710000991821289
52.35199999809265,52.42300009727478,0.0710000991821289
52.35199999809265,52.38000011444092,0.0280001163482666
52.35199999809265,52.42300009727478,0.0710000991821289
52.35199999809265,52.38000011444092,0.0280001163482666
52.35199999809265,52.42300009727478,0.0710000991821289
52.35199999809265,52.42300009727478,0.0710000991821289
52.40000009536743,52.424999952316284,0.02499985694885254
52.40000009536743,52.42300009727478,0.023000001907348633
52.40000009536743,52.47099995613098,0.0709998607635498
52.40000009536743,52.42400002479553,0.023999929428100586
52.40000009536743,52.424999952316284,0.02499985694885254
52.40000009536743,52.424999952316284,0.02499985694885254
52.40000009536743,52.424999952316284,0.02499985694885254
52.401000022888184,52.424999952316284,0.023999929428100586
52.40300011634827,52.424999952316284,0.021999835968017578
52.40300011634827,52.424999952316284,0.021999835968017578
52.450000047683716,52.47099995613098,0.020999908447265625
52.450000047683716,52.47099995613098,0.020999908447265625
52.4520001411438,52.47099995613098,0.018999814987182617
52.4520001411438,52.513999938964844,0.06199979782104492
52.4520001411438,52.515000104904175,0.06299996376037598
52.4520001411438,52.47099995613098,0.018999814987182617
52.4520001411438,52.513999938964844,0.06199979782104492
52.4520001411438,52.47099995613098,0.018999814987182617
52.4520001411438,52.47099995613098,0.018999814987182617
52.4520001411438,52.513999938964844,0.06199979782104492
52.5,52.56700015068054,0.06700015068054199
52.5,52.513999938964844,0.01399993896484375
52.50099992752075,52.515000104904175,0.014000177383422852
52.50099992752075,52.56700015068054,0.06600022315979004
52.50099992752075,52.56700015068054,0.06600022315979004
52.50099992752075,52.515000104904175,0.014000177383422852
52.50200009346008,52.515000104904175,0.013000011444091797
52.50200009346008,52.56700015068054,0.06500005722045898
52.50200009346008,52.56599998474121,0.06399989128112793
52.50200009346008,52.513999938964844,0.011999845504760742
52.549999952316284,52.623000144958496,0.07300019264221191
52.549999952316284,52.623000144958496,0.07300019264221191
52.549999952316284,52.5770001411438,0.02700018882751465
52.551000118255615,52.623000144958496,0.07200002670288086
52.551000118255615,52.623000144958496,0.07200002670288086
52.551000118255615,52.623000144958496,0.07200002670288086
52.551000118255615,52.5770001411438,0.026000022888183594
52.551000118255615,52.5770001411438,0.026000022888183594
52.551000118255615,52.623000144958496,0.07200002670288086
52.55200004577637,52.5770001411438,0.02500009536743164
52.598000049591064,52.66600012779236,0.06800007820129395
52.60199999809265,52.62599992752075,0.023999929428100586
52.60199999809265,52.625,0.023000001907348633
52.60199999809265,52.66600012779236,0.06400012969970703
52.60199999809265,52.62599992752075,0.023999929428100586
52.60199999809265,52.62599992752075,0.023999929428100586
52.60199999809265,52.62599992752075,0.023999929428100586
52.60199999809265,52.623000144958496,0.021000146865844727
52.60199999809265,52.625,0.023000001907348633
52.60199999809265,52.625,0.023000001907348633
52.64800000190735,52.66600012779236,0.018000125885009766
52.651000022888184,52.66600012779236,0.015000104904174805
52.651000022888184,52.66700005531311,0.016000032424926758
52.651000022888184,52.71500015258789,0.06400012969970703
52.651000022888184,52.66600012779236,0.015000104904174805
52.651000022888184,52.71500015258789,0.06400012969970703
52.651000022888184,52.66600012779236,0.015000104904174805
52.651000022888184,52.66600012779236,0.015000104904174805
52.651000022888184,52.71500015258789,0.06400012969970703
52.651000022888184,52.71500015258789,0.06400012969970703
52.700000047683716,52.77999997138977,0.07999992370605469
52.700000047683716,52.71500015258789,0.015000104904174805
52.700000047683716,52.73200011253357,0.032000064849853516
52.700000047683716,52.71500015258789,0.015000104904174805
52.70099997520447,52.73200011253357,0.031000137329101562
52.70099997520447,52.73200011253357,0.031000137329101562
52.70300006866455,52.73200011253357,0.029000043869018555
52.70300006866455,52.73200011253357,0.029000043869018555
52.7039999961853,52.77999997138977,0.07599997520446777
52.7039999961853,52.77999997138977,0.07599997520446777
52.75,52.77999997138977,0.029999971389770508
52.75,52.77900004386902,0.029000043869018555
52.75,52.78200006484985,0.032000064849853516
52.75,52.78200006484985,0.032000064849853516
52.75,52.78200006484985,0.032000064849853516
52.75,52.78200006484985,0.032000064849853516
52.75200009346008,52.78200006484985,0.029999971389770508
52.75200009346008,52.77999997138977,0.0279998779296875
52.75200009346008,52.7810001373291,0.029000043869018555
52.75200009346008,52.7810001373291,0.029000043869018555
52.79900002479553,52.82100009918213,0.02200007438659668
52.79900002479553,52.82100009918213,0.02200007438659668
52.80200004577637,52.82100009918213,0.01900005340576172
52.80200004577637,52.86800003051758,0.06599998474121094
52.80200004577637,52.82100009918213,0.01900005340576172
52.80200004577637,52.86800003051758,0.06599998474121094
52.80200004577637,52.86800003051758,0.06599998474121094
52.80200004577637,52.82100009918213,0.01900005340576172
52.80200004577637,52.82100009918213,0.01900005340576172
52.80200004577637,52.82100009918213,0.01900005340576172
52.85000014305115,52.87899994850159,0.028999805450439453
52.85000014305115,52.87899994850159,0.028999805450439453
52.85000014305115,52.87899994850159,0.028999805450439453
52.85000014305115,52.86800003051758,0.017999887466430664
52.85000014305115,52.87899994850159,0.028999805450439453
52.85000014305115,52.87899994850159,0.028999805450439453
52.85000014305115,52.86800003051758,0.017999887466430664
52.85000014305115,52.87899994850159,0.028999805450439453
52.8529999256134,52.86800003051758,0.015000104904174805
52.8529999256134,52.87899994850159,0.026000022888183594
52.90000009536743,52.92900013923645,0.029000043869018555
52.90000009536743,52.92900013923645,0.029000043869018555
52.90000009536743,52.91600012779236,0.016000032424926758
52.901000022888184,52.97099995613098,0.06999993324279785
52.901000022888184,52.97099995613098,0.06999993324279785
52.901000022888184,52.92900013923645,0.0280001163482666
52.901000022888184,52.92900013923645,0.0280001163482666
52.901999950408936,52.92900013923645,0.02700018882751465
52.901999950408936,52.97099995613098,0.0690000057220459
52.901999950408936,52.92799997329712,0.026000022888183594
52.950000047683716,52.97099995613098,0.020999908447265625
52.950000047683716,52.97500014305115,0.02500009536743164
52.950000047683716,52.97500014305115,0.02500009536743164
52.950000047683716,52.97500014305115,0.02500009536743164
52.950000047683716,52.97099995613098,0.020999908447265625
52.9520001411438,52.97500014305115,0.023000001907348633
52.9520001411438,52.97099995613098,0.018999814987182617
52.9520001411438,52.97500014305115,0.023000001907348633
52.9520001411438,52.97500014305115,0.023000001907348633
52.9520001411438,52.97500014305115,0.023000001907348633
53.0,53.01699995994568,0.01699995994567871
53.0,53.01600003242493,0.016000032424926758
53.0,53.07200002670288,0.07200002670288086
53.0,53.01600003242493,0.016000032424926758
53.0,53.07200002670288,0.07200002670288086
53.0,53.01600003242493,0.016000032424926758
53.00200009346008,53.01600003242493,0.01399993896484375
53.00200009346008,53.07200002670288,0.06999993324279785
53.00200009346008,53.01600003242493,0.01399993896484375
53.003000020980835,53.01600003242493,0.013000011444091797
53.049999952316284,53.11899995803833,0.0690000057220459
53.051000118255615,53.07200002670288,0.020999908447265625
53.051000118255615,53.07200002670288,0.020999908447265625
53.051000118255615,53.11800003051758,0.06699991226196289
53.05200004577637,53.11800003051758,0.06599998474121094
53.05200004577637,53.07200002670288,0.019999980926513672
53.05200004577637,53.11800003051758,0.06599998474121094
53.05299997329712,53.07200002670288,0.01900005340576172
53.05299997329712,53.11899995803833,0.06599998474121094
53.05299997329712,53.11800003051758,0.06500005722045898
53.098999977111816,53.17199993133545,0.07299995422363281
53.1010000705719,53.128000020980835,0.026999950408935547
53.1010000705719,53.17199993133545,0.0709998607635498
53.1010000705719,53.17199993133545,0.0709998607635498
53.1010000705719,53.17199993133545,0.0709998607635498
53.1010000705719,53.1710000038147,0.06999993324279785
53.1010000705719,53.17199993133545,0.0709998607635498
53.1010000705719,53.128000020980835,0.026999950408935547
53.1010000705719,53.128000020980835,0.026999950408935547
53.1010000705719,53.128000020980835,0.026999950408935547
53.15000009536743,53.17400002479553,0.023999929428100586
53.151000022888184,53.21900010108948,0.06800007820129395
53.151000022888184,53.17400002479553,0.023000001907348633
53.151000022888184,53.17400002479553,0.023000001907348633
53.151000022888184,53.21900010108948,0.06800007820129395
53.151000022888184,53.17400002479553,0.023000001907348633
53.151999950408936,53.17400002479553,0.02200007438659668
53.151999950408936,53.17400002479553,0.02200007438659668
53.151999950408936,53.17400002479553,0.02200007438659668
53.151999950408936,53.1710000038147,0.01900005340576172
53.200000047683716,53.21900010108948,0.01900005340576172
53.200000047683716,53.21900010108948,0.01900005340576172
53.200000047683716,53.21900010108948,0.01900005340576172
53.200000047683716,53.26600003242493,0.06599998474121094
53.200000047683716,53.21900010108948,0.01900005340576172
53.200000047683716,53.26600003242493,0.06599998474121094
53.2020001411438,53.265000104904175,0.06299996376037598
53.2020001411438,53.21900010108948,0.01699995994567871
53.2020001411438,53.26600003242493,0.06399989128112793
53.2020001411438,53.21799993515015,0.015999794006347656
53.24900007247925,53.27999997138977,0.03099989891052246
53.25,53.26600003242493,0.016000032424926758
53.25099992752075,53.3270001411438,0.07600021362304688
53.25200009346008,53.3270001411438,0.07500004768371582
53.25200009346008,53.27999997138977,0.0279998779296875
53.25200009346008,53.26600003242493,0.01399993896484375
53.25200009346008,53.3270001411438,0.07500004768371582
53.25200009346008,53.27999997138977,0.0279998779296875
53.25200009346008,53.27999997138977,0.0279998779296875
53.25200009346008,53.3270001411438,0.07500004768371582
53.29900002479553,53.3289999961853,0.029999971389770508
53.301000118255615,53.3289999961853,0.0279998779296875
53.301000118255615,53.3289999961853,0.0279998779296875
53.301000118255615,53.3289999961853,0.0279998779296875
53.301000118255615,53.37100005149841,0.06999993324279785
53.301000118255615,53.3289999961853,0.0279998779296875
53.301000118255615,53.3270001411438,0.026000022888183594
53.301000118255615,53.32599997520447,0.02499985694885254
53.301000118255615,53.3289999961853,0.0279998779296875
53.30299997329712,53.3289999961853,0.026000022888183594
53.35000014305115,53.37100005149841,0.020999908447265625
53.35000014305115,53.37100005149841,0.020999908447265625
53.35000014305115,53.37100005149841,0.020999908447265625
53.35000014305115,53.42400002479553,0.07399988174438477
53.35000014305115,53.42400002479553,0.07399988174438477
53.35000014305115,53.42400002479553,0.07399988174438477
53.35000014305115,53.37100005149841,0.020999908447265625
53.35000014305115,53.371999979019165,0.021999835968017578
53.3510000705719,53.42400002479553,0.07299995422363281
53.3510000705719,53.37100005149841,0.019999980926513672
53.3989999294281,53.4300000667572,0.031000137329101562
53.40000009536743,53.42400002479553,0.023999929428100586
53.401000022888184,53.42400002479553,0.023000001907348633
53.401999950408936,53.4300000667572,0.0280001163482666
53.401999950408936,53.42400002479553,0.02200007438659668
53.401999950408936,53.4300000667572,0.0280001163482666
53.401999950408936,53.42900013923645,0.02700018882751465
53.401999950408936,53.42900013923645,0.02700018882751465
53.40300011634827,53.42900013923645,0.026000022888183594
53.40300011634827,53.4300000667572,0.026999950408935547
53.449000120162964,53.47699999809265,0.0279998779296875
53.45099997520447,53.480000019073486,0.029000043869018555
53.45099997520447,53.480000019073486,0.029000043869018555
53.45099997520447,53.4760000705719,0.02500009536743164
53.45099997520447,53.480000019073486,0.029000043869018555
53.45099997520447,53.48099994659424,0.029999971389770508
53.4520001411438,53.480000019073486,0.0279998779296875
53.4520001411438,53.480000019073486,0.0279998779296875
53.4520001411438,53.526999950408936,0.07499980926513672
53.4520001411438,53.526999950408936,0.07499980926513672
53.5,53.56400012969971,0.06400012969970703
53.5,53.526999950408936,0.026999950408935547
53.50200009346008,53.526999950408936,0.02499985694885254
53.50200009346008,53.56400012969971,0.06200003623962402
53.50200009346008,53.526999950408936,0.02499985694885254
53.50200009346008,53.56500005722046,0.06299996376037598
53.50200009346008,53.56400012969971,0.06200003623962402
53.50200009346008,53.56400012969971,0.06200003623962402
53.50200009346008,53.526999950408936,0.02499985694885254
53.503000020980835,53.526999950408936,0.023999929428100586
53.54900002479553,53.569000005722046,0.019999980926513672
53.551000118255615,53.569000005722046,0.017999887466430664
53.551000118255615,53.569000005722046,0.017999887466430664
53.551000118255615,53.569000005722046,0.017999887466430664
53.551000118255615,53.61800003051758,0.06699991226196289
53.551000118255615,53.569000005722046,0.017999887466430664
53.551000118255615,53.56400012969971,0.013000011444091797
53.55200004577637,53.569000005722046,0.01699995994567871
53.55200004577637,53.569000005722046,0.01699995994567871
53.55200004577637,53.56500005722046,0.013000011444091797
53.60000014305115,53.63100004196167,0.03099989891052246
53.60199999809265,53.676000118255615,0.07400012016296387
53.60199999809265,53.676000118255615,0.07400012016296387
53.60199999809265,53.63000011444092,0.0280001163482666
53.60199999809265,53.63000011444092,0.0280001163482666
53.60199999809265,53.63100004196167,0.029000043869018555
53.60199999809265,53.61800003051758,0.016000032424926758
53.60199999809265,53.63000011444092,0.0280001163482666
53.60199999809265,53.63000011444092,0.0280001163482666
53.60199999809265,53.676000118255615,0.07400012016296387
53.65000009536743,53.71399998664856,0.06399989128112793
53.65000009536743,53.676000118255615,0.026000022888183594
53.65000009536743,53.676000118255615,0.026000022888183594
53.65000009536743,53.71500015258789,0.06500005722045898
53.65000009536743,53.676000118255615,0.026000022888183594
53.65000009536743,53.71399998664856,0.06399989128112793
53.65000009536743,53.71399998664856,0.06399989128112793
53.65000009536743,53.71399998664856,0.06399989128112793
53.65300011634827,53.676000118255615,0.023000001907348633
53.65300011634827,53.71399998664856,0.06099987030029297
53.700000047683716,53.723000049591064,0.023000001907348633
53.700000047683716,53.723000049591064,0.023000001907348633
53.70099997520447,53.723000049591064,0.02200007438659668
53.70099997520447,53.763999938964844,0.06299996376037598
53.70099997520447,53.723000049591064,0.02200007438659668
53.70099997520447,53.723000049591064,0.02200007438659668
53.70099997520447,53.723000049591064,0.02200007438659668
53.7020001411438,53.763999938964844,0.06199979782104492
53.70300006866455,53.765000104904175,0.06200003623962402
53.70300006866455,53.765000104904175,0.06200003623962402
53.74900007247925,53.81400012969971,0.06500005722045898
53.74900007247925,53.81400012969971,0.06500005722045898
53.75,53.765000104904175,0.015000104904174805
53.75,53.765000104904175,0.015000104904174805
53.75,53.81400012969971,0.06400012969970703
53.75,53.812999963760376,0.06299996376037598
53.75,53.763999938964844,0.01399993896484375
53.75200009346008,53.763999938964844,0.011999845504760742
53.75200009346008,53.81400012969971,0.06200003623962402
53.75200009346008,53.812999963760376,0.06099987030029297
53.79800009727478,53.818000078201294,0.019999980926513672
53.799999952316284,53.8270001411438,0.02700018882751465
53.799999952316284,53.8270001411438,0.02700018882751465
53.799999952316284,53.8270001411438,0.02700018882751465
53.799999952316284,53.81700015068054,0.017000198364257812
53.799999952316284,53.8270001411438,0.02700018882751465
53.799999952316284,53.81400012969971,0.014000177383422852
53.799999952316284,53.8270001411438,0.02700018882751465
53.801000118255615,53.8270001411438,0.026000022888183594
53.80200004577637,53.8270001411438,0.02500009536743164
53.85000014305115,53.88000011444092,0.029999971389770508
53.85000014305115,53.91799998283386,0.06799983978271484
53.85000014305115,53.87899994850159,0.028999805450439453
53.85000014305115,53.88000011444092,0.029999971389770508
53.85000014305115,53.87899994850159,0.028999805450439453
53.85000014305115,53.87899994850159,0.028999805450439453
53.85199999809265,53.87899994850159,0.026999950408935547
53.8529999256134,53.91799998283386,0.06500005722045898
53.8529999256134,53.91799998283386,0.06500005722045898
53.8529999256134,53.91799998283386,0.06500005722045898
53.90000009536743,53.97000002861023,0.06999993324279785
53.90000009536743,53.97000002861023,0.06999993324279785
53.90000009536743,53.97000002861023,0.06999993324279785
53.90000009536743,53.91799998283386,0.017999887466430664
53.90000009536743,53.91799998283386,0.017999887466430664
53.90000009536743,53.97000002861023,0.06999993324279785
53.901000022888184,53.97000002861023,0.0690000057220459
53.901000022888184,53.91799998283386,0.01699995994567871
53.901999950408936,53.96900010108948,0.06700015068054199
53.901999950408936,53.97000002861023,0.06800007820129395
53.949000120162964,53.97200012207031,0.023000001907348633
53.95099997520447,53.97200012207031,0.021000146865844727
53.95099997520447,53.97200012207031,0.021000146865844727
53.95099997520447,53.97200012207031,0.021000146865844727
53.95099997520447,53.97200012207031,0.021000146865844727
53.9520001411438,53.97200012207031,0.019999980926513672
53.9520001411438,53.97200012207031,0.019999980926513672
53.9520001411438,53.96900010108948,0.01699995994567871
53.9520001411438,54.01300001144409,0.06099987030029297
53.95300006866455,53.97200012207031,0.01900005340576172
53.99900007247925,54.013999938964844,0.014999866485595703
54.00099992752075,54.069000005722046,0.06800007820129395
54.00099992752075,54.068000078201294,0.06700015068054199
54.00099992752075,54.02500009536743,0.024000167846679688
54.00099992752075,54.069000005722046,0.06800007820129395
54.00099992752075,54.01300001144409,0.012000083923339844
54.00099992752075,54.02500009536743,0.024000167846679688
54.00099992752075,54.02500009536743,0.024000167846679688
54.00099992752075,54.02500009536743,0.024000167846679688
54.00099992752075,54.02500009536743,0.024000167846679688
54.049999952316284,54.11899995803833,0.0690000057220459
54.049999952316284,54.075000047683716,0.02500009536743164
54.051000118255615,54.069000005722046,0.017999887466430664
54.051000118255615,54.075000047683716,0.023999929428100586
54.05200004577637,54.074000120162964,0.02200007438659668
54.05200004577637,54.074000120162964,0.02200007438659668
54.05200004577637,54.075000047683716,0.023000001907348633
54.05200004577637,54.074000120162964,0.02200007438659668
54.05200004577637,54.069000005722046,0.01699995994567871
54.05200004577637,54.075000047683716,0.023000001907348633
54.098999977111816,54.11899995803833,0.019999980926513672
54.1010000705719,54.11899995803833,0.017999887466430664
54.1010000705719,54.11899995803833,0.017999887466430664
54.1010000705719,54.16100001335144,0.059999942779541016
54.1010000705719,54.11899995803833,0.017999887466430664
54.1010000705719,54.16100001335144,0.059999942779541016
54.10199999809265,54.16100001335144,0.05900001525878906
54.10199999809265,54.11899995803833,0.01699995994567871
54.10199999809265,54.11899995803833,0.01699995994567871
54.10199999809265,54.11899995803833,0.01699995994567871
54.15000009536743,54.16100001335144,0.010999917984008789
54.151999950408936,54.16100001335144,0.009000062942504883
54.151999950408936,54.22500014305115,0.07300019264221191
54.151999950408936,54.2260000705719,0.07400012016296387
54.151999950408936,54.22500014305115,0.07300019264221191
54.151999950408936,54.16100001335144,0.009000062942504883
54.151999950408936,54.16100001335144,0.009000062942504883
54.151999950408936,54.22500014305115,0.07300019264221191
54.151999950408936,54.223999977111816,0.07200002670288086
54.151999950408936,54.2260000705719,0.07400012016296387
54.200000047683716,54.27900004386902,0.07899999618530273
54.2020001411438,54.27900004386902,0.07699990272521973
54.2020001411438,54.23099994659424,0.028999805450439453
54.2020001411438,54.27900004386902,0.07699990272521973
54.2020001411438,54.27900004386902,0.07699990272521973
54.2020001411438,54.27900004386902,0.07699990272521973
54.20300006866455,54.23099994659424,0.0279998779296875
54.20300006866455,54.23099994659424,0.0279998779296875
54.20300006866455,54.27900004386902,0.07599997520446777
54.20300006866455,54.23200011253357,0.029000043869018555
54.248000144958496,54.2810001373291,0.03299999237060547
54.25,54.2810001373291,0.031000137329101562
54.25,54.27900004386902,0.029000043869018555
54.25,54.2810001373291,0.031000137329101562
54.25,54.27900004386902,0.029000043869018555
54.25099992752075,54.2810001373291,0.03000020980834961
54.25099992752075,54.27900004386902,0.0280001163482666
54.25099992752075,54.2810001373291,0.03000020980834961
54.25099992752075,54.2810001373291,0.03000020980834961
54.25200009346008,54.2810001373291,0.029000043869018555
54.299999952316284,54.31700015068054,0.017000198364257812
54.299999952316284,54.375,0.07500004768371582
54.299999952316284,54.31700015068054,0.017000198364257812
54.299999952316284,54.31700015068054,0.017000198364257812
54.299999952316284,54.375,0.07500004768371582
54.299999952316284,54.375,0.07500004768371582
54.299999952316284,54.31700015068054,0.017000198364257812
54.299999952316284,54.31700015068054,0.017000198364257812
54.30200004577637,54.31700015068054,0.015000104904174805
54.30299997329712,54.31700015068054,0.014000177383422852
54.348999977111816,54.38499999046326,0.03600001335144043
54.35199999809265,54.38499999046326,0.03299999237060547
54.35199999809265,54.38499999046326,0.03299999237060547
54.35199999809265,54.38499999046326,0.03299999237060547
54.35199999809265,54.38499999046326,0.03299999237060547
54.35199999809265,54.384000062942505,0.032000064849853516
54.35199999809265,54.38499999046326,0.03299999237060547
54.35199999809265,54.38300013542175,0.031000137329101562
54.3529999256134,54.38300013542175,0.03000020980834961
54.3529999256134,54.38499999046326,0.032000064849853516
54.3989999294281,54.42700004577637,0.0280001163482666
54.401000022888184,54.42700004577637,0.026000022888183594
54.401000022888184,54.48699998855591,0.08599996566772461
54.401000022888184,54.42700004577637,0.026000022888183594
54.401000022888184,54.42700004577637,0.026000022888183594
54.401000022888184,54.48699998855591,0.08599996566772461
54.401000022888184,54.42700004577637,0.026000022888183594
54.401999950408936,54.48699998855591,0.08500003814697266
54.401999950408936,54.42700004577637,0.02500009536743164
54.401999950408936,54.42700004577637,0.02500009536743164
54.450000047683716,54.490999937057495,0.0409998893737793
54.450000047683716,54.48699998855591,0.03699994087219238
54.450000047683716,54.49000000953674,0.039999961853027344
54.450000047683716,54.490999937057495,0.0409998893737793
54.450000047683716,54.49000000953674,0.039999961853027344
54.450000047683716,54.49000000953674,0.039999961853027344
54.450000047683716,54.48699998855591,0.03699994087219238
54.45300006866455,54.490999937057495,0.037999868392944336
54.45300006866455,54.490999937057495,0.037999868392944336
54.45300006866455,54.49000000953674,0.03699994087219238
54.5,54.515000104904175,0.015000104904174805
54.5,54.515000104904175,0.015000104904174805
54.5,54.515000104904175,0.015000104904174805
54.5,54.57100009918213,0.0710000991821289
54.5,54.57100009918213,0.0710000991821289
54.5,54.57100009918213,0.0710000991821289
54.50099992752075,54.515000104904175,0.014000177383422852
54.50099992752075,54.515000104904175,0.014000177383422852
54.50099992752075,54.51600003242493,0.015000104904174805
54.50099992752075,54.515000104904175,0.014000177383422852
54.549999952316284,54.57100009918213,0.021000146865844727
54.55200004577637,54.58400011062622,0.032000064849853516
54.55200004577637,54.58400011062622,0.032000064849853516
54.55200004577637,54.58400011062622,0.032000064849853516
54.55200004577637,54.58400011062622,0.032000064849853516
54.55200004577637,54.58400011062622,0.032000064849853516
54.55200004577637,54.58400011062622,0.032000064849853516
54.55200004577637,54.58400011062622,0.032000064849853516
54.55299997329712,54.58200001716614,0.029000043869018555
54.55299997329712,54.58200001716614,0.029000043869018555
54.60000014305115,54.62400007247925,0.023999929428100586
54.60000014305115,54.623000144958496,0.023000001907348633
54.60000014305115,54.674999952316284,0.07499980926513672
54.60199999809265,54.674999952316284,0.07299995422363281
54.60199999809265,54.67400002479553,0.07200002670288086
54.60199999809265,54.623000144958496,0.021000146865844727
54.60199999809265,54.623000144958496,0.021000146865844727
54.60199999809265,54.623000144958496,0.021000146865844727
54.60199999809265,54.62400007247925,0.02200007438659668
54.60199999809265,54.623000144958496,0.021000146865844727
54.65000009536743,54.717000007629395,0.06699991226196289
54.65000009536743,54.67400002479553,0.023999929428100586
54.65000009536743,54.674999952316284,0.02499985694885254
54.65000009536743,54.717000007629395,0.06699991226196289
54.65000009536743,54.67400002479553,0.023999929428100586
54.65000009536743,54.67400002479553,0.023999929428100586
54.651000022888184,54.67400002479553,0.023000001907348633
54.651000022888184,54.717000007629395,0.06599998474121094
54.651000022888184,54.717000007629395,0.06599998474121094
54.651000022888184,54.717000007629395,0.06599998474121094
54.69799995422363,54.71799993515015,0.019999980926513672
54.70099997520447,54.717000007629395,0.016000032424926758
54.70099997520447,54.71799993515015,0.01699995994567871
54.70099997520447,54.71799993515015,0.01699995994567871
54.70099997520447,54.71799993515015,0.01699995994567871
54.70099997520447,54.71799993515015,0.01699995994567871
54.70099997520447,54.71799993515015,0.01699995994567871
54.70099997520447,54.717000007629395,0.016000032424926758
54.7020001411438,54.717000007629395,0.014999866485595703
54.7020001411438,54.71799993515015,0.015999794006347656
54.748000144958496,54.824000120162964,0.07599997520446777
54.75099992752075,54.776000022888184,0.02500009536743164
54.75099992752075,54.765000104904175,0.014000177383422852
54.75099992752075,54.776000022888184,0.02500009536743164
54.75200009346008,54.776000022888184,0.023999929428100586
54.75200009346008,54.776000022888184,0.023999929428100586
54.75200009346008,54.776000022888184,0.023999929428100586
54.75200009346008,54.765000104904175,0.013000011444091797
54.75200009346008,54.776000022888184,0.023999929428100586
54.75200009346008,54.824000120162964,0.07200002670288086
54.79900002479553,54.82599997520447,0.026999950408935547
54.801000118255615,54.82299995422363,0.021999835968017578
54.801000118255615,54.82599997520447,0.02499985694885254
54.80200004577637,54.825000047683716,0.023000001907348633
54.80200004577637,54.82299995422363,0.020999908447265625
54.80200004577637,54.82599997520447,0.023999929428100586
54.80200004577637,54.82599997520447,0.023999929428100586
54.80200004577637,54.825000047683716,0.023000001907348633
54.80200004577637,54.82599997520447,0.023999929428100586
54.80299997329712,54.824000120162964,0.021000146865844727
54.85000014305115,54.865999937057495,0.015999794006347656
54.8510000705719,54.91300010681152,0.06200003623962402
54.85199999809265,54.865999937057495,0.01399993896484375
54.85199999809265,54.865999937057495,0.01399993896484375
54.85199999809265,54.865999937057495,0.01399993896484375
54.85199999809265,54.865999937057495,0.01399993896484375
54.85199999809265,54.91300010681152,0.06100010871887207
54.85199999809265,54.865999937057495,0.01399993896484375
54.85199999809265,54.865999937057495,0.01399993896484375
54.85199999809265,54.865999937057495,0.01399993896484375
54.90000009536743,54.932000160217285,0.032000064849853516
54.901999950408936,54.932000160217285,0.03000020980834961
54.901999950408936,54.9779999256134,0.07599997520446777
54.901999950408936,54.932000160217285,0.03000020980834961
54.90300011634827,54.9779999256134,0.07499980926513672
54.90300011634827,54.932000160217285,0.029000043869018555
54.90300011634827,54.91300010681152,0.009999990463256836
54.90300011634827,54.97699999809265,0.07399988174438477
54.90499997138977,54.9779999256134,0.07299995422363281
54.90499997138977,54.932000160217285,0.02700018882751465
54.949000120162964,54.979000091552734,0.029999971389770508
54.949000120162964,54.979000091552734,0.029999971389770508
54.949000120162964,54.9779999256134,0.028999805450439453
54.949000120162964,54.979000091552734,0.029999971389770508
54.950000047683716,54.980000019073486,0.029999971389770508
54.950000047683716,55.021000146865845,0.0710000991821289
54.950000047683716,54.979000091552734,0.029000043869018555
54.95099997520447,54.97699999809265,0.026000022888183594
54.95099997520447,54.980000019073486,0.029000043869018555
54.9520001411438,54.979000091552734,0.026999950408935547
54.99900007247925,55.0220000743866,0.023000001907348633
55.00200009346008,55.0220000743866,0.019999980926513672
55.00200009346008,55.0220000743866,0.019999980926513672
55.00200009346008,55.06400012969971,0.06200003623962402
55.00200009346008,55.0220000743866,0.019999980926513672
55.00200009346008,55.06400012969971,0.06200003623962402
55.00200009346008,55.062999963760376,0.06099987030029297
55.00200009346008,55.021000146865845,0.01900005340576172
55.00200009346008,55.0220000743866,0.019999980926513672
55.00200009346008,55.06400012969971,0.06200003623962402
55.049999952316284,55.06599998474121,0.016000032424926758
55.051000118255615,55.06400012969971,0.013000011444091797
55.051000118255615,55.06599998474121,0.014999866485595703
55.05200004577637,55.06599998474121,0.01399993896484375
55.05200004577637,55.06599998474121,0.01399993896484375
55.05200004577637,55.06599998474121,0.01399993896484375
55.05200004577637,55.06599998474121,0.01399993896484375
55.05200004577637,55.062999963760376,0.010999917984008789
55.05200004577637,55.06400012969971,0.012000083923339844
55.05200004577637,55.06599998474121,0.01399993896484375
55.098999977111816,55.12899994850159,0.029999971389770508
55.10000014305115,55.12899994850159,0.028999805450439453
55.10000014305115,55.176000118255615,0.07599997520446777
55.10000014305115,55.12899994850159,0.028999805450439453
55.10199999809265,55.174999952316284,0.07299995422363281
55.10199999809265,55.176000118255615,0.07400012016296387
55.10199999809265,55.176000118255615,0.07400012016296387
55.10199999809265,55.12899994850159,0.026999950408935547
55.10199999809265,55.174999952316284,0.07299995422363281
55.10199999809265,55.12899994850159,0.026999950408935547
55.1489999294281,55.174999952316284,0.026000022888183594
55.151000022888184,55.176000118255615,0.02500009536743164
55.151000022888184,55.17799997329712,0.026999950408935547
55.151000022888184,55.17700004577637,0.026000022888183594
55.151000022888184,55.217000007629395,0.06599998474121094
55.151000022888184,55.17700004577637,0.026000022888183594
55.151000022888184,55.17700004577637,0.026000022888183594
55.151000022888184,55.17799997329712,0.026999950408935547
55.151000022888184,55.17799997329712,0.026999950408935547
55.151000022888184,55.17700004577637,0.026000022888183594
55.199000120162964,55.217000007629395,0.017999887466430664
55.20099997520447,55.217000007629395,0.016000032424926758
55.20099997520447,55.265000104904175,0.06400012969970703
55.20099997520447,55.263999938964844,0.06299996376037598
55.20099997520447,55.217000007629395,0.016000032424926758
55.20099997520447,55.217000007629395,0.016000032424926758
55.20099997520447,55.263999938964844,0.06299996376037598
55.2020001411438,55.217000007629395,0.014999866485595703
55.2020001411438,55.217000007629395,0.014999866485595703
55.2020001411438,55.217000007629395,0.014999866485595703
55.25,55.27999997138977,0.029999971389770508
55.25,55.263999938964844,0.01399993896484375
55.25,55.265000104904175,0.015000104904174805
55.25,55.27999997138977,0.029999971389770508
55.25,55.27999997138977,0.029999971389770508
55.25,55.265000104904175,0.015000104904174805
55.25,55.263999938964844,0.01399993896484375
55.25099992752075,55.3289999961853,0.07800006866455078
55.25200009346008,55.27999997138977,0.0279998779296875
55.25200009346008,55.3289999961853,0.07699990272521973
55.29900002479553,55.331000089645386,0.032000064849853516
55.301000118255615,55.3289999961853,0.0279998779296875
55.301000118255615,55.38100004196167,0.07999992370605469
55.301000118255615,55.331000089645386,0.029999971389770508
55.301000118255615,55.331000089645386,0.029999971389770508
55.30200004577637,55.331000089645386,0.029000043869018555
55.30200004577637,55.3289999961853,0.026999950408935547
55.30200004577637,55.331000089645386,0.029000043869018555
55.30200004577637,55.331000089645386,0.029000043869018555
55.30200004577637,55.331000089645386,0.029000043869018555
55.35000014305115,55.38100004196167,0.03099989891052246
55.3510000705719,55.38100004196167,0.029999971389770508
55.3510000705719,55.41799998283386,0.06699991226196289
55.35199999809265,55.38100004196167,0.029000043869018555
55.35199999809265,55.38199996948242,0.029999971389770508
55.35199999809265,55.41799998283386,0.06599998474121094
55.35199999809265,55.41799998283386,0.06599998474121094
55.35199999809265,55.41900014877319,0.06700015068054199
55.35199999809265,55.41700005531311,0.06500005722045898
55.35199999809265,55.38100004196167,0.029000043869018555
55.3970000743866,55.47000002861023,0.07299995422363281
55.40000009536743,55.41799998283386,0.017999887466430664
55.40000009536743,55.47000002861023,0.06999993324279785
55.40000009536743,55.47000002861023,0.06999993324279785
55.401000022888184,55.47000002861023,0.0690000057220459
55.401000022888184,55.47000002861023,0.0690000057220459
55.401000022888184,55.47000002861023,0.0690000057220459
55.401000022888184,55.41799998283386,0.01699995994567871
55.401000022888184,55.41799998283386,0.01699995994567871
55.401000022888184,55.41799998283386,0.01699995994567871
55.449000120162964,55.47000002861023,0.020999908447265625
55.45099997520447,55.480000019073486,0.029000043869018555
55.45099997520447,55.48099994659424,0.029999971389770508
55.45099997520447,55.48099994659424,0.029999971389770508
55.45099997520447,55.48099994659424,0.029999971389770508
55.4520001411438,55.48099994659424,0.028999805450439453
55.4520001411438,55.47000002861023,0.017999887466430664
55.4520001411438,55.48099994659424,0.028999805450439453
55.4520001411438,55.480000019073486,0.0279998779296875
55.4539999961853,55.526000022888184,0.07200002670288086
55.49900007247925,55.57100009918213,0.07200002670288086
55.5,55.526000022888184,0.026000022888183594
55.5,55.57100009918213,0.0710000991821289
55.5,55.57100009918213,0.0710000991821289
55.50099992752075,55.526999950408936,0.026000022888183594
55.50099992752075,55.57100009918213,0.07000017166137695
55.50099992752075,55.57100009918213,0.07000017166137695
55.50099992752075,55.526999950408936,0.026000022888183594
55.50200009346008,55.526000022888184,0.023999929428100586
55.50200009346008,55.57100009918213,0.0690000057220459
55.549999952316284,55.57299995422363,0.023000001907348633
55.55200004577637,55.57299995422363,0.020999908447265625
55.55200004577637,55.61300015449524,0.06100010871887207
55.55200004577637,55.57299995422363,0.020999908447265625
55.55200004577637,55.57299995422363,0.020999908447265625
55.55200004577637,55.61300015449524,0.06100010871887207
55.55200004577637,55.57100009918213,0.01900005340576172
55.55200004577637,55.57299995422363,0.020999908447265625
55.55200004577637,55.57299995422363,0.020999908447265625
55.55200004577637,55.57299995422363,0.020999908447265625
55.60000014305115,55.66100001335144,0.06099987030029297
55.60000014305115,55.61300015449524,0.013000011444091797
55.60000014305115,55.61300015449524,0.013000011444091797
55.60000014305115,55.61300015449524,0.013000011444091797
55.60000014305115,55.66100001335144,0.06099987030029297
55.60000014305115,55.61300015449524,0.013000011444091797
55.60000014305115,55.61300015449524,0.013000011444091797
55.60000014305115,55.61400008201599,0.01399993896484375
55.6029999256134,55.66100001335144,0.05800008773803711
55.6029999256134,55.66100001335144,0.05800008773803711
55.65000009536743,55.72500014305115,0.07500004768371582
55.651000022888184,55.67900013923645,0.0280001163482666
55.651000022888184,55.72500014305115,0.07400012016296387
55.651000022888184,55.67900013923645,0.0280001163482666
55.651000022888184,55.72500014305115,0.07400012016296387
55.651000022888184,55.67900013923645,0.0280001163482666
55.651000022888184,55.72500014305115,0.07400012016296387
55.651999950408936,55.72500014305115,0.07300019264221191
55.651999950408936,55.66100001335144,0.009000062942504883
55.651999950408936,55.67900013923645,0.02700018882751465
55.700000047683716,55.7260000705719,0.026000022888183594
55.70099997520447,55.72500014305115,0.024000167846679688
55.70099997520447,55.7260000705719,0.02500009536743164
55.70099997520447,55.72699999809265,0.026000022888183594
55.70099997520447,55.7260000705719,0.02500009536743164
55.70099997520447,55.7260000705719,0.02500009536743164
55.70099997520447,55.72500014305115,0.024000167846679688
55.70099997520447,55.72699999809265,0.026000022888183594
55.70099997520447,55.72699999809265,0.026000022888183594
55.7020001411438,55.7260000705719,0.023999929428100586
55.75,55.76900005340576,0.01900005340576172
55.75099992752075,55.76900005340576,0.018000125885009766
55.75099992752075,55.80900001525879,0.05800008773803711
55.75099992752075,55.80900001525879,0.05800008773803711
55.75099992752075,55.76900005340576,0.018000125885009766
55.75099992752075,55.76900005340576,0.018000125885009766
55.75099992752075,55.76900005340576,0.018000125885009766
55.75200009346008,55.76900005340576,0.01699995994567871
55.75200009346008,55.80900001525879,0.056999921798706055
55.753000020980835,55.76900005340576,0.016000032424926758
55.799999952316284,55.80900001525879,0.009000062942504883
55.799999952316284,55.80999994277954,0.009999990463256836
55.799999952316284,55.86800003051758,0.06800007820129395
55.799999952316284,55.80900001525879,0.009000062942504883
55.799999952316284,55.80900001525879,0.009000062942504883
55.80200004577637,55.86800003051758,0.06599998474121094
55.80200004577637,55.86800003051758,0.06599998474121094
55.80200004577637,55.86899995803833,0.06699991226196289
55.80200004577637,55.867000102996826,0.06500005722045898
55.80200004577637,55.86800003051758,0.06599998474121094
55.848000049591064,55.88100004196167,0.03299999237060547
55.85000014305115,55.88100004196167,0.03099989891052246
55.85000014305115,55.88100004196167,0.03099989891052246
55.85000014305115,55.87899994850159,0.028999805450439453
55.8510000705719,55.88000011444092,0.029000043869018555
55.8510000705719,55.87899994850159,0.0279998779296875
55.8510000705719,55.88100004196167,0.029999971389770508
55.8510000705719,55.88000011444092,0.029000043869018555
55.8510000705719,55.88100004196167,0.029999971389770508
55.8510000705719,55.87899994850159,0.0279998779296875
55.8989999294281,55.92199993133545,0.023000001907348633
55.90000009536743,55.92199993133545,0.021999835968017578
55.901999950408936,55.96799993515015,0.06599998474121094
55.901999950408936,55.92199993133545,0.019999980926513672
55.901999950408936,55.92199993133545,0.019999980926513672
55.901999950408936,55.92199993133545,0.019999980926513672
55.901999950408936,55.96799993515015,0.06599998474121094
55.901999950408936,55.92199993133545,0.019999980926513672
55.901999950408936,55.96799993515015,0.06599998474121094
55.901999950408936,55.92199993133545,0.019999980926513672
55.949000120162964,56.021000146865845,0.07200002670288086
55.95099997520447,56.021000146865845,0.07000017166137695
55.95099997520447,55.967000007629395,0.016000032424926758
55.95099997520447,55.967000007629395,0.016000032424926758
55.95099997520447,56.021000146865845,0.07000017166137695
55.95099997520447,56.021000146865845,0.07000017166137695
55.95099997520447,56.021000146865845,0.07000017166137695
55.95099997520447,55.967000007629395,0.016000032424926758
55.95099997520447,55.967000007629395,0.016000032424926758
55.9520001411438,56.021000146865845,0.0690000057220459
55.998000144958496,56.021000146865845,0.023000001907348633
56.00099992752075,56.03200006484985,0.031000137329101562
56.00099992752075,56.03200006484985,0.031000137329101562
56.00099992752075,56.07599997520447,0.07500004768371582
56.00099992752075,56.03200006484985,0.031000137329101562
56.00200009346008,56.03200006484985,0.029999971389770508
56.00200009346008,56.07599997520447,0.07399988174438477
56.00200009346008,56.07599997520447,0.07399988174438477
56.00200009346008,56.03200006484985,0.029999971389770508
56.00200009346008,56.03200006484985,0.029999971389770508
56.04900002479553,56.07599997520447,0.026999950408935547
56.05200004577637,56.07599997520447,0.023999929428100586
56.05200004577637,56.07599997520447,0.023999929428100586
56.05200004577637,56.121999979019165,0.06999993324279785
56.05200004577637,56.07599997520447,0.023999929428100586
56.05200004577637,56.07599997520447,0.023999929428100586
56.05200004577637,56.121999979019165,0.06999993324279785
56.05200004577637,56.12100005149841,0.0690000057220459
56.05200004577637,56.07599997520447,0.023999929428100586
56.05200004577637,56.121999979019165,0.06999993324279785
56.10000014305115,56.164000034332275,0.06399989128112793
56.10199999809265,56.121999979019165,0.019999980926513672
56.10199999809265,56.121999979019165,0.019999980926513672
56.10199999809265,56.121999979019165,0.019999980926513672
56.10199999809265,56.121999979019165,0.019999980926513672
56.10199999809265,56.164000034332275,0.06200003623962402
56.10199999809265,56.121999979019165,0.019999980926513672
56.10199999809265,56.12100005149841,0.01900005340576172
56.10199999809265,56.164000034332275,0.06200003623962402
56.10199999809265,56.164000034332275,0.06200003623962402
56.15000009536743,56.20900011062622,0.05900001525878906
56.151000022888184,56.21000003814697,0.05900001525878906
56.151000022888184,56.21000003814697,0.05900001525878906
56.151000022888184,56.164000034332275,0.013000011444091797
56.151000022888184,56.21000003814697,0.05900001525878906
56.151000022888184,56.164000034332275,0.013000011444091797
56.151999950408936,56.164000034332275,0.012000083923339844
56.151999950408936,56.20900011062622,0.057000160217285156
56.151999950408936,56.21000003814697,0.05800008773803711
56.151999950408936,56.164000034332275,0.012000083923339844
56.200000047683716,56.229000091552734,0.029000043869018555
56.200000047683716,56.27500009536743,0.07500004768371582
56.200000047683716,56.21000003814697,0.009999990463256836
56.20099997520447,56.229000091552734,0.0280001163482666
56.20099997520447,56.229000091552734,0.0280001163482666
56.20099997520447,56.229000091552734,0.0280001163482666
56.20099997520447,56.27500009536743,0.07400012016296387
56.2020001411438,56.229000091552734,0.026999950408935547
56.20300006866455,56.229000091552734,0.026000022888183594
56.2039999961853,56.2739999294281,0.06999993324279785
56.24900007247925,56.276000022888184,0.026999950408935547
56.25099992752075,56.27500009536743,0.024000167846679688
56.25099992752075,56.276000022888184,0.02500009536743164
56.25099992752075,56.27500009536743,0.024000167846679688
56.25099992752075,56.27500009536743,0.024000167846679688
56.25099992752075,56.27500009536743,0.024000167846679688
56.25099992752075,56.276000022888184,0.02500009536743164
56.25099992752075,56.276000022888184,0.02500009536743164
56.25099992752075,56.27500009536743,0.024000167846679688
56.253000020980835,56.276000022888184,0.023000001907348633
56.29900002479553,56.31700015068054,0.018000125885009766
56.299999952316284,56.31700015068054,0.017000198364257812
56.301000118255615,56.31700015068054,0.016000032424926758
56.301000118255615,56.31700015068054,0.016000032424926758
56.301000118255615,56.31700015068054,0.016000032424926758
56.301000118255615,56.31700015068054,0.016000032424926758
56.301000118255615,56.37100005149841,0.06999993324279785
56.301000118255615,56.37100005149841,0.06999993324279785
56.301000118255615,56.31700015068054,0.016000032424926758
56.301000118255615,56.37100005149841,0.06999993324279785
56.35000014305115,56.37100005149841,0.020999908447265625
56.35000014305115,56.37100005149841,0.020999908447265625
56.35199999809265,56.420000076293945,0.06800007820129395
56.35199999809265,56.420000076293945,0.06800007820129395
56.35199999809265,56.420000076293945,0.06800007820129395
56.35199999809265,56.37100005149841,0.01900005340576172
56.35199999809265,56.420000076293945,0.06800007820129395
56.35199999809265,56.420000076293945,0.06800007820129395
56.35199999809265,56.37100005149841,0.01900005340576172
56.3529999256134,56.420000076293945,0.06700015068054199
56.40000009536743,56.4300000667572,0.029999971389770508
56.40000009536743,56.432000160217285,0.032000064849853516
56.40000009536743,56.432000160217285,0.032000064849853516
56.40000009536743,56.432000160217285,0.032000064849853516
56.40000009536743,56.43300008773804,0.03299999237060547
56.40000009536743,56.473000049591064,0.07299995422363281
56.401999950408936,56.432000160217285,0.03000020980834961
56.401999950408936,56.4300000667572,0.0280001163482666
56.401999950408936,56.432000160217285,0.03000020980834961
56.401999950408936,56.432000160217285,0.03000020980834961
56.450000047683716,56.473000049591064,0.023000001907348633
56.450000047683716,56.473000049591064,0.023000001907348633
56.450000047683716,56.51800012588501,0.06800007820129395
56.450000047683716,56.51800012588501,0.06800007820129395
56.45099997520447,56.473000049591064,0.02200007438659668
56.4520001411438,56.473000049591064,0.020999908447265625
56.4520001411438,56.51800012588501,0.06599998474121094
56.4520001411438,56.473000049591064,0.020999908447265625
56.4520001411438,56.51800012588501,0.06599998474121094
56.45300006866455,56.473000049591064,0.019999980926513672
56.49900007247925,56.56400012969971,0.06500005722045898
56.50200009346008,56.51800012588501,0.016000032424926758
56.50200009346008,56.51800012588501,0.016000032424926758
56.50200009346008,56.56400012969971,0.06200003623962402
56.50200009346008,56.51800012588501,0.016000032424926758
56.50200009346008,56.56400012969971,0.06200003623962402
56.50200009346008,56.51800012588501,0.016000032424926758
56.50200009346008,56.56400012969971,0.06200003623962402
56.50200009346008,56.51800012588501,0.016000032424926758
56.50200009346008,56.51800012588501,0.016000032424926758
56.549999952316284,56.56400012969971,0.014000177383422852
56.549999952316284,56.61300015449524,0.06300020217895508
56.549999952316284,56.56400012969971,0.014000177383422852
56.549999952316284,56.56400012969971,0.014000177383422852
56.549999952316284,56.56500005722046,0.015000104904174805
56.549999952316284,56.56500005722046,0.015000104904174805
56.549999952316284,56.61300015449524,0.06300020217895508
56.551000118255615,56.61300015449524,0.06200003623962402
56.551000118255615,56.61300015449524,0.06200003623962402
56.551000118255615,56.61300015449524,0.06200003623962402
56.60000014305115,56.62400007247925,0.023999929428100586
56.60000014305115,56.674999952316284,0.07499980926513672
56.60000014305115,56.62400007247925,0.023999929428100586
56.60000014305115,56.62400007247925,0.023999929428100586
56.60000014305115,56.674999952316284,0.07499980926513672
56.60000014305115,56.674999952316284,0.07499980926513672
56.60000014305115,56.674999952316284,0.07499980926513672
56.60199999809265,56.62400007247925,0.02200007438659668
56.60199999809265,56.674999952316284,0.07299995422363281
56.60199999809265,56.62400007247925,0.02200007438659668
56.65000009536743,56.674999952316284,0.02499985694885254
56.651000022888184,56.674999952316284,0.023999929428100586
56.651999950408936,56.71399998664856,0.06200003623962402
56.651999950408936,56.71399998664856,0.06200003623962402
56.651999950408936,56.674999952316284,0.023000001907348633
56.651999950408936,56.71399998664856,0.06200003623962402
56.651999950408936,56.674999952316284,0.023000001907348633
56.651999950408936,56.71399998664856,0.06200003623962402
56.65300011634827,56.674999952316284,0.021999835968017578
56.65300011634827,56.674999952316284,0.021999835968017578
56.699000120162964,56.71600008010864,0.01699995994567871
56.700000047683716,56.71600008010864,0.016000032424926758
56.700000047683716,56.717000007629395,0.01699995994567871
56.700000047683716,56.71399998664856,0.01399993896484375
56.70099997520447,56.71600008010864,0.015000104904174805
56.7020001411438,56.71600008010864,0.01399993896484375
56.7020001411438,56.71399998664856,0.011999845504760742
56.7020001411438,56.71600008010864,0.01399993896484375
56.7020001411438,56.71399998664856,0.011999845504760742
56.7020001411438,56.71600008010864,0.01399993896484375
56.748000144958496,56.82299995422363,0.07499980926513672
56.75,56.77999997138977,0.029999971389770508
56.75,56.824000120162964,0.07400012016296387
56.75,56.77999997138977,0.029999971389770508
56.75,56.77999997138977,0.029999971389770508
56.75,56.77999997138977,0.029999971389770508
56.75,56.82299995422363,0.07299995422363281
56.75200009346008,56.82299995422363,0.0709998607635498
56.75200009346008,56.824000120162964,0.07200002670288086
56.753000020980835,56.82299995422363,0.06999993324279785
56.799999952316284,56.87599992752075,0.07599997520446777
56.801000118255615,56.875,0.07399988174438477
56.801000118255615,56.875,0.07399988174438477
56.80200004577637,56.82299995422363,0.020999908447265625
56.80200004577637,56.82299995422363,0.020999908447265625
56.80200004577637,56.87599992752075,0.07399988174438477
56.80200004577637,56.875,0.07299995422363281
56.80200004577637,56.875,0.07299995422363281
56.80200004577637,56.824000120162964,0.02200007438659668
56.80200004577637,56.82299995422363,0.020999908447265625
56.85000014305115,56.875,0.02499985694885254
56.85000014305115,56.914000034332275,0.06399989128112793
56.85199999809265,56.914000034332275,0.06200003623962402
56.85199999809265,56.914000034332275,0.06200003623962402
56.85199999809265,56.87599992752075,0.023999929428100586
56.85199999809265,56.914000034332275,0.06200003623962402
56.85199999809265,56.875,0.023000001907348633
56.85199999809265,56.875,0.023000001907348633
56.85199999809265,56.875,0.023000001907348633
56.85199999809265,56.914000034332275,0.06200003623962402
56.8989999294281,56.91700005531311,0.018000125885009766
56.901000022888184,56.91700005531311,0.016000032424926758
56.901000022888184,56.93300008773804,0.032000064849853516
56.901999950408936,56.979000091552734,0.07700014114379883
56.90300011634827,56.979000091552734,0.07599997520446777
56.90300011634827,56.93300008773804,0.029999971389770508
56.90300011634827,56.91700005531311,0.01399993896484375
56.90300011634827,56.93300008773804,0.029999971389770508
56.90300011634827,56.93300008773804,0.029999971389770508
56.90300011634827,56.93300008773804,0.029999971389770508
56.950000047683716,56.98099994659424,0.03099989891052246
56.950000047683716,56.98099994659424,0.03099989891052246
56.950000047683716,56.98099994659424,0.03099989891052246
56.95099997520447,56.98099994659424,0.029999971389770508
56.95099997520447,56.98099994659424,0.029999971389770508
56.95099997520447,56.979000091552734,0.0280001163482666
56.95099997520447,56.979000091552734,0.0280001163482666
56.9520001411438,56.98099994659424,0.028999805450439453
56.9520001411438,56.98099994659424,0.028999805450439453
56.9520001411438,56.979000091552734,0.026999950408935547
56.99900007247925,57.021000146865845,0.02200007438659668
57.0,57.068000078201294,0.06800007820129395
57.0,57.069000005722046,0.0690000057220459
57.0,57.069000005722046,0.0690000057220459
57.0,57.021000146865845,0.021000146865844727
57.00099992752075,57.021000146865845,0.020000219345092773
57.00099992752075,57.021000146865845,0.020000219345092773
57.00099992752075,57.021000146865845,0.020000219345092773
57.00099992752075,57.021000146865845,0.020000219345092773
57.00099992752075,57.021000146865845,0.020000219345092773
57.04900002479553,57.068000078201294,0.01900005340576172
57.049999952316284,57.115999937057495,0.06599998474121094
57.049999952316284,57.069000005722046,0.01900005340576172
57.049999952316284,57.115999937057495,0.06599998474121094
57.049999952316284,57.11500000953674,0.06500005722045898
57.051000118255615,57.068000078201294,0.01699995994567871
57.05200004577637,57.069000005722046,0.01699995994567871
57.05200004577637,57.068000078201294,0.016000032424926758
57.05200004577637,57.11500000953674,0.06299996376037598
57.05299997329712,57.069000005722046,0.016000032424926758
57.10000014305115,57.115999937057495,0.015999794006347656
57.10000014305115,57.15900015830994,0.05900001525878906
57.10000014305115,57.11500000953674,0.014999866485595703
57.10000014305115,57.11500000953674,0.014999866485595703
57.10000014305115,57.15900015830994,0.05900001525878906
57.1010000705719,57.16000008583069,0.05900001525878906
57.1010000705719,57.115999937057495,0.014999866485595703
57.10199999809265,57.15900015830994,0.057000160217285156
57.10199999809265,57.15900015830994,0.057000160217285156
57.10199999809265,57.15900015830994,0.057000160217285156
57.15000009536743,57.176000118255615,0.026000022888183594
57.15000009536743,57.17900013923645,0.029000043869018555
57.15000009536743,57.17900013923645,0.029000043869018555
57.151999950408936,57.17900013923645,0.02700018882751465
57.151999950408936,57.17900013923645,0.02700018882751465
57.151999950408936,57.17900013923645,0.02700018882751465
57.151999950408936,57.17900013923645,0.02700018882751465
57.151999950408936,57.17900013923645,0.02700018882751465
57.151999950408936,57.174999952316284,0.023000001907348633
57.151999950408936,57.174999952316284,0.023000001907348633
57.200000047683716,57.263999938964844,0.06399989128112793
57.200000047683716,57.223999977111816,0.023999929428100586
57.200000047683716,57.26300001144409,0.06299996376037598
57.200000047683716,57.263999938964844,0.06399989128112793
57.200000047683716,57.223000049591064,0.023000001907348633
57.200000047683716,57.223000049591064,0.023000001907348633
57.20099997520447,57.223000049591064,0.02200007438659668
57.2020001411438,57.223000049591064,0.020999908447265625
57.2020001411438,57.223999977111816,0.021999835968017578
57.2020001411438,57.223999977111816,0.021999835968017578
57.25,57.319000005722046,0.0690000057220459
57.25,57.263999938964844,0.01399993896484375
57.25,57.3199999332428,0.06999993324279785
57.25,57.3199999332428,0.06999993324279785
57.25,57.263999938964844,0.01399993896484375
57.25,57.319000005722046,0.0690000057220459
57.25,57.3199999332428,0.06999993324279785
57.25200009346008,57.263999938964844,0.011999845504760742
57.25200009346008,57.263999938964844,0.011999845504760742
57.25200009346008,57.26300001144409,0.010999917984008789
57.299999952316284,57.3289999961853,0.029000043869018555
57.299999952316284,57.3289999961853,0.029000043869018555
57.299999952316284,57.375,0.07500004768371582
57.299999952316284,57.3289999961853,0.029000043869018555
57.299999952316284,57.375,0.07500004768371582
57.299999952316284,57.3289999961853,0.029000043869018555
57.299999952316284,57.3289999961853,0.029000043869018555
57.299999952316284,57.375,0.07500004768371582
57.30299997329712,57.3289999961853,0.026000022888183594
57.30299997329712,57.3289999961853,0.026000022888183594
57.35000014305115,57.375,0.02499985694885254
57.35000014305115,57.375,0.02499985694885254
57.35199999809265,57.375,0.023000001907348633
57.35199999809265,57.42199993133545,0.06999993324279785
57.35199999809265,57.42300009727478,0.0710000991821289
57.35199999809265,57.42300009727478,0.0710000991821289
57.35199999809265,57.375,0.023000001907348633
57.35199999809265,57.42300009727478,0.0710000991821289
57.35199999809265,57.42300009727478,0.0710000991821289
57.35199999809265,57.375,0.023000001907348633
57.40000009536743,57.46300005912781,0.06299996376037598
57.40000009536743,57.462000131607056,0.06200003623962402
57.40000009536743,57.46300005912781,0.06299996376037598
57.40000009536743,57.46300005912781,0.06299996376037598
57.40000009536743,57.42300009727478,0.023000001907348633
57.40000009536743,57.42300009727478,0.023000001907348633
57.401999950408936,57.42300009727478,0.021000146865844727
57.401999950408936,57.462000131607056,0.06000018119812012
57.40300011634827,57.42199993133545,0.018999814987182617
57.40300011634827,57.42199993133545,0.018999814987182617
57.44799995422363,57.5220000743866,0.07400012016296387
57.450000047683716,57.46300005912781,0.013000011444091797
57.450000047683716,57.5220000743866,0.07200002670288086
57.450000047683716,57.46300005912781,0.013000011444091797
57.450000047683716,57.5220000743866,0.07200002670288086
57.450000047683716,57.5220000743866,0.07200002670288086
57.450000047683716,57.462000131607056,0.012000083923339844
57.45099997520447,57.5220000743866,0.0710000991821289
57.45099997520447,57.46300005912781,0.012000083923339844
57.45099997520447,57.5220000743866,0.0710000991821289
57.49900007247925,57.53200006484985,0.03299999237060547
57.50200009346008,57.53200006484985,0.029999971389770508
57.50200009346008,57.574000120162964,0.07200002670288086
57.50200009346008,57.53200006484985,0.029999971389770508
57.50200009346008,57.53200006484985,0.029999971389770508
57.50200009346008,57.53200006484985,0.029999971389770508
57.50200009346008,57.53200006484985,0.029999971389770508
57.50200009346008,57.574000120162964,0.07200002670288086
57.50200009346008,57.53200006484985,0.029999971389770508
57.503000020980835,57.53200006484985,0.029000043869018555
57.549999952316284,57.62599992752075,0.07599997520446777
57.551000118255615,57.62599992752075,0.07499980926513672
57.551000118255615,57.62599992752075,0.07499980926513672
57.551000118255615,57.574000120162964,0.023000001907348633
57.551000118255615,57.62599992752075,0.07499980926513672
57.551000118255615,57.574000120162964,0.023000001907348633
57.55200004577637,57.574000120162964,0.02200007438659668
57.55200004577637,57.62599992752075,0.07399988174438477
57.55200004577637,57.574000120162964,0.02200007438659668
57.55200004577637,57.574000120162964,0.02200007438659668
57.60000014305115,57.62899994850159,0.028999805450439453
57.60000014305115,57.62899994850159,0.028999805450439453
57.60000014305115,57.66199994087219,0.06199979782104492
57.6010000705719,57.62899994850159,0.0279998779296875
57.6010000705719,57.66300010681152,0.06200003623962402
57.6010000705719,57.66199994087219,0.06099987030029297
57.6010000705719,57.62899994850159,0.0279998779296875
57.6010000705719,57.62899994850159,0.0279998779296875
57.60199999809265,57.66199994087219,0.059999942779541016
57.60199999809265,57.62899994850159,0.026999950408935547
57.65000009536743,57.66199994087219,0.011999845504760742
57.651000022888184,57.66199994087219,0.010999917984008789
57.651000022888184,57.66199994087219,0.010999917984008789
57.651000022888184,57.66199994087219,0.010999917984008789
57.651000022888184,57.712000131607056,0.06100010871887207
57.651000022888184,57.66199994087219,0.010999917984008789
57.651000022888184,57.66199994087219,0.010999917984008789
57.651000022888184,57.712000131607056,0.06100010871887207
57.651000022888184,57.712000131607056,0.06100010871887207
57.651000022888184,57.712000131607056,0.06100010871887207
57.699000120162964,57.76699995994568,0.06799983978271484
57.700000047683716,57.7279999256134,0.0279998779296875
57.700000047683716,57.7279999256134,0.0279998779296875
57.700000047683716,57.76900005340576,0.0690000057220459
57.700000047683716,57.7279999256134,0.0279998779296875
57.7020001411438,57.76800012588501,0.06599998474121094
57.7020001411438,57.76800012588501,0.06599998474121094
57.7020001411438,57.76900005340576,0.06699991226196289
57.7020001411438,57.7279999256134,0.025999784469604492
57.7020001411438,57.76699995994568,0.06499981880187988
57.74900007247925,57.81500005722046,0.06599998474121094
57.75200009346008,57.7739999294281,0.021999835968017578
57.75200009346008,57.7739999294281,0.021999835968017578
57.75200009346008,57.7739999294281,0.021999835968017578
57.75200009346008,57.81500005722046,0.06299996376037598
57.75200009346008,57.76699995994568,0.014999866485595703
57.75200009346008,57.7739999294281,0.021999835968017578
57.75200009346008,57.7739999294281,0.021999835968017578
57.75200009346008,57.7739999294281,0.021999835968017578
57.75200009346008,57.7739999294281,0.021999835968017578
57.79900002479553,57.81500005722046,0.016000032424926758
57.801000118255615,57.81500005722046,0.01399993896484375
57.801000118255615,57.86899995803833,0.06799983978271484
57.801000118255615,57.86800003051758,0.06699991226196289
57.80200004577637,57.81500005722046,0.013000011444091797
57.80200004577637,57.81500005722046,0.013000011444091797
57.80200004577637,57.81500005722046,0.013000011444091797
57.80200004577637,57.86800003051758,0.06599998474121094
57.80200004577637,57.81400012969971,0.012000083923339844
57.80200004577637,57.86800003051758,0.06599998474121094
57.85000014305115,57.88000011444092,0.029999971389770508
57.85000014305115,57.93300008773804,0.08299994468688965
57.8510000705719,57.88000011444092,0.029000043869018555
57.85199999809265,57.932000160217285,0.08000016212463379
57.85199999809265,57.932000160217285,0.08000016212463379
57.85199999809265,57.88000011444092,0.0280001163482666
57.85199999809265,57.93300008773804,0.08100008964538574
57.8529999256134,57.88000011444092,0.02700018882751465
57.8529999256134,57.93300008773804,0.08000016212463379
57.8529999256134,57.88000011444092,0.02700018882751465
57.8989999294281,57.96900010108948,0.07000017166137695
57.901000022888184,57.932000160217285,0.031000137329101562
57.901000022888184,57.93300008773804,0.032000064849853516
57.901000022888184,57.96900010108948,0.06800007820129395
57.901000022888184,57.96900010108948,0.06800007820129395
57.901000022888184,57.97000002861023,0.0690000057220459
57.901000022888184,57.96900010108948,0.06800007820129395
57.901000022888184,57.93300008773804,0.032000064849853516
57.901000022888184,57.96900010108948,0.06800007820129395
57.901000022888184,57.93300008773804,0.032000064849853516
57.950000047683716,57.97099995613098,0.020999908447265625
57.950000047683716,57.97000002861023,0.019999980926513672
57.950000047683716,57.97099995613098,0.020999908447265625
57.950000047683716,57.97000002861023,0.019999980926513672
57.950000047683716,57.97000002861023,0.019999980926513672
57.950000047683716,57.97099995613098,0.020999908447265625
57.9520001411438,57.97099995613098,0.018999814987182617
57.9520001411438,57.97000002861023,0.017999887466430664
57.9520001411438,58.01100015640259,0.05900001525878906
57.95300006866455,58.01100015640259,0.05800008773803711
58.0,58.06700015068054,0.06700015068054199
58.00200009346008,58.01100015640259,0.009000062942504883
58.00200009346008,58.06700015068054,0.06500005722045898
58.00200009346008,58.06700015068054,0.06500005722045898
58.00200009346008,58.06700015068054,0.06500005722045898
58.00200009346008,58.01100015640259,0.009000062942504883
58.00200009346008,58.01100015640259,0.009000062942504883
58.00200009346008,58.06700015068054,0.06500005722045898
58.00200009346008,58.01100015640259,0.009000062942504883
58.00200009346008,58.01100015640259,0.009000062942504883
58.04900002479553,58.0770001411438,0.0280001163482666
58.051000118255615,58.0770001411438,0.026000022888183594
58.051000118255615,58.12400007247925,0.07299995422363281
58.05200004577637,58.12400007247925,0.07200002670288086
58.05200004577637,58.125,0.07299995422363281
58.05200004577637,58.12400007247925,0.07200002670288086
58.05200004577637,58.125,0.07299995422363281
58.05200004577637,58.0770001411438,0.02500009536743164
58.05299997329712,58.0770001411438,0.024000167846679688
58.05299997329712,58.12400007247925,0.0710000991821289
58.098999977111816,58.125,0.026000022888183594
58.10000014305115,58.12700009346008,0.026999950408935547
58.10199999809265,58.12700009346008,0.02500009536743164
58.10199999809265,58.12700009346008,0.02500009536743164
58.10199999809265,58.12700009346008,0.02500009536743164
58.10199999809265,58.12700009346008,0.02500009536743164
58.10199999809265,58.12400007247925,0.02200007438659668
58.10199999809265,58.12700009346008,0.02500009536743164
58.10199999809265,58.125,0.023000001907348633
58.10199999809265,58.12700009346008,0.02500009536743164
58.14800000190735,58.16700005531311,0.01900005340576172
58.1489999294281,58.16700005531311,0.018000125885009766
58.15000009536743,58.217000007629395,0.06699991226196289
58.15000009536743,58.16700005531311,0.01699995994567871
58.15000009536743,58.217000007629395,0.06699991226196289
58.15000009536743,58.16700005531311,0.01699995994567871
58.15000009536743,58.217000007629395,0.06699991226196289
58.15000009536743,58.16700005531311,0.01699995994567871
58.15000009536743,58.16700005531311,0.01699995994567871
58.151000022888184,58.16700005531311,0.016000032424926758
58.199000120162964,58.21799993515015,0.018999814987182617
58.20099997520447,58.23099994659424,0.029999971389770508
58.20099997520447,58.217000007629395,0.016000032424926758
58.20099997520447,58.23099994659424,0.029999971389770508
58.2020001411438,58.282999992370605,0.08099985122680664
58.2020001411438,58.23099994659424,0.028999805450439453
58.2020001411438,58.23099994659424,0.028999805450439453
58.2020001411438,58.28200006484985,0.07999992370605469
58.2020001411438,58.23099994659424,0.028999805450439453
58.2020001411438,58.217000007629395,0.014999866485595703
58.24900007247925,58.28500008583069,0.03600001335144043
58.25200009346008,58.28500008583069,0.03299999237060547
58.25200009346008,58.28500008583069,0.03299999237060547
58.25200009346008,58.28500008583069,0.03299999237060547
58.25200009346008,58.28500008583069,0.03299999237060547
58.25200009346008,58.282999992370605,0.03099989891052246
58.25200009346008,58.28500008583069,0.03299999237060547
58.25200009346008,58.28500008583069,0.03299999237060547
58.25200009346008,58.282999992370605,0.03099989891052246
58.25200009346008,58.28500008583069,0.03299999237060547
58.29800009727478,58.3199999332428,0.021999835968017578
58.301000118255615,58.3199999332428,0.018999814987182617
58.301000118255615,58.37100005149841,0.06999993324279785
58.301000118255615,58.371999979019165,0.0709998607635498
58.301000118255615,58.3199999332428,0.018999814987182617
58.301000118255615,58.371999979019165,0.0709998607635498
58.301000118255615,58.3199999332428,0.018999814987182617
58.301000118255615,58.3199999332428,0.018999814987182617
58.301000118255615,58.3199999332428,0.018999814987182617
58.30200004577637,58.3199999332428,0.017999887466430664
58.348999977111816,58.371999979019165,0.023000001907348633
58.35199999809265,58.42900013923645,0.07700014114379883
58.35199999809265,58.42799997329712,0.07599997520446777
58.35199999809265,58.371999979019165,0.019999980926513672
58.35199999809265,58.42900013923645,0.07700014114379883
58.35199999809265,58.371999979019165,0.019999980926513672
58.35199999809265,58.37100005149841,0.01900005340576172
58.35199999809265,58.371999979019165,0.019999980926513672
58.35199999809265,58.42900013923645,0.07700014114379883
58.3529999256134,58.42900013923645,0.07600021362304688
58.3989999294281,58.437000036239624,0.03800010681152344
58.40000009536743,58.4760000705719,0.07599997520446777
58.401000022888184,58.437000036239624,0.03600001335144043
58.401000022888184,58.437000036239624,0.03600001335144043
58.401000022888184,58.4760000705719,0.07500004768371582
58.401999950408936,58.437000036239624,0.03500008583068848
58.401999950408936,58.437000036239624,0.03500008583068848
58.401999950408936,58.437000036239624,0.03500008583068848
58.401999950408936,58.43499994277954,0.03299999237060547
58.401999950408936,58.437000036239624,0.03500008583068848
58.450000047683716,58.52800011634827,0.07800006866455078
58.4520001411438,58.4760000705719,0.023999929428100586
58.4520001411438,58.52800011634827,0.07599997520446777
58.4520001411438,58.4760000705719,0.023999929428100586
58.4520001411438,58.4760000705719,0.023999929428100586
58.4520001411438,58.4760000705719,0.023999929428100586
58.4520001411438,58.526999950408936,0.07499980926513672
58.4520001411438,58.526999950408936,0.07499980926513672
58.4520001411438,58.4760000705719,0.023999929428100586
58.4520001411438,58.4760000705719,0.023999929428100586
58.5,58.526999950408936,0.026999950408935547
58.50099992752075,58.56599998474121,0.06500005722045898
58.50099992752075,58.56599998474121,0.06500005722045898
58.50099992752075,58.526999950408936,0.026000022888183594
58.50099992752075,58.56700015068054,0.06600022315979004
58.50200009346008,58.52800011634827,0.026000022888183594
58.50200009346008,58.526999950408936,0.02499985694885254
58.50200009346008,58.526999950408936,0.02499985694885254
58.50200009346008,58.526999950408936,0.02499985694885254
58.50200009346008,58.56599998474121,0.06399989128112793
58.549999952316284,58.56599998474121,0.016000032424926758
58.549999952316284,58.61199998855591,0.06200003623962402
58.549999952316284,58.61199998855591,0.06200003623962402
58.549999952316284,58.56599998474121,0.016000032424926758
58.549999952316284,58.56599998474121,0.016000032424926758
58.549999952316284,58.56700015068054,0.017000198364257812
58.549999952316284,58.56599998474121,0.016000032424926758
58.549999952316284,58.56599998474121,0.016000032424926758
58.55299997329712,58.61199998855591,0.05900001525878906
58.55299997329712,58.56700015068054,0.014000177383422852
58.598000049591064,58.61199998855591,0.01399993896484375
58.60000014305115,58.63100004196167,0.03099989891052246
58.60000014305115,58.61199998855591,0.011999845504760742
58.60000014305115,58.682000160217285,0.0820000171661377
58.60000014305115,58.61199998855591,0.011999845504760742
58.60000014305115,58.63100004196167,0.03099989891052246
58.60000014305115,58.682000160217285,0.0820000171661377
58.60000014305115,58.63199996948242,0.031999826431274414
58.6010000705719,58.63100004196167,0.029999971389770508
58.605000019073486,58.63100004196167,0.026000022888183594
58.6489999294281,58.682000160217285,0.03300023078918457
58.651000022888184,58.72099995613098,0.06999993324279785
58.651000022888184,58.72099995613098,0.06999993324279785
58.651000022888184,58.682000160217285,0.031000137329101562
58.651999950408936,58.680999994277954,0.029000043869018555
58.651999950408936,58.72000002861023,0.06800007820129395
58.651999950408936,58.680999994277954,0.029000043869018555
58.651999950408936,58.72099995613098,0.0690000057220459
58.651999950408936,58.72000002861023,0.06800007820129395
58.65300011634827,58.72000002861023,0.06699991226196289
58.700000047683716,58.72200012207031,0.02200007438659668
58.700000047683716,58.72099995613098,0.020999908447265625
58.700000047683716,58.723000049591064,0.023000001907348633
58.700000047683716,58.72200012207031,0.02200007438659668
58.700000047683716,58.72200012207031,0.02200007438659668
58.700000047683716,58.72200012207031,0.02200007438659668
58.700000047683716,58.72099995613098,0.020999908447265625
58.700000047683716,58.72200012207031,0.02200007438659668
58.70300006866455,58.72000002861023,0.01699995994567871
58.70300006866455,58.72200012207031,0.01900005340576172
58.75,58.812000036239624,0.06200003623962402
58.75,58.76600003242493,0.016000032424926758
58.75,58.76600003242493,0.016000032424926758
58.75,58.76600003242493,0.016000032424926758
58.75,58.76600003242493,0.016000032424926758
58.75099992752075,58.76600003242493,0.015000104904174805
58.75099992752075,58.76600003242493,0.015000104904174805
58.75099992752075,58.76600003242493,0.015000104904174805
58.75200009346008,58.812000036239624,0.059999942779541016
58.753000020980835,58.812000036239624,0.05900001525878906
58.799999952316284,58.8289999961853,0.029000043869018555
58.799999952316284,58.875,0.07500004768371582
58.799999952316284,58.8289999961853,0.029000043869018555
58.799999952316284,58.8289999961853,0.029000043869018555
58.799999952316284,58.82800006866455,0.0280001163482666
58.799999952316284,58.8289999961853,0.029000043869018555
58.799999952316284,58.8289999961853,0.029000043869018555
58.80200004577637,58.8289999961853,0.026999950408935547
58.80200004577637,58.875,0.07299995422363281
58.80299997329712,58.8289999961853,0.026000022888183594
58.85000014305115,58.926000118255615,0.07599997520446777
58.85000014305115,58.875,0.02499985694885254
58.85000014305115,58.875,0.02499985694885254
58.85000014305115,58.875,0.02499985694885254
58.85000014305115,58.924999952316284,0.07499980926513672
58.85000014305115,58.924999952316284,0.07499980926513672
58.8510000705719,58.875,0.023999929428100586
58.85199999809265,58.875,0.023000001907348633
58.8529999256134,58.875,0.02200007438659668
58.8529999256134,58.875,0.02200007438659668
58.90000009536743,58.926000118255615,0.026000022888183594
58.90000009536743,58.96500015258789,0.06500005722045898
58.90000009536743,58.96500015258789,0.06500005722045898
58.90000009536743,58.96500015258789,0.06500005722045898
58.90000009536743,58.924999952316284,0.02499985694885254
58.901999950408936,58.924999952316284,0.023000001907348633
58.901999950408936,58.924999952316284,0.023000001907348633
58.901999950408936,58.924999952316284,0.023000001907348633
58.901999950408936,58.926000118255615,0.024000167846679688
58.901999950408936,58.96500015258789,0.06300020217895508
58.950000047683716,58.980000019073486,0.029999971389770508
58.950000047683716,58.96500015258789,0.015000104904174805
58.95099997520447,58.96500015258789,0.014000177383422852
58.9520001411438,58.98099994659424,0.028999805450439453
58.95300006866455,59.026999950408936,0.07399988174438477
58.95300006866455,58.98099994659424,0.0279998779296875
58.95300006866455,59.026999950408936,0.07399988174438477
58.95300006866455,59.026999950408936,0.07399988174438477
58.95300006866455,58.980000019073486,0.026999950408935547
58.95300006866455,59.026999950408936,0.07399988174438477
58.99900007247925,59.02800011634827,0.029000043869018555
59.0,59.02900004386902,0.029000043869018555
59.00099992752075,59.02900004386902,0.0280001163482666
59.00099992752075,59.02800011634827,0.02700018882751465
59.00200009346008,59.02900004386902,0.026999950408935547
59.00200009346008,59.02900004386902,0.026999950408935547
59.00200009346008,59.026999950408936,0.02499985694885254
59.00200009346008,59.02900004386902,0.026999950408935547
59.00200009346008,59.02800011634827,0.026000022888183594
59.003000020980835,59.02800011634827,0.02500009536743164
59.04800009727478,59.074000120162964,0.026000022888183594
59.049999952316284,59.07299995422363,0.023000001907348633
59.049999952316284,59.11899995803833,0.0690000057220459
59.049999952316284,59.07299995422363,0.023000001907348633
59.049999952316284,59.07299995422363,0.023000001907348633
59.049999952316284,59.07299995422363,0.023000001907348633
59.051000118255615,59.074000120162964,0.023000001907348633
59.051000118255615,59.074000120162964,0.023000001907348633
59.05200004577637,59.11899995803833,0.06699991226196289
59.05200004577637,59.11899995803833,0.06699991226196289
59.098999977111816,59.16300010681152,0.06400012969970703
59.1010000705719,59.16300010681152,0.06200003623962402
59.1010000705719,59.11899995803833,0.017999887466430664
59.1010000705719,59.11899995803833,0.017999887466430664
59.1010000705719,59.11899995803833,0.017999887466430664
59.10199999809265,59.16199994087219,0.059999942779541016
59.10199999809265,59.11899995803833,0.01699995994567871
59.10199999809265,59.11899995803833,0.01699995994567871
59.10199999809265,59.16300010681152,0.06100010871887207
59.10199999809265,59.11899995803833,0.01699995994567871
59.1470000743866,59.16300010681152,0.016000032424926758
59.151000022888184,59.20900011062622,0.05800008773803711
59.151000022888184,59.17700004577637,0.026000022888183594
59.151000022888184,59.16199994087219,0.010999917984008789
59.151000022888184,59.20900011062622,0.05800008773803711
59.151000022888184,59.20900011062622,0.05800008773803711
59.151000022888184,59.20900011062622,0.05800008773803711
59.151000022888184,59.20900011062622,0.05800008773803711
59.151000022888184,59.20900011062622,0.05800008773803711
59.151000022888184,59.176000118255615,0.02500009536743164
59.200000047683716,59.269999980926514,0.06999993324279785
59.20099997520447,59.223000049591064,0.02200007438659668
59.20099997520447,59.271000146865845,0.07000017166137695
59.20099997520447,59.271000146865845,0.07000017166137695
59.20099997520447,59.223000049591064,0.02200007438659668
59.20099997520447,59.22200012207031,0.021000146865844727
59.2020001411438,59.271000146865845,0.0690000057220459
59.2020001411438,59.223000049591064,0.020999908447265625
59.2020001411438,59.269999980926514,0.06799983978271484
59.2020001411438,59.223000049591064,0.020999908447265625
59.25,59.27300000190735,0.023000001907348633
59.25,59.27300000190735,0.023000001907348633
59.25,59.27300000190735,0.023000001907348633
59.25,59.27300000190735,0.023000001907348633
59.25,59.27300000190735,0.023000001907348633
59.25,59.27300000190735,0.023000001907348633
59.25200009346008,59.31400012969971,0.06200003623962402
59.25200009346008,59.27300000190735,0.020999908447265625
59.25200009346008,59.271000146865845,0.01900005340576172
59.25200009346008,59.269999980926514,0.017999887466430664
59.299999952316284,59.31400012969971,0.014000177383422852
59.299999952316284,59.365999937057495,0.06599998474121094
59.299999952316284,59.31400012969971,0.014000177383422852
59.299999952316284,59.31400012969971,0.014000177383422852
59.299999952316284,59.31400012969971,0.014000177383422852
59.299999952316284,59.365999937057495,0.06599998474121094
59.299999952316284,59.31400012969971,0.014000177383422852
59.301000118255615,59.365999937057495,0.06499981880187988
59.301000118255615,59.36500000953674,0.06399989128112793
59.301000118255615,59.365999937057495,0.06499981880187988
59.35000014305115,59.41199994087219,0.06199979782104492
59.35000014305115,59.41199994087219,0.06199979782104492
59.3510000705719,59.41100001335144,0.059999942779541016
59.3510000705719,59.36500000953674,0.01399993896484375
59.3510000705719,59.41100001335144,0.059999942779541016
59.3510000705719,59.41100001335144,0.059999942779541016
59.3510000705719,59.37400007247925,0.023000001907348633
59.3510000705719,59.37400007247925,0.023000001907348633
59.3510000705719,59.37400007247925,0.023000001907348633
59.35199999809265,59.41199994087219,0.059999942779541016
59.3989999294281,59.42199993133545,0.023000001907348633
59.401999950408936,59.467000007629395,0.06500005722045898
59.401999950408936,59.46600008010864,0.06400012969970703
59.401999950408936,59.46600008010864,0.06400012969970703
59.401999950408936,59.42199993133545,0.019999980926513672
59.401999950408936,59.42199993133545,0.019999980926513672
59.401999950408936,59.4210000038147,0.01900005340576172
59.401999950408936,59.4210000038147,0.01900005340576172
59.401999950408936,59.4210000038147,0.01900005340576172
59.40300011634827,59.4210000038147,0.017999887466430664
59.450000047683716,59.51800012588501,0.06800007820129395
59.450000047683716,59.51800012588501,0.06800007820129395
59.450000047683716,59.51800012588501,0.06800007820129395
59.450000047683716,59.467000007629395,0.01699995994567871
59.450000047683716,59.51800012588501,0.06800007820129395
59.450000047683716,59.46600008010864,0.016000032424926758
59.450000047683716,59.51800012588501,0.06800007820129395
59.450000047683716,59.46600008010864,0.016000032424926758
59.45300006866455,59.51800012588501,0.06500005722045898
59.45300006866455,59.46600008010864,0.013000011444091797
59.498000144958496,59.519999980926514,0.021999835968017578
59.5,59.519999980926514,0.019999980926513672
59.5,59.51800012588501,0.018000125885009766
59.5,59.519999980926514,0.019999980926513672
59.50099992752075,59.56500005722046,0.06400012969970703
59.50200009346008,59.519999980926514,0.017999887466430664
59.50200009346008,59.56599998474121,0.06399989128112793
59.50200009346008,59.56500005722046,0.06299996376037598
59.50200009346008,59.56500005722046,0.06299996376037598
59.50200009346008,59.56599998474121,0.06399989128112793
59.54900002479553,59.57599997520447,0.026999950408935547
59.551000118255615,59.580000162124634,0.029000043869018555
59.551000118255615,59.580000162124634,0.029000043869018555
59.551000118255615,59.5789999961853,0.0279998779296875
59.551000118255615,59.580000162124634,0.029000043869018555
59.551000118255615,59.5789999961853,0.0279998779296875
59.551000118255615,59.57599997520447,0.02499985694885254
59.551000118255615,59.5789999961853,0.0279998779296875
59.55200004577637,59.5789999961853,0.026999950408935547
59.55200004577637,59.57599997520447,0.023999929428100586
59.60000014305115,59.66499996185303,0.06499981880187988
59.60000014305115,59.62100005149841,0.020999908447265625
59.60000014305115,59.62100005149841,0.020999908447265625
59.6010000705719,59.66499996185303,0.06399989128112793
59.6010000705719,59.62100005149841,0.019999980926513672
59.6010000705719,59.62100005149841,0.019999980926513672
59.6010000705719,59.62100005149841,0.019999980926513672
59.6010000705719,59.66499996185303,0.06399989128112793
59.60199999809265,59.62100005149841,0.01900005340576172
59.60199999809265,59.62100005149841,0.01900005340576172
59.65000009536743,59.72200012207031,0.07200002670288086
59.65000009536743,59.66499996185303,0.014999866485595703
59.65000009536743,59.72200012207031,0.07200002670288086
59.651000022888184,59.72200012207031,0.0710000991821289
59.651000022888184,59.66499996185303,0.01399993896484375
59.651000022888184,59.66499996185303,0.01399993896484375
59.651000022888184,59.72200012207031,0.0710000991821289
59.651000022888184,59.66499996185303,0.01399993896484375
59.651000022888184,59.72200012207031,0.0710000991821289
59.65300011634827,59.72200012207031,0.0690000057220459
59.700000047683716,59.73200011253357,0.032000064849853516
59.70099997520447,59.72200012207031,0.021000146865844727
59.70099997520447,59.73099994659424,0.029999971389770508
59.70099997520447,59.73099994659424,0.029999971389770508
59.70099997520447,59.7739999294281,0.07299995422363281
59.70099997520447,59.73099994659424,0.029999971389770508
59.70099997520447,59.73099994659424,0.029999971389770508
59.7020001411438,59.72200012207031,0.019999980926513672
59.7020001411438,59.73200011253357,0.029999971389770508
59.7020001411438,59.73200011253357,0.029999971389770508
59.748000144958496,59.7739999294281,0.025999784469604492
59.75,59.819000005722046,0.0690000057220459
59.75,59.819000005722046,0.0690000057220459
59.75,59.7739999294281,0.023999929428100586
59.75,59.819000005722046,0.0690000057220459
59.75,59.7739999294281,0.023999929428100586
59.75099992752075,59.7739999294281,0.023000001907348633
59.75099992752075,59.819000005722046,0.06800007820129395
59.75099992752075,59.819000005722046,0.06800007820129395
59.75200009346008,59.819000005722046,0.06699991226196289
59.799999952316284,59.82100009918213,0.021000146865844727
59.799999952316284,59.82200002670288,0.02200007438659668
59.801000118255615,59.82100009918213,0.019999980926513672
59.801000118255615,59.819000005722046,0.017999887466430664
59.801000118255615,59.82200002670288,0.020999908447265625
59.80200004577637,59.86500000953674,0.06299996376037598
59.80200004577637,59.819000005722046,0.01699995994567871
59.80200004577637,59.82200002670288,0.019999980926513672
59.80200004577637,59.82100009918213,0.01900005340576172
59.80200004577637,59.82200002670288,0.019999980926513672
59.85000014305115,59.86500000953674,0.014999866485595703
59.8510000705719,59.86500000953674,0.01399993896484375
59.8510000705719,59.9210000038147,0.06999993324279785
59.8510000705719,59.920000076293945,0.0690000057220459
59.8510000705719,59.920000076293945,0.0690000057220459
59.8510000705719,59.86500000953674,0.01399993896484375
59.85199999809265,59.86500000953674,0.013000011444091797
59.85199999809265,59.86500000953674,0.013000011444091797
59.85199999809265,59.920000076293945,0.06800007820129395
59.85199999809265,59.86500000953674,0.013000011444091797
59.8989999294281,59.97099995613098,0.07200002670288086
59.901000022888184,59.97099995613098,0.06999993324279785
59.901000022888184,59.9300000667572,0.029000043869018555
59.901000022888184,59.97099995613098,0.06999993324279785
59.901000022888184,59.9300000667572,0.029000043869018555
59.90300011634827,59.9300000667572,0.026999950408935547
59.90300011634827,59.97099995613098,0.06799983978271484
59.90300011634827,59.9300000667572,0.026999950408935547
59.90300011634827,59.9300000667572,0.026999950408935547
59.90300011634827,59.9300000667572,0.026999950408935547
59.949000120162964,60.00999999046326,0.06099987030029297
59.950000047683716,60.00999999046326,0.059999942779541016
59.950000047683716,59.97099995613098,0.020999908447265625
59.9520001411438,60.00999999046326,0.05799984931945801
59.9520001411438,60.01100015640259,0.05900001525878906
59.9520001411438,60.00999999046326,0.05799984931945801
59.9520001411438,59.97099995613098,0.018999814987182617
59.9520001411438,59.97099995613098,0.018999814987182617
59.9520001411438,60.01100015640259,0.05900001525878906
59.9520001411438,59.97099995613098,0.018999814987182617
59.99900007247925,60.015000104904175,0.016000032424926758
60.0,60.06599998474121,0.06599998474121094
60.0,60.015000104904175,0.015000104904174805
60.0,60.015000104904175,0.015000104904174805
60.0,60.01100015640259,0.01100015640258789
60.00099992752075,60.015000104904175,0.014000177383422852
60.00200009346008,60.015000104904175,0.013000011444091797
60.00200009346008,60.06599998474121,0.06399989128112793
60.00200009346008,60.015000104904175,0.013000011444091797
60.00200009346008,60.015000104904175,0.013000011444091797
60.049999952316284,60.06599998474121,0.016000032424926758
60.051000118255615,60.06599998474121,0.014999866485595703
60.051000118255615,60.06599998474121,0.014999866485595703
60.051000118255615,60.07800006866455,0.026999950408935547
60.051000118255615,60.07800006866455,0.026999950408935547
60.051000118255615,60.0770001411438,0.026000022888183594
60.051000118255615,60.07800006866455,0.026999950408935547
